pkey,Dana Class,folder,Sample Name,Owner/Source,Temperature (K)
11101701,Anhydrous Phosphates, Arsenates, and Vanadates containing Hydroxyl or Halogen,Phosphate,Althausite DD113,Dyar, Darby,295
04061402,Anhydrous Sulfates Containing Hydroxyl or Halogen,Sulfate,Tochilinite TOC 101,Dyar, Darby,270
11032103,Simple Oxides,Oxide,Magnetite V.2,Nyiro-Kosa, Ilona,250
04072809,Native Elements and Alloys,Metal,Fe foil  4 mm-s,n/a,110
jhr23b,Sheets of Six-Membered Rings,Chlorite,Harper R23b 5mil 1-19-91,Harper, Greg,295
06101404,Anhydrous Sulfates Containing Hydroxyl or Halogen,Alunite,Natrojarosite NAJ10-1 UC Davis,Bishop, Janice,295
09030801,Sheets of Six-Membered Rings,Kaolinite-Serpentine,Antigorite Coleman 94-NZ-62,Evans, Bernard,295
07101101,N/A,Mixtures,Garnet standards mix (almandine and andradite),Dyar, Darby,295
irglas,Insular SiO4 Groups Only,Glass,Br2dy Reduced Alum Glass 27mil 2-14-90,Brady, John,295
06083101,Sheets of Six-Membered Rings,Smectite,Smectite JB-179 SWY-1 <2mm,Bishop, Janice,295
10092001,N/A,Terrestrial Samples,Sandstone Moenkopi sample 4 PNF_1_8,Schoonen, Martin,295
13041003,Hydroxides and Oxides Containing Hydroxyl,Hydroxide,Schwertmannite VZO 119-120 Nagyborzsony, Hungary,Bishop, Janice,80
11111101,Anhydrous Normal Phosphates, Arsenates, and Vanadates,Phosphate,Varulite DD321,Dyar, Darby,295
20040501,Sheets of Six-Membered Rings,Talc,Gunter Talc #10, CHI_Liaoning_Yingkow_83, Univ. of Idaho,Gunter, Mickey,295
10091002,N/A,Biogeochemical Mineralogical By-Products,Roane 8-19-10 mounted dry,Holden, Jim,19
02051201,Al-Si Frameworks,Feldspar,Anorthite Fe2+ ,Housely, Robert,80
12052103,Hydroxides and Oxides Containing Hydroxyl,Hydroxide,Schwertmannite, synthetic JB-131 <125mm,Bishop, Janice,130
psp52s,Multiple Oxides,Multiple Oxide,Spinel Peridotite Ki-5-52 Spinel 19mil 8-14-92,McGuire, Anne,295
03112202,Simple Oxides,Oxide,Ferrihydrite JB-564 Czech 5005-1,Bishop, Janice,25
04112501,Insular SiO4 Groups Only,Olivine,Olivine, synthetic Fo50,Menzies, Olywn,295
s2exme,Sheets of Six-Membered Rings,Mica,Earley Biotite Me 5mil 9-22-93,Earley, Drummond,295
r2218f,Sheets of Six-Membered Rings,Mica,Guidotti Muscovite 12-8-19-59 zone gr. 155mil 5-19-93,Guidotti, Charles,295
12070101,N/A,Biogeochemical Mineralogical By-Products,Sully_3 inoculated + incubated at 92C until stationary phase  ,Holden, Jim,24
11011101,N/A,Glass,Glass, synthetic Gardner 927,Gardner, Jim,295
07043001,Single-Width Unbranched Chains W=1,Pyroxene,Pyroxene, synthetic En17Fs83C 024,Lindsley, Donald,60
11032902,Simple Oxides,Oxide,Maghemite VI.2 100nm,Nyiro-Kosa, Ilona,295
13093001,Unbranched Chains with W>2,Smectite,Saponite, shocked 20.6 GPa,Michalski, Joe,295
03072101,Simple Oxides,Oxide,Ferrihydrite 96214 Smedley's Iron Mine ,Dyar, Darby,235
05100401,Anhydrous Sulfates Containing Hydroxyl or Halogen,Sulfate,Romerite SPT 110 dry,Cloutis, Edward,175
11063004,N/A,Industrial Samples,Coal Fly Ash Sample M Fe6+,Fan, Mahoung,80
16010702,N/A,Biogeochemical Mineralogical By-Products,Sully Dry Ferrihydrite FH C FROZEN,Holden, Jim,150
19050603,N/A,Terrestrial Samples,Maine,Dyar, Darby,295
07121908,Single-Width Unbranched Chains W=1,Pyroxene,Pyroxene, synthetic En50Fs50 SynPx004,Lindsley, Donald,45
13072901,N/A,Glass,Glass, synthetic AND-1 QFM,McCanta, Molly,295
07111302,Single-Width Unbranched Chains W=1,Pyroxene,Pyroxene, synthetic En90 Fs10GDL-CMP-065,Lindsley, Donald,250
g8ol,Insular SiO4 Groups Only,Olivine,S. Africa Gt. perid. Olivine (Jagerstontein Mine,) Kb-12-8 1mil 7-5-89,McGuire, Anne,295
07101402,N/A,Mixtures,Garnet standards mix (almandine and andradite),Dyar, Darby,60
04021201,Six-Membered Rings,Tourmaline,Tourmaline KT-8,Oyman, Tolga,295
15090401,N/A,Biogeochemical Mineralogical By-Products,Islandicum 8-15 Dry Ferrihydrite FH Initial Control,Holden, Jim,6
04111702,Insular SiO4 Groups Only,Olivine,Olivine, synthetic Fo70,Menzies, Olywn,30
20100901,N/A,Terrestrial Samples,AX17 Bioreduced Fh Heat no Cells (2A),Elizabeth Sklute,295
07112105,Single-Width Unbranched Chains W=1,Pyroxene,Pyroxene, synthetic Wo10En72Fs18 018,Lindsley, Donald,250
12013001,N/A,Industrial Samples,Coal fly ash B1 Fe6+,Fan, Maohoung,295
07031801,Hydrated Phosphates, Arsenates, and Vanadates containing Hydroxyl or Halogen,Phosphate,Ferro-strunzite P15 Blaton Hainaut Belgium,Dyar, Darby,295
07032303,Sheets of Six-Membered Rings,Mica,Annite Cape Ann,Burns, Roger,80
18050701,N/A,Biogeochemical Mineralogical By-Products,P. islandicum Ferrihydrite heat-no cells anoxically dried ,Kashyap, Srishti,220
06040501,Double-Width Unbranched Chains W=2,Amphibole,Amphibole Pm-1 Potrillo,King, Penny,295
12051502,N/A,Industrial Samples,Coal, raw + 3% Fe,Fan, Mahoung,295
16022101,N/A,Biogeochemical Mineralogical By-Products,Sully Su06 Dry Ferrihydrite FH B 2-12-16 ,Holden, Jim,6
18012601,N/A,Biogeochemical Mineralogical By-Products,P. islandicum Akaganeite heat-no cells anoxically dried,Kashyap, Srishti,4
00103001,Double-Width Unbranched Chains W=2,Amphibole,Amphibole 93728,Evans, Bernard,295
17031001,Insular SiO4 Groups Only,Olivine,Montticellite NMNH 13639, Italy, whole sample not pure but maybe only one Fe bearing phase,Dyar, Darby,18
qrab64,Sheets of Six-Membered Rings,Mica,Guidotti Muscovite Ra-b42-66 1mil 9-21-92,Guidotti, Charles,295
02030801,Single-Width Unbranched Chains W=1,Pyroxene,Orthopyroxene Bushveld B25,Tegnar, Christian,295
10121103,Hydroxides and Oxides Containing Hydroxyl,Hydroxide,Akaganeite, nanophase 1GOE 07-2010 ,Bosch, Julian,275
gbazhb,Double-Width Unbranched Chains W=2,Amphibole,Dish Hill HBL Z 13mil 9-8-89,Dyar, Darby,295
07060905,Single-Width Unbranched Chains W=1,Pyroxene,Pyroxene, synthetic Wo40En15Fs45 070,Lindsley, Donald,150
13062602,Sheets of Six-Membered Rings,Kaolinite-Serpentine,Serpentine PHL_PB_2_RED A. URI,Stander, Amy,295
18032201,N/A,Terrestrial Samples,Dolerite PRR-26160 surface,Salvatore, Mark,295
02112201,Sheets of Six-Membered Rings,Kaolinite-Serpentine,Antigorite JA-561,Bishop, Janice,295
12032901,N/A,Glass,Glass, synthetic Fayalite-Ar,Lazareva, Lena,130
02061201,Anhydrous Sulfates Containing Hydroxyl or Halogen,Sulfate,Hydronium Jarosite SPT 120,Cloutis, Edward,295
04082702,Insular SiO4 Groups Only,Olivine,Olivine, synthetic Fo40,Lindsley, Donald,75
10083001,Hydroxides and Oxides Containing Hydroxyl,Hydroxide,Goethite, nanophase C1 07-20-10 m.08-23-10,Tosca, Nick,76
03040601,Al-Si Frameworks,Feldspar,Feldspar Bushveld B22,Tegnar, Christian,295
12092101,Multiple Oxides,Multiple Oxide,Spinel CrSp1_1,Cheek, Leah,295
11032606,Simple Oxides,Oxide,Maghemite VI.2 100nm,Nyiro-Kosa, Ilona,45
edst10,Insular SiO4 Groups and O, OH, F, and H2O,Staurolite,Dutrow Staurolite FeLi-77-40 2mil 10-8-88,Dutrow, Barbara,295
21022001,N/A,Terrestrial Samples,AX17 grown on Lepidocrocite 2 heat - no cells,Elizabeth Sklute,150
20022701,N/A,Terrestrial Samples,ES27 Blood Falls Sediment supernatant,Mikucki, Jill,4
07030601,Anhydrous Sulfates Containing Hydroxyl or Halogen,Alunite,Jarosite, synthetic EPMAL2 21 days,Tosca, Nick,295
04042202,Anhydrous Sulfates Containing Hydroxyl or Halogen,Sulfate,Romerite SPT 122,Cloutis, Edward,75
18041001,N/A,Terrestrial Samples,Lake Towuti sediment RS0099 Brown University,Sheppard, Rachel,4
09051001,Simple Oxides,Oxide,Wustite, synthetic D intermediate very slightly magnetic,Lindsley, Donald,125
11032201,Simple Oxides,Oxide,Magnetite V.2,Nyiro-Kosa, Ilona,295
09021101,Sheets of Six-Membered Rings,Kaolinite-Serpentine,Antigorite Uehara A1,Evans, Bernard,295
15102201,N/A,Terrestrial Samples,Ocean sediment 346 1429 17H2 8-10 cm BU,Anderson, Chloe,295
07032804,Single-Width Unbranched Chains W=1,Pyroxene,Pyroxene, synthetic Wo8En46Fs46 013,Lindsley, Donald,275
lfr12h,Double-Width Unbranched Chains W=2,Amphibole,Wilshire Hornblende FR-12 8mil 9-23-91,Wilshire, Howard,295
18061702,N/A,Biogeochemical Mineralogical By-Products,Ice Mamba M1-2 Blood Falls culture, dead cell control, ferrihydrite, anoxically dried ,Mickuchi, Jill,150
04042201,Anhydrous Sulfates Containing Hydroxyl or Halogen,Sulfate,Romerite SPT 121,Cloutis, Edward,60
10111606,N/A,Biogeochemical Mineralogical By-Products,Islandicum inoculated 11-08-2010,Holden, Jim,100
11071101,N/A,Biogeochemical Mineralogical By-Products,Roane July 2011, inoculated + incubated 92C 100h,Holden, Jim,4
07052701,Single-Width Unbranched Chains W=1,Pyroxene,Pyroxene, synthetic Wo20En64Fs16 017,Lindsley, Donald,275
04072808,Native Elements and Alloys,Metal,Fe foil  4 mm-s,n/a,95
10120501,N/A,Terrestrial Samples,Basalt, altered HYD-6 Atacama Desert ,Greenberger, Rebecca,295
09050701,Simple Oxides,Oxide,Wustite, synthetic D intermediate very slightly magnetic,Lindsley, Donald,275
05020901,N/A,Fulgurite,Fulgurite Sugarland TX country rock,Sheffer, Abigail,295
r2160b,N/A,Terrestrial Samples,Zhou T160B Biotite+Magnetite 50mil 5-2-93,Zhou, Fuxing,295
l1d64c,Sheets of Six-Membered Rings,Chlorite,Guidotti Chlorite Zone 1 Ra-d64-66 12mil 10-11-91,Guidotti, Charles,295
05110804,Insular SiO4 Groups Only,Olivine,Olivine, synthetic Fo50,Lindsley, Donald,75
07070402,Sheets of Six-Membered Rings,Pyrophyllite-Talc,Talc FTA-4-R1 J.C.C. 3-24-06,Jenkins, David,295
10120601,N/A,Terrestrial Samples,Basalt, altered HYD-11 Atacama Desert ,Greenberger, Rebecca,295
10091404,N/A,Biogeochemical Mineralogical By-Products,Hyperthermus butylicus log growth 8-19-10 mounted dry,Holden, Jim,13
10081201,N/A,Mixtures,Forsterite -- Magnesite 10:90 mix JB-958,Bishop, Janice,295
11030904,Simple Oxides,Oxide,Magnetite III.1 70nm,Nyiro-Kosa, Ilona,18
07122904,Single-Width Unbranched Chains W=1,Pyroxene,Pyroxene, synthetic Wo30En28Fs42 068,Lindsley, Donald,250
12021305,Hydroxides and Oxides Containing Hydroxyl,Hydroxide,Goethite HMM 119377 Florissant Co., CO,Dyar, Darby,80
06111604,Insular SiO4 Groups Only,Olivine,Olivine Fo70 new,Dyar, Darby,295
05111803,Insular SiO4 Groups Only,Olivine,Olivine, synthetic Fo80 Podpara,Lindsley, Donald,150
11033103,Simple Oxides,Oxide,MaghemiteVI.4 12nm,Nyiro-Kosa, Ilona,125
06083001,Sheets of Six-Membered Rings,Smectite,Smectite JB-170 SWA-1 <2mm,Bishop, Janice,295
06070701,Insular SiO4 Groups Only,Garnet,Garnets Grossular AH-UN,Dyar, Darby,295
11031403,Simple Oxides,Oxide,Magnetite V.1 62nm,Nyiro-Kosa, Ilona,80
07090501,Double-Width Unbranched Chains W=2,Amphibole,Amphibole 84-BR,Dyar, Darby,250
06081802,Double-Width Unbranched Chains W=2,Amphibole,Amphibole Libby, MT 105991,Gunter, Mickey,295
06072206,Anhydrous Sulfates Containing Hydroxyl or Halogen,Alunite,Jarosite, synthetic T6 Na Fe0.75Al2.25,Tosca, Nick,295
rcap27,Sheets of Six-Membered Rings,Mica,Copeland AP271 Muscovite 113mil 3-20-93,Copeland, Peter,295
07041706,Single-Width Unbranched Chains W=1,Pyroxene,Pyroxene, synthetic En8Fs92A 021A,Lindsley, Donald,60
11030301,Simple Oxides,Oxide,Magnetite I.1 12nm,Nyiro-Kosa, Ilona,100
10080901,N/A,Biogeochemical Mineralogical By-Products,Islandicum grown 6-18-10 dried anaerobically 7-15-10,Holden, Jim,80
15081503,N/A,Biogeochemical Mineralogical By-Products,Sully 7-15 Wet Ferrihydrite FH Control Final ,Holden, Jim,150
14021701,Unbranched Chains with W>2,Smectite,Saponite, shocked 29.4 GPa (SapCa-2),Michalski, Joe,295
06120701,Sheets of Six-Membered Rings,Chlorite,Chlorite, clinochlore West Chester PA,Dyar, Darby,60
16021504,N/A,Biogeochemical Mineralogical By-Products,Sully Su06 Dry Ferrihydrite FH 0B 2-12-16 ,Holden, Jim,220
10120703,Hydroxides and Oxides Containing Hydroxyl,Hydroxide,Akaganeite, nanophase 1GOE 07-2010 ,Bosch, Julian,18
04061101,Anhydrous Sulfates Containing Hydroxyl or Halogen,Sulfate,Tochilinite TOC 101,Dyar, Darby,45
06071702,Double-Width Unbranched Chains W=2,Amphibole,Amphibole Soda Springs #1 ,King, Penny,295
dscopx,Single-Width Unbranched Chains W=1,Pyroxene,San Carlos, CA OPX Sc-1-1 7-31-88,McGuire, Anne,295
11092601,N/A,Terrestrial Samples,Sandstone PNF-9-6 (9) altered,Schoonen, Martin,295
11030903,Simple Oxides,Oxide,Magnetite III.1 70nm,Nyiro-Kosa, Ilona,24
07090902,Double-Width Unbranched Chains W=2,Amphibole,Amphibole 84-BR,Dyar, Darby,24
10090902,N/A,Biogeochemical Mineralogical By-Products,Roane 8-19-10 mounted dry,Holden, Jim,57
18041701,N/A,Biogeochemical Mineralogical By-Products,P. delaneyi Ferrihydrite heat-no cells anoxically dried ,Kashyap, Srishti,220
uclino,Sheets of Six-Membered Rings,Chlorite,Clinochlore Chlorite 50.24 5mil 8-12-94,Dyar, Darby,295
02021201,Al-Si Frameworks,Feldspar,Anorthite Fe2+ ,Housely, Robert,250
04071302,Double-Width Unbranched Chains W=2,Amphibole,Hastingsite #2,Lupulesku, M.,295
08052801,Si2O7 with Additional O, H, F and H2O,Axinite,Axinite IZ-228,Oyman, Tolga,295
15081703,N/A,Biogeochemical Mineralogical By-Products,Sully 7-15 Dry Ferrihydrite FH Final A ,Holden, Jim,295
15081101,N/A,Biogeochemical Mineralogical By-Products,Sully 7-15 Wet Ferrihydrite FH Final A ,Holden, Jim,220
12042902,Hydroxides and Oxides Containing Hydroxyl,Hydroxide,Goethite 125086 "limonite" Red River, Louisiana,Dyar, Darby,200
10072901,N/A,Glass,Glass, synthetic Red,Gillis-Davis, Jeff,295
17012901,N/A,Terrestrial Samples,Palagonite tuff PB 13-05B,Farrand, Bill,4
07041107,Single-Width Unbranched Chains W=1,Pyroxene,Pyroxene, synthetic Wo10En36Fs54 011,Lindsley, Donald,250
12032802,N/A,Glass,Glass, synthetic Fayalite-Ar,Lazareva, Lena,4
11082601,Hydrated Phosphates, Arsenates, and Vanadates containing Hydroxyl or Halogen,Phosphate,Arsenocrandallite DD150,Dyar, Darby,295
13071101,Sheets of Six-Membered Rings,Kaolinite-Serpentine,Serpentine McL_M81-313_210_B22_A3, A. URI,Stander, Amy,295
07040401,Single-Width Unbranched Chains W=1,Pyroxene,Pyroxene, synthetic Wo5En66.5Fs28.5 015,Lindsley, Donald,30
16120701,Single-Width Unbranched Chains W=1,Pyroxene,Enstatite NMNH 144440B, Austria, Styria,Dyar, Darby,295
04040603,Anhydrous Sulfates Containing Hydroxyl or Halogen,Sulfate,Melanterite SPT 130,Cloutis, Edward,295
11090301,Anhydrous Phosphates, Arsenates, and Vanadates containing Hydroxyl or Halogen,Phosphate,Rockbridgeite R-2,Dyar, Darby,295
11021101,N/A,Terrestrial Samples,Sandstone PNF-4-4 (11) sulfite+sulfide 28d,Schoonen, Martin,295
nsp360,Insular SiO4 Groups Only,Olivine,Spinel Peridotite Olv. H30-63 28mil 6-6-92,McGuire, Anne,295
08071001,Anhydrous Sulfates Containing Hydroxyl or Halogen,Alunite,Jarosite, synthetic 0.6Na exch. 2-26-07 (T),Basciano, Laurel,295
dhbcpx,Single-Width Unbranched Chains W=1,Pyroxene,al Kishb, SA H30-B2 Clinopyroxene 7-21-88,McGuire, Anne,295
10082901,Hydroxides and Oxides Containing Hydroxyl,Hydroxide,Goethite, nanophase C1 07-20-10 m.08-23-10,Tosca, Nick,120
04032401,Simple Oxides,Oxide,Ferrihydrite, synthetic JB-409,Bishop, Janice,295
09021801,Sheets of Six-Membered Rings,Kaolinite-Serpentine,Antigorite Coleman L325 rinsed,Evans, Bernard,295
v2atl6,Sheets of Six-Membered Rings,Mica,Spike Muscovite ATL-62 63.78 5mil 3-4-95,Berry, Spike,295
07120104,Single-Width Unbranched Chains W=1,Pyroxene,Pyroxene, synthetic Wo20En56Fs24 019,Lindsley, Donald,8
11102501,N/A,Terrestrial Samples,Sandstone, Caspian Sea PNF 10-8, grey ss,Schoonen, Martin,295
06080506,Anhydrous Sulfates Containing Hydroxyl or Halogen,Alunite,Jarosite, synthetic T7,Tosca, Nick,295
07040102,Single-Width Unbranched Chains W=1,Pyroxene,Pyroxene, synthetic Wo5En66.5Fs28.5 015,Lindsley, Donald,225
15021302,Double-Width Unbranched Chains W=2,Amphibole,Ferro-pargasite amphibole HAST9-2,Jenkins, David,295
20103101,N/A,Terrestrial Samples,AX17 AK no heat no cells (3),Elizabeth Sklute,220
02061601,Anhydrous Sulfates Containing Hydroxyl or Halogen,Sulfate,Botryosen SPT 124,Cloutis, Edward,295
pr865a,Double-Width Unbranched Chains W=2,Amphibole,Cosca Sample MR865A Hornblende 14mil 8-1-92,Dyar, Darby,295
11110701,N/A,Terrestrial Samples,Sandstone PNF-9-5 (1) altered,Schoonen, Martin,295
jgbslh,Sheets of Six-Membered Rings,Mica,Guidotti Biotite SLH-2 21mil 10-16-90,Guidotti, Charles,295
12020701,Sheets of Six-Membered Rings,Smectite,Smectite SCB-TX-9 final separate,Harding, Sherie,295
02021501,Double-Width Unbranched Chains W=2,Amphibole,Holmquisite ,Law, Tony,295
14103001,Sheets of Six-Membered Rings,Modulated Phyllosilicates,Vermiculite Ore, Zonalite #4, Enoroe, SC. U.S. Dept of Interior ,Swayze, Gregg,295
18012305,N/A,Biogeochemical Mineralogical By-Products,P. delaneyi Lepidocrocite heat- no cells anoxically dried,Kashyap, Srishti,295
04090201,Insular SiO4 Groups Only,Olivine,Olivine, synthetic Fo20,Lindsley, Donald,195
ichvts,Sheets of Six-Membered Rings,Chlorite,Saccocia Chlorite Starting Material,VT 10mil 5-30-90,Saccocia, Peter,295
jgb595,Sheets of Six-Membered Rings,Mica,Guidotti Biotite 5-95-1 25mil 10-14-90,Guidotti, Charles,295
12041803,Simple Oxides,Oxide,Ferrihydrite JA-499 Iceland,Bishop, Janice,130
09122802,N/A,Biogeochemical Mineralogical By-Products,Islandicum grown on Fe Gel, dehydrate 1 11-17-09,Holden, Jim,275
11111702,Sheets of Six-Membered Rings,Chlorite,Chlorite Chlo-1,Glotch, Tim,295
05042201,N/A,Glass,Glass, space-weathered S625R,Noble, Sarah,295
07062002,Single-Width Unbranched Chains W=1,Pyroxene,Pyroxene, synthetic Wo50En40Fs10 033,Lindsley, Donald,30
08110401,Hydrated Acid and Sulfates,Sulfate,Szomolnokite Brendt Hyde Type,King, Penny,295
16060401,Simple Oxides,Oxide,Ferrihydrite, reacted FH-150-1-A,Dehouck, Eric,6
05120502,Insular SiO4 Groups Only,Olivine,Olivine, synthetic Fo40 Zhou,Lindsley, Donald,150
15032204,N/A,Biogeochemical Mineralogical By-Products,Sully March innoculation time point 0, series A no acetone,Holden, Jim,295
15081504,N/A,Biogeochemical Mineralogical By-Products,Sully 7-15 Wet Ferrihydrite FH Control Final ,Holden, Jim,220
07072301,Sheets of Six-Membered Rings,Pyrophyllite-Talc,Talc FTA-20-R4 J.C.C. 9-25-06,Jenkins, David,295
tcc50b,Sheets of Six-Membered Rings,Kaolinite-Serpentine,O'Hanley Chrysotile C50 Chrasb. 98mil 5-12-94,O'Hanley, David,295
11091503,N/A,Biogeochemical Mineralogical By-Products,Roane old sample inoculated + incubated at 92°C until stationary phase,Holden, Jim,130
ehs62t,Insular SiO4 Groups and O, OH, F, and H2O,Staurolite,Holdaway Staurolite 71-62T 1mil 10-15-88,Holdaway, Michael,295
07050108,Single-Width Unbranched Chains W=1,Pyroxene,Pyroxene, synthetic Wo10En22.5Fs67.5 053,Lindsley, Donald,80
11100403,N/A,Terrestrial Samples,Dolerite MS10_BV_12_ext Beacon Valley, Antarctica no acetone,Salvatore, Mark,295
nze88b,N/A,Terrestrial Samples,Zhou E88 Biotite + Olivine 11mil 4-23-92,Zhou, Fuxing,295
10101601,N/A,Terrestrial Samples,Sandstone Moenkopi sample 9 PNF_2_10,Schoonen, Martin,295
12080801,Multiple Oxides,Multiple Oxide,Spinel FeSp6_10g,Cheek, Leah,295
07111804,Single-Width Unbranched Chains W=1,Pyroxene,Pyroxene, synthetic Wo50En0Fs50 083,Lindsley, Donald,250
xuh061t,Six-Membered Rings,Tourmaline,Harvard Sample #44061 Tourmaline 42.43 14mil 9-27-94,Dyar, Darby,295
11031802,Simple Oxides,Oxide,Magnetite V.2,Nyiro-Kosa, Ilona,18
15070401,N/A,Biogeochemical Mineralogical By-Products,Islandicum KPO4 buffer control final,Holden, Jim,6
04081102,Insular SiO4 Groups Only,Olivine,Olivine, synthetic Fo60,Menzies, Olywn,120
07121301,Single-Width Unbranched Chains W=1,Pyroxene,Pyroxene, synthetic Wo40En24Fs36 071,Lindsley, Donald,275
21021401,N/A,Terrestrial Samples,AX17 grown on Lepidocrocite 1 heat + cells,Elizabeth Sklute,295
ba29366g,N/A,Terrestrial Samples,(STU) Heavies 2mil 12-6-87,Guidotti, Charles,295
06092001,Simple Oxides,Oxide,Ferrihydrite 4nm,Michel, F. Marc,295
um008d,Six-Membered Rings,Tourmaline,Tait Farm #32008 Dravite Tourmaline 49.86 3mil 9-20-94,Dyar, Darby,295
07112404,Single-Width Unbranched Chains W=1,Pyroxene,Pyroxene, synthetic Wo10En72Fs18 018,Lindsley, Donald,4
07041205,Single-Width Unbranched Chains W=1,Pyroxene,Pyroxene, synthetic Wo10En36Fs54 011,Lindsley, Donald,125
11100302,N/A,Terrestrial Samples,Dolerite MS10_BV_04_int Beacon Valley, Antarctica no acetone,Salvatore, Mark,295
h175_k,Al-Si Frameworks,Feldspar,Housely 175,Housely, Robert,175
02063001,Simple Oxides,Oxide,Hemo-ilmenite 1009,McEnroe, Suzanne,12
19072901,N/A,Terrestrial Samples,Blood falls sample ES25 air dried sediment mostly sample,Mikucki, Jill,220
06110602,Hydrated Acid and Sulfates,Sulfate,Voltaite 137958,Dyar, Darby,15
q1218f,Sheets of Six-Membered Rings,Mica,Guidotti Muscovite 12-8-19-59 zone gr 77mil 2-26-93,Guidotti, Charles,295
16042001,N/A,Glass,Glass, synthetic BLK-1,Cannon, Kevin,295
06121208,Sheets of Six-Membered Rings,Mica,Biotite mica-Fe CRPG Geostandard,Dyar, Darby,200
15112101,Hydroxides and Oxides Containing Hydroxyl,Hydroxide,Lepidocrocite, synthetic, nanophase LEP100615_2,Sklute, Elizabeth,7
15042202,Simple Oxides,Oxide,Ferrihydrite, synthetic air dried 2-3-15,Sklute, Elizabeth,220
04111302,Sheets of Six-Membered Rings,Mica,Biotite Michigan TY-5,Dyar, Darby,295
07042603,Insular SiO4 Groups Only,Olivine,Olivine, synthetic Fo89.5 New,Lindsley, Donald,12
07070601,Sheets of Six-Membered Rings,Pyrophyllite-Talc,Talc FTA-3-R1 J.C.C. 3-10-06,Jenkins, David,295
12022701,N/A,Biogeochemical Mineralogical By-Products,Roane-Sully 1, Fe gel media uninoculated + unincubated, prepared Dec 2011,Holden, Jim,295
16021702,N/A,Biogeochemical Mineralogical By-Products,Sully Su06 Dry Ferrihydrite FH C 2-12-16 ,Holden, Jim,295
15040402,N/A,Terrestrial Samples,Core U1425B 1-3-105 WHOI,Gosan, Liviu,250
17012601,N/A,Terrestrial Samples,Palagonite tuff SB125-01,Farrand, Bill,4
04030902,Insular SiO4 Groups Only,Olivine,Forsterite standard H131929,Dyar, Darby,265
11062002,N/A,Glass,Glass, synthetic DD K2296 1,,Dyar, Darby,295
06111301,Six-Membered Rings,Beryl,Beryl, blue #2,Groat, Lee,4
qg95mu,Sheets of Six-Membered Rings,Mica,Guidotti Muscovite SBG-95 Pure Muscovite 31mil 10-1-92,Guidotti, Charles,295
07121906,Single-Width Unbranched Chains W=1,Pyroxene,Pyroxene, synthetic En50Fs50 SynPx004,Lindsley, Donald,80
13070101,Sheets of Six-Membered Rings,Kaolinite-Serpentine,Serpentine CSWI 27-28 Shoe-A URI,Stander, Amy,295
19110302,N/A,weathered steel,OH 7701 993 #2,None,130
12051803,N/A,Industrial Samples,Coal fly ash 3% Fe coal devolatilized 800C,Fan, Maohong,4
07122306,Single-Width Unbranched Chains W=1,Pyroxene,Pyroxene, Synthetic Wo20Fs80 SynPx087 ,Lindsley, Donald,275
03121702,Hydroxides and Oxides Containing Hydroxyl,Hydroxide,Schwertmannite, natural JB-130,Bishop, Janice,165
10090903,N/A,Biogeochemical Mineralogical By-Products,Roane 8-19-10 mounted dry,Holden, Jim,44
tsp55l,Insular SiO4 Groups Only,Olivine,Spinel Peridotite Bi-5-5L Olivine 31mil 5-17-94,McGuire, Anne,295
07041603,Single-Width Unbranched Chains W=1,Pyroxene,Pyroxene, synthetic En8Fs92A 021A,Lindsley, Donald,295
05110801,Insular SiO4 Groups Only,Olivine,Olivine, synthetic Fo50,Lindsley, Donald,150
14082501,N/A,Glass,Glass, synthetic DAC-3 CO2,McCanta, Molly,295
11070402,N/A,Industrial Samples,Coal Fly Ash Sample T Fe6+,Fan, Mahoung,4
10060401,Anhydrous Carbonates,Carbonate,Magnesite JB-946e,Bishop, Janice,295
07112403,Single-Width Unbranched Chains W=1,Pyroxene,Pyroxene, synthetic Wo10En72Fs18 018,Lindsley, Donald,8
04041903,Anhydrous Sulfates Containing Hydroxyl or Halogen,Sulfate,Romerite SPT 114,Cloutis, Edward,12
sgmot1,Sheets of Six-Membered Rings,Mica,Guidotti Muscovite O-I-1 34mil 9-10-93,Guidotti, Charles,295
15060401,N/A,Meteorite,Meteorite Coolidge APL,Hibbitts, Karl,295
15060602,Simple Oxides,Oxide,Hematite MOD22_22 magnetic separates,McEnroe, Suzanne,50
08112401,Six-Membered Rings,Tourmaline,Tourmaline Zschorlau,Ertl, Andreas,295
11032306,Simple Oxides,Oxide,Maghemite VI.1 70nm,Nyiro-Kosa, Ilona,80
06070702,Insular SiO4 Groups Only,Garnet,Garnet, grossular 5183 BPM 27,Hofmeister, Anne,295
06092303,Hydroxides and Oxides Containing Hydroxyl,Hydroxide,Schwertmannite VZO 119-120 Nagyborzsony, Hungary,Bishop, Janice,295
08121502,Hydrated Sulfates Containing Hydroxyl or Halogen,Sulfate,Copiapite FAC-7 JB-842,Bishop, Janice,295
14102901,Six-Membered Rings,Tourmaline,Tourmaline, dravite 800 C 8h Tanzania,Taran, Michail,295
07061601,Single-Width Unbranched Chains W=1,Pyroxene,Pyroxene, synthetic Wo50En40Fs10 033,Lindsley, Donald,200
vrusmf,Six-Membered Rings,Tourmaline,Igneous Small Falls Pegmatite Tourmaline Ru-118-92 25.28 13mil 11-9-94,Dyar, Darby,295
12081001,Multiple Oxides,Multiple Oxide,Spinel FeSp6_12,Cheek, Leah,295
02121701,N/A,Terrestrial Samples,Acid Saline Lake KCB 7,Benison, Kathy,295
17042501,Single-Width Unbranched Chains W=1,Pyroxene,Orthopyroxene H366-86,Dyar, Darby,300
07092002,Simple Oxides,Oxide,Ferrihydrite JA-499 Iceland,Bishop, Janice,275
kst38l,Insular SiO4 Groups Only,Olivine,Mackwell Olivine 1400C 10^-3.8atm 4hrs 12mil 5-22-91,Mackwell, Steve,295
06072205,Anhydrous Sulfates Containing Hydroxyl or Halogen,Alunite,Jarosite, synthetic T4 KFe2.25Al0.25,Tosca, Nick,295
18042701,N/A,Biogeochemical Mineralogical By-Products,P. Islandicum Ferrihydrite no heat-no cells anoxically dried ,Kashyap, Srishti,295
19020801,N/A,Glass,McCanta Glass Ap17 IW-2 J060 repeat,McCanta, Molly,295
xpdlux1,Six-Membered Rings,Tourmaline,Igneous Tourmaline DLUX #1 Black Tourmaline 7mil 8-24-92,Dyar, Darby,295
08090101,Compound Halides,Halide,Creedite G71-2,Dyar, Darby,295
uki51f,Multiple Oxides,Multiple Oxide,Spinel Perid. Ki-5-16 Spinel 50.03 6mil 9-11-94,None,295
20010201,N/A,Terrestrial Samples,DLR Basalt 1848,Dyar, Darby,295
20030501,N/A,Terrestrial Samples,ES27 Blood Falls Sediment supernatant,Mikucki, Jill,220
04030601,Insular SiO4 Groups Only,Olivine,Forsterite standard H131929,Dyar, Darby,30
14021201,Sheets of Six-Membered Rings,Kaolinite-Serpentine,Serpentine, shocked 19.7 GPa 3650,Michalski, Joe,295
15032301,N/A,Biogeochemical Mineralogical By-Products,Sully March innoculation time point 4, series A no acetone,Holden, Jim,295
15112301,Hydroxides and Oxides Containing Hydroxyl,Hydroxide,Akaganeite, synthetic, nanophase AKAG102315,Sklute, Elizabeth,220
10102703,Simple Oxides,Oxide,Ferrihydrite, nanophase 1GOE 06-2008,Bosch, Julian,4
ilb549,Sheets of Six-Membered Rings,Mica,Lee-Guidotti Biotite 549 49mil 2-20-90,Guidotti, Charles,295
kzz9bi,Sheets of Six-Membered Rings,Mica,Zhou Z9 Biotite 7mil 6-25-91,Zhou, Fuxing,295
04062102,Anhydrous Sulfates Containing Hydroxyl or Halogen,Sulfate,Romerite SPT 110,Cloutis, Edward,45
08021501,Insular SiO4 Groups Only,Garnet,Garnet, pyrope Kb-12-9 garnet peridotite, Jagersfontein Mine, South Africa,Dyar, Darby,295
04092202,Insular SiO4 Groups Only,Olivine,Olivine, irradiated MSB 3,Bentley, Mark,295
19051001,N/A,Terrestrial Samples,MN Italy Trachyphonolite DLR Dyar-Rutherford,Dyar, Darby,295
03112801,Simple Oxides,Oxide,Ferrihydrite JB-564 Czech 5005-1,Bishop, Janice,90
05102703,Insular SiO4 Groups Only,Olivine,Olivine, synthetic Fo20 Zhou,Lindsley, Donald,60
05080802,Anhydrous Sulfates Containing Hydroxyl or Halogen,Alunite,Jarosite, synthetic 11B heated to 300C,Tosca, Nick,295
dakm2,Double-Width Unbranched Chains W=2,Amphibole,Hornblende AK-M2 H271 7-16-88,Dyar, Darby,295
14122201,N/A,Glass,Glass, synthetic DAC-2 CO2,McCanta, Molly,295
18080201,Multiple Oxides,Multiple Oxide,Spinel Tanduru Tanzania GA809,Pike, Aaron,295
06072308,Anhydrous Sulfates Containing Hydroxyl or Halogen,Alunite,Jarosite, synthetic T11 (K1Na0H3O0)(Fe2Al),Tosca, Nick,295
07082701,N/A,Glass,Glass, synthetic NNO-3_7 Basalt,Dufresne, Celeste,295
11030401,Simple Oxides,Oxide,Magnetite I.1 12nm,Nyiro-Kosa, Ilona,225
w4sp7a,Multiple Oxides,Multiple Oxide,Peridotite Ep-3-7A Spinel 96.03 15mil 6-22-95,McGuire, Anne,295
19080505,Anhydrous Sulfates Containing Hydroxyl or Halogen,Jarosite,193A Na-jarosite mix Alian Wang #3,Alian Wang,295
00102501,Double-Width Unbranched Chains W=2,Amphibole,Amphibole 1B Libby, MT,Gunter, Mickey,295
13041401,Hydrated Sulfates Containing Hydroxyl or Halogen,Sulfate,Copiapite R6254-B,Dyar, Darby,200
07020902,Sheets of Six-Membered Rings,Chlorite,Clinochlore West Chester, PA,Dyar, Darby,125
07051803,Double-Width Unbranched Chains W=2,Amphibole,Kaersutite Tm,Dyar, Darby,30
02031101,Single-Width Unbranched Chains W=1,Pyroxene,Orthopyroxene Bushveld B17,Tegnar, Christian,295
05101901,Hydrated Sulfates Containing Hydroxyl or Halogen,Sulfate,Copiapite SPT 125 dry,Cloutis, Edward,125
18012303,N/A,Biogeochemical Mineralogical By-Products,P. delaneyi Lepidocrocite heat- no cells anoxically dried,Kashyap, Srishti,150
18091801,Double-Width Unbranched Chains W=2,Amphibole,Amphibole Tony Law G7,Dyar, Darby,295
07041701,Single-Width Unbranched Chains W=1,Pyroxene,Pyroxene, synthetic En8Fs92A 021A,Lindsley, Donald,175
11072001,N/A,Biogeochemical Mineralogical By-Products,Roane old sample inoculated + incubated at 92°C until stationary phase,Holden, Jim,4
19011201,N/A,Glass,McCanta Glass PDCV-4 IW Shasta,McCanta, Molly,295
15110502,Simple Oxides,Oxide,Maghemite, synthetic, nanophase MAGH061815,Sklute, Elizabeth,80
07041002,Single-Width Unbranched Chains W=1,Pyroxene,Pyroxene, synthetic Wo5En47.5Fs47.5 012,Lindsley, Donald,150
07111902,Single-Width Unbranched Chains W=1,Pyroxene,Pyroxene, synthetic Wo50En0Fs50 083,Lindsley, Donald,200
07052502,Double-Width Unbranched Chains W=2,Amphibole,Kaersutite DL-7,Dyar, Darby,45
10061101,N/A,Mixtures,Forsterite -- Magnesite 50:50 mix JB-955,Bishop, Janice,295
11041901,N/A,Glass,Glass, experimental PD2K-1 Pinatubo Dacite Bell,Bell and Webster (2015) Amer. Mineral., 100, 1595-1599.,295
15112201,Hydroxides and Oxides Containing Hydroxyl,Hydroxide,Akaganeite, synthetic, nanophase AKAG102315,Sklute, Elizabeth,7
05110904,Insular SiO4 Groups Only,Olivine,Olivine, synthetic Fo50,Lindsley, Donald,30
12042202,Simple Oxides,Oxide,Wustite, synthetic D intermediate very slightly magnetic,Lindsley, Donald,200
06092401,Hydroxides and Oxides Containing Hydroxyl,Hydroxide,Schwertmannite DD105-108,Dyar, Darby,295
13071301,Sheets of Six-Membered Rings,Kaolinite-Serpentine,Serpentine McL_M81-309_84_B8_A1, A. URI,Stander, Amy,295
18092001,Double-Width Unbranched Chains W=2,Amphibole,Amphibole Tony Law F20,Dyar, Darby,295
08010201,Single-Width Unbranched Chains W=1,Pyroxene,Pyroxene, synthetic Wo30Fs70 085,Lindsley, Donald,250
14011503,N/A,Glass,Glass, synthetic Fa-Plag Lazareva-Lindsley 1.204,Lazareva, Lena,295
qraa65,Sheets of Six-Membered Rings,Mica,Guidotti Muscovite RA-A65-66 Muscovite 48mil 11-6-92,Guidotti, Charles,295
18052903,N/A,Industrial Samples,Kan Li #4,Li, Kan,295
edst02,Insular SiO4 Groups and O, OH, F, and H2O,Staurolite,Dutrow Staurolite FeLi-40-4 2mil 10-26-88,Dutrow, Barbara,295
d101gt,Insular SiO4 Groups Only,Garnet,Hunt Valley Garnet HV-101 1mil 7-12-88,Lang, Helen,295
18012801,N/A,Biogeochemical Mineralogical By-Products,P. islandicum Akaganeite heat-no cells anoxically dried,Kashyap, Srishti,220
12051804,N/A,Industrial Samples,Coal fly ash 3% Fe coal devolatilized 800C,Fan, Maohong,80
07032202,Sheets of Six-Membered Rings,Mica,Annite Cape Ann,Burns, Roger,200
07032504,Sheets of Six-Membered Rings,Mica,Annite Cape Ann,Burns, Roger,40
07120103,Single-Width Unbranched Chains W=1,Pyroxene,Pyroxene, synthetic Wo20En56Fs24 019,Lindsley, Donald,12
11030403,Simple Oxides,Oxide,Magnetite I.1 12nm,Nyiro-Kosa, Ilona,275
04041003,Insular SiO4 Groups Only,Olivine,Fayalite, synthetic Fe0,Menzies, Olwyn,195
10120201,Native Elements and Alloys,Industrial Samples,Steel Z,Gupta, Ratnesh,295
09083001,N/A,Terrestrial Samples,Basalt Mid-Atlantic Ridge 150-1,Reynolds, Valerie,295
04092702,Double-Width Unbranched Chains W=2,Amphibole,Amphibole Mo-1A ,Moore, Paulus,295
04050602,N/A,Terrestrial Samples,Basalt JB-391-A Haleakala (rerun),Bishop, Janice,12
18091203,Double-Width Unbranched Chains W=2,Amphibole,Grunerite Tony Law C2,Dyar, Darby,295
13011001,Sheets of Six-Membered Rings,Kaolinite-Serpentine,Serpentine, Nor4-13_back Greenberger-Mustard Brown U.,Greenberger, Rebecca,295
l4523g,Insular SiO4 Groups Only,Garnet,Holdaway Assm. 4 52-3 Garnet 10mil 8-19-91,Holdaway, Michael,295
06060901,Simple Oxides,Oxide,Magnetite EX 37,Li, Y.-L.,295
16052601,N/A,Industrial Samples,Coal fly ash 3Na-1Fe 10C-mm 700C Py 30mm coal Bang Xu,Fan, Maohong,295
07121704,Single-Width Unbranched Chains W=1,Pyroxene,Pyroxene, synthetic Fs100 DL-CMP-061,Lindsley, Donald,275
ubmt3t,Six-Membered Rings,Tourmaline,Blk. Mtn. Pegmatite BMT-3 Tourmaline 77.88 3mil 9-13-94,Dyar, Darby,295
06082901,Sheets of Six-Membered Rings,Smectite,Smectite JB-174 JP <2mm ,Bishop, Janice,295
v2m2nb,Sheets of Six-Membered Rings,Mica,Mancini Biotite Run2 69.96 4mil 2-26-95,unknown,295
18011001,N/A,Biogeochemical Mineralogical By-Products,P. delaneyi Akaganeite AKAG102315 heat + cells annoxically dried,Kashyap, Srishti,150
19041302,Simple Oxides,oxide,Wustite, synthetic D intermediate very slightly magnetic,Lindsley, Donald,150
dsft60,Insular SiO4 Groups and O, OH, F, and H2O,Staurolite,Rice Staurolite Fe60-1 8-25-88,Rice, Jack,295
05080904,Anhydrous Sulfates Containing Hydroxyl or Halogen,Alunite,Jarosite, synthetic 16B heated to 300C,Brophy, Gerald,295
09110302,N/A,Hydroxide,Ferrihydrite, Fe Gel, dehydrated,Holden, Jim,225
08020401,Al-Si Frameworks,Feldspar,Feldspar Bushveld B522,Tegnar, Christian,295
06121403,Sheets of Six-Membered Rings,Mica,Biotite mica-Fe CRPG Geostandard,Dyar, Darby,4
18083101,Single-Width Unbranched Chains W=1,Pyroxene,Pyroxene Ba-2-101C opx,Dyar, Darby,295
05111802,Insular SiO4 Groups Only,Olivine,Olivine, synthetic Fo80 Podpara,Lindsley, Donald,175
12061502,Hydrated Phosphates, Arsenates, and Vanadates containing Hydroxyl or Halogen,Phosphate,Vivianite DD311,Dyar, Darby,130
05092701,N/A,Fulgurite,Fulgurite CT sample #1,Sheffer, Abigail,295
14071001,N/A,Glass,Glass, synthetic BAS-6 CO2,McCanta, Molly,295
07051701,Double-Width Unbranched Chains W=2,Amphibole,Kaersutite Tm,Dyar, Darby,150
07120303,Single-Width Unbranched Chains W=1,Pyroxene,Pyroxene, synthetic En70Fs30 SynPx 026A,Lindsley, Donald,4
18021401,N/A,Terrestrial Samples,Lake Towuti sediment RS0527 Brown University,Sheppard, Rachel,130
04072814,Native Elements and Alloys,Metal,Fe foil  4 mm-s,n/a,180
04112101,Insular SiO4 Groups Only,Olivine,Olivine, synthetic Fo70,Menzies, Olywn,170
04111401,Sheets of Six-Membered Rings,Mica,Biotite Michigan HF-10,Dyar, Darby,295
11032903,Simple Oxides,Oxide,MaghemiteVI.4 12nm,Nyiro-Kosa, Ilona,4
07052602,Double-Width Unbranched Chains W=2,Amphibole,Kaersutite DL-7,Dyar, Darby,12
g80l,Insular SiO4 Groups Only,Olivine,S. Africa Gt. perid. Olivine (Jagerstontein Mine,) Kb-12-8 1mil 7-5-89,McGuire, Anne,295
06121301,Sheets of Six-Membered Rings,Mica,Biotite mica-Fe CRPG Geostandard,Dyar, Darby,150
10110501,Simple Oxides,Oxide,Ferrihydrite, nanophase 1GOE 03-2010,Bosch, Julian,8
08120503,Simple Oxides,Oxide,Ferrihydrite, dehydrated JB-JLB-822,Bishop, Janice,295
09051501,Simple Oxides,Oxide,Wustite, synthetic A Fe-saturated,Lindsley, Donald,255
07120205,Single-Width Unbranched Chains W=1,Pyroxene,Pyroxene, synthetic En70Fs30 SynPx 026A,Lindsley, Donald,100
07121503,Single-Width Unbranched Chains W=1,Pyroxene,Pyroxene, synthetic En30Fs70 SynPx 023,Lindsley, Donald,295
07061207,Single-Width Unbranched Chains W=1,Pyroxene,Pyroxene, synthetic Wo10En45Fs45 009,Lindsley, Donald,60
16073001,Insular SiO4 Groups Only,Olivine,Olivine San Carlos LT75 um 20 mins,Gillis-Davis, Jeff,295
11071102,N/A,Biogeochemical Mineralogical By-Products,Roane July 2011, inoculated + incubated 92C 100h,Holden, Jim,8
11032404,Simple Oxides,Oxide,Maghemite VI.1 70nm,Nyiro-Kosa, Ilona,175
04071101,Six-Membered Rings,Beryl,Beryl, blue #2,Groat, Lee,80
07061007,Single-Width Unbranched Chains W=1,Pyroxene,Pyroxene, synthetic Wo40En15Fs45 070,Lindsley, Donald,18
ehs011,Insular SiO4 Groups and O, OH, F, and H2O,Staurolite,Holdaway Staurolite 117183 1mil 10-16-88,Holdaway, Michael,295
06082101,Single-Width Unbranched Chains W=1,Pyroxene,Diopside, shocked #3496,McCanta, Molly,295
05112301,Insular SiO4 Groups Only,Olivine,Olivine, synthetic Fo60 Hartzman,Lindsley, Donald,25
04112202,Insular SiO4 Groups Only,Olivine,Olivine, synthetic Fo70,Menzies, Olywn,245
07111603,Single-Width Unbranched Chains W=1,Pyroxene,Pyroxene, synthetic En90 Fs10GDL-CMP-065,Lindsley, Donald,18
17071101,N/A,Biogeochemical Mineralogical By-Products,J2675 SC6B extra material collected 3-28-13 filtered 6-16-17 stored in freezer,Ross, Laura,295
11060202,Simple Oxides,Oxide,Ferrihydrite DB B+1 20 cm,Estes, Emily,295
10071401,N/A,Industrial Samples,Steel B,Gupta, Ratnesh,295
10091104,N/A,Biogeochemical Mineralogical By-Products,Hyperthermus butylicus log growth 8-19-10 mounted dry,Holden, Jim,234
07122209,Single-Width Unbranched Chains W=1,Pyroxene,Pyroxene, synthetic Wo20En40Fs40 051,Lindsley, Donald,45
02072801,Sheets of Six-Membered Rings,Kaolinite-Serpentine,Kaolinite KA 104,Cloutis, Edward,295
h130_k,Al-Si Frameworks,Feldspar,Housely 130,Housely, Robert,130
05082407,Anhydrous Sulfates Containing Hydroxyl or Halogen,Alunite,Jarosite, synthetic 2B heated to 300C,Brophy, Gerald,40
16073101,Insular SiO4 Groups Only,Garnet,Garnet 44A,Bucholz, Claire,295
qgb4mu,Sheets of Six-Membered Rings,Mica,Guidotti Muscovite Ra-b4-66 zone 7 40mil 12-18-92,Guidotti, Charles,295
02121302,N/A,Terrestrial Samples,Acid Saline Lake KCB 5,Benison, Kathy,295
w423cp,Single-Width Unbranched Chains W=1,Pyroxene,Peridotite H299-23 CPX 48.54 16mil 6-21-95,McGuire, Anne,295
07011702,Hydrated Acid and Sulfates,Sulfate,Rhomboclase S84 Chile,Dyar, Darby,295
00100201,Six-Membered Rings,Tourmaline,Tourmaline Eibenstein Austria,Dyar, Darby,295
07041704,Single-Width Unbranched Chains W=1,Pyroxene,Pyroxene, synthetic En8Fs92A 021A,Lindsley, Donald,100
11121501,Hydrated Phosphates, Arsenates, and Vanadates containing Hydroxyl or Halogen,Phosphate,Tarbuttite DD306,Dyar, Darby,295
07062202,Single-Width Unbranched Chains W=1,Pyroxene,Pyroxene, synthetic Wo50En40Fs10 033,Lindsley, Donald,4
08120502,Simple Oxides,Oxide,Ferrihydrite, dehydrated JB-JLB-820,Bishop, Janice,295
03100102,Simple Oxides,Oxide,Ilmenite KI-2193 ,Morse S. A.,245
08122201,N/A,Mixtures,Ferrihydrite -- Hematite 50:50 mix JB-JLB-812,Bishop, Janice,295
07042102,Single-Width Unbranched Chains W=1,Pyroxene,Pyroxene, synthetic Wo50En0Fs50,Lindsley, Donald,250
11091201,N/A,Terrestrial Samples,Oil sand ES<2,Osacky, Marek,130
07051904,Double-Width Unbranched Chains W=2,Amphibole,Kaersutite Fr-12,Dyar, Darby,295
04122901,Insular SiO4 Groups Only,Olivine,Olivine, synthetic Fo90 ,Lindsley, Donald,295
18080701,Double-Width Unbranched Chains W=2,Amphibole,Hornblende South Carolina UMO,Walters, Jesse,295
10110204,Simple Oxides,Oxide,Ferrihydrite, nanophase 1GOE 03-2010,Bosch, Julian,100
jhc39c,Single-Width Unbranched Chains W=1,Pyroxene,Harrell Clinopyroxene Ep-3-139C 67mil 10-8-90,McGuire, Anne,295
05081401,N/A,Terrestrial Samples,Catahoula lake bed sample #2, 8.52m(Core 2) clay 100% sample,Wrenn, John,295
19092201,N/A,glass,Idaho CRB mixing experiments,Dyar, Darby,295
10042801,Simple Oxides,Biogeochemical Mineralogical By-Products,Islandicum, anaerobically dried,Holden, Jim,175
04091301,Double-Width Unbranched Chains W=2,Amphibole,Amphibole, shocked FR-11,Minitti, Michelle,295
02060301,Anhydrous Sulfates Containing Hydroxyl or Halogen,Alunite,Jarosite SPT 115,Cloutis, Edward,295
jhr19a,Sheets of Six-Membered Rings,Chlorite,Harper Host Rock R19a 7mil 1-17-91,Harper, Greg,295
ib1bop,Single-Width Unbranched Chains W=1,Pyroxene,Dish Hill,CA OPX DH101D 11mil 3-28-90,McGuire, Anne,295
03112901,Simple Oxides,Oxide,Ferrihydrite JB-564 Czech 5005-1,Bishop, Janice,110
10122301,Sheets of Six-Membered Rings,Kaolinite-Serpentine,Antigorite OF2835,Evans, Bernard,295
05111303,Insular SiO4 Groups Only,Olivine,Olivine, synthetic Fo70 Hartzman,Lindsley, Donald,250
07112204,Single-Width Unbranched Chains W=1,Pyroxene,Pyroxene, synthetic Wo10En72Fs18 018,Lindsley, Donald,150
xuh112t,Six-Membered Rings,Tourmaline,Harvard Sample 112547 Tourmaline 50.91 1mil 9-12-94,Dyar, Darby,295
06031001,Single-Width Unbranched Chains W=1,Pyroxene,Jadeite 4A Jade 01GSn15,Sorensen, Sorena,295
18050401,N/A,Biogeochemical Mineralogical By-Products,P. islandicum Ferrihydrite heat-no cells anoxically dried ,Kashyap, Srishti,305
12082402,Sheets of Six-Membered Rings,Clay,Clay VA22 586-587,Michalski, Joe,295
20100701,N/A,Terrestrial Samples,AX17 Bioreduced Fh Heat no Cells (2A),Elizabeth Sklute,4
01100201,Al-Si Frameworks,Feldspar,Feldspar Bushveld BT11-b P1,Tegnar, Christian,295
14112201,N/A,Fulgurite,Tektite #4 2014,Nottke, Tony,295
06071801,Single-Width Unbranched Chains W=1,Pyroxene,Pyroxene, synthetic En90 Fs10GDL-CMP-065,Lindsley, Donald,295
07101103,N/A,Mixtures,Garnet standards mix (almandine and andradite),Dyar, Darby,250
07061306,Single-Width Unbranched Chains W=1,Pyroxene,Pyroxene, synthetic Wo10En45Fs45 009,Lindsley, Donald,4
13071003,Sheets of Six-Membered Rings,Kaolinite-Serpentine,Serpentine PHL_PB_3, A. URI,Stander, Amy,295
04113002,Insular SiO4 Groups Only,Olivine,Olivine, synthetic Fo50 ,Menzies, Olywn,75
09101901,Sheets of Six-Membered Rings,Kaolinite-Serpentine,Antigorite BM 66586,Evans, Bernard,295
hb1ccp,Single-Width Unbranched Chains W=1,Pyroxene,Dish Hill,CA CPX DH-101-D 30mil 10-3-89,McGuire, Anne,295
15070501,N/A,Biogeochemical Mineralogical By-Products,Islandicum KPO4 buffer run A initial,Holden, Jim,150
05081104,Anhydrous Sulfates Containing Hydroxyl or Halogen,Alunite,Jarosite, synthetic 6V heated to 248C,Brophy, Gerald,295
r2p819,Sheets of Six-Membered Rings,Mica,Guidotti Biotite 12-8-19-59 Bryant Pond 54mil 6-23-93,Guidotti, Charles,295
16121801,Insular SiO4 Groups Only,Olivine,Forsterite Dyar 89 CH-187,Dyar, Darby,295
17061702,Simple Oxides,Biogeochemical Mineralogical By-Products,Geobacter Ferrihydrite heat-no cells, filtered then dried anaerobically 6-5-17,Valvur, Helena,220
11031903,Simple Oxides,Oxide,Magnetite V.2,Nyiro-Kosa, Ilona,80
hosc52,Sheets of Six-Membered Rings,Kaolinite-Serpentine,O'Hanley Serpentinite C52 50mil 11-3-89,O'Hanley, David,295
ehsg07,Insular SiO4 Groups and O, OH, F, and H2O,Staurolite,Holdaway Staurolite 3-3 2mil 10-23-88,Holdaway, Michael,295
05081601,N/A,Terrestrial Samples,Catahoula lake bed sample 4 sand (core 2) 13.5m 100% sample,Wrenn, John,295
12042802,Hydroxides and Oxides Containing Hydroxyl,Hydroxide,Goethite 125086 "limonite" Red River, Louisiana,Dyar, Darby,80
02091601,Al-Si Frameworks,Feldspar,Feldspar Bushveld B16,Tegnar, Christian,295
04072904,Native Elements and Alloys,Metal,Fe foil  4 mm-s,n/a,205
10091601,N/A,Biogeochemical Mineralogical By-Products,Hyperthermus butylicus log growth 8-19-10 mounted dry,Holden, Jim,7
04121201,Insular SiO4 Groups Only,Olivine,Olivine, synthetic Fo30 ,Lindsley, Donald,295
04041701,Hydrated Acid and Sulfates,Sulfate,Szomolnokite 560,Dyar, Darby,120
04082401,Double-Width Unbranched Chains W=2,Amphibole,Amphibole Gem Park Co.,Minitti, Michelle,295
06041501,Double-Width Unbranched Chains W=2,Amphibole,Amphibole Ross B,Gunter, Mickey,295
fhstp9,Insular SiO4 Groups and O, OH, F, and H2O,Staurolite,Holdaway Staurolite 82TP9 restarted 4-23-89 5mil,Holdaway, Michael,295
r216hf,Sheets of Six-Membered Rings,Mica,Zhou Annite F-16 38mil 5-1-93,Zhou, Fuxing,295
10121402,Simple Oxides,Oxide,Ferrihydrite, nanophase 1GOE 07-2010,Bosch, Julian,30
xubmt3t,Six-Membered Rings,Tourmaline,Blk. Mtn. Pegmatite BMT-3 Tourmaline 77.88 3mil 9-13-94,Dyar, Darby,295
15120201,Hydroxides and Oxides Containing Hydroxyl,Hydroxide,Goethite, synthetic, nanophase GOET011515,Sklute, Elizabeth,6
09110201,N/A,Hydroxide,Ferrihydrite, Fe Gel, dehydrated,Holden, Jim,150
06030501,Single-Width Unbranched Chains W=1,Pyroxene,Jadeite IE OIGSn2-11,Sorenson, Sorena,295
05102301,N/A,Fulgurite,Fulgurite Algeria E glass,Sheffer, Abigail,295
15112001,Hydroxides and Oxides Containing Hydroxyl,Hydroxide,Lepidocrocite, synthetic, nanophase LEP100615_2,Sklute, Elizabeth,295
18091102,Double-Width Unbranched Chains W=2,Amphibole,Amphibole Tony Law A2,Dyar, Darby,295
07071301,N/A,Terrestrial Samples,Jaspilite, gray N5E Mine,Thomson, Bradley,295
07010302,N/A,Meteorite,Meteorite LAP 04840,16 whole rock <45mm,Dyar, Darby,295
02040601,Al-Si Frameworks,Feldspar,Anorthite 57Fe Fe3+ ,Housely, Robert,80
02012601,Al-Si Frameworks,Feldspar,Anorthite Fe2+ ,Housely, Robert,60
02052901,Anhydrous Sulfates Containing Hydroxyl or Halogen,Sulfate,Romerite SPT 110,Cloutis, Edward,295
07111801,Single-Width Unbranched Chains W=1,Pyroxene,Pyroxene, synthetic Wo50En40Fs10 043,Lindsley, Donald,295
08091701,Hydrated Sulfates Containing Hydroxyl or Halogen,Sulfate,Sideronatrite SPT 123,Cloutis, Edward,295
09020301,Simple Oxides,Oxide,Magnetite Hyde,King, Penny,295
12020101,Hydrated Acid and Sulfates,Sulfate,Paracoquimbite G2681-1,Dyar, Darby,295
g51op,Single-Width Unbranched Chains W=1,Pyroxene,S. Africa Gt. Perid OPX Kb-12-51 6mil 8-14-89,McGuire, Anne,295
15012803,Simple Oxides,Oxide,Magnetite ELL-14-07 El laco ore MUN,Hanchar, John,295
03070701,Simple Oxides,Oxide,Hematite, synthetic ,Dyar, Darby,295
18050501,N/A,Biogeochemical Mineralogical By-Products,P. islandicum Ferrihydrite heat-no cells anoxically dried ,Kashyap, Srishti,5
jn102b,Sheets of Six-Membered Rings,Mica,Holdaway Assemblage5 N-102 Biotite 3mil 3-27-91,Holdaway, Michael,295
15121301,Simple Oxides,Oxide,Ferrihydrite FH-ini 21 May,Dehouck, Erwin,8
11072804,Hydrated Phosphates, Arsenates, and Vanadates containing Hydroxyl or Halogen,Phosphate,Alluaudite DD308,Dyar, Darby,295
14122901,Insular SiO4 Groups Only,Garnet,Garnet 05.22,Barnes, Cal,295
18061901,N/A,Biogeochemical Mineralogical By-Products,Ice Mamba M1-4 Blood Falls culture, live cell, ferrihydrite, anoxically dried ,Mickuchi, Jill,295
05120403,Insular SiO4 Groups Only,Olivine,Olivine, synthetic Fo40 Zhou,Lindsley, Donald,275
15080701,N/A,Biogeochemical Mineralogical By-Products,Islandicum Pipes buffer 6-15 run A time point 0,Holden, Jim,6
06100401,Anhydrous Sulfates Containing Hydroxyl or Halogen,Alunite,Plumbojarosite S15,Dyar, Darby,295
hsc0170,Insular SiO4 Groups Only,Olivine,Freund S.C. Olivine 1hr, 700degrees celsius 4mil 9-12-89,Freund, Friedemann,973
05112302,Insular SiO4 Groups Only,Olivine,Olivine, synthetic Fo60 Hartzman,Lindsley, Donald,18
10091102,N/A,Biogeochemical Mineralogical By-Products,Hyperthermus butylicus log growth 8-19-10 mounted dry,Holden, Jim,274
ehs62b,Insular SiO4 Groups and O, OH, F, and H2O,Staurolite,Holdaway Staurolite 71-62B 1mil 10-14-88,Holdaway, Michael,295
08041601,Al-Si Frameworks,Feldspar,Feldspar Tum3 Tumacacor, AZ,Seaman, Sheila,295
ud210h,Single-Width Unbranched Chains W=1,Pyroxene,Dish Hill Cpx DH-210 56.50 5mil 7-27-94,Dyar, Darby,295
11022101,N/A,Terrestrial Samples,Sandstone PNF-7-3 (8),Schoonen, Martin,295
05101302,Hydroxides and Oxides Containing Hydroxyl,Hydroxide,Green Rust #4,Mazeina, Lena,295
07040602,Single-Width Unbranched Chains W=1,Pyroxene,Pyroxene, synthetic Wo10En63Fs27 010,Lindsley, Donald,250
11093001,N/A,Terrestrial Samples,Sandstone PNF-9-4 (2) altered,Schoonen, Martin,295
07040904,Single-Width Unbranched Chains W=1,Pyroxene,Pyroxene, synthetic Wo5En47.5Fs47.5 012,Lindsley, Donald,275
11032204,Simple Oxides,Oxide,Maghemite VI.1 70nm,Nyiro-Kosa, Ilona,12
20012801,Sheets of Six-Membered Rings,Talc,Gunter Talc #97, USA_MT_WillowCr_8, Univ. of Idaho,Gunter, Mickey,295
g75pbt,Sheets of Six-Membered Rings,Mica,Synthetic Biotite Phl(75) Ann(25) 5mil 9-1-89,unknown,295
07112509,Single-Width Unbranched Chains W=1,Pyroxene,Pyroxene, synthetic En80Fs20 013,Lindsley, Donald,45
traa42,Insular SiO4 Groups Only,Garnet,Guidotti: Garnet 6v-Ra-b42-66 HF-sep Grant 89mil 4-1-94,Guidotti, Charles,295
03102701,Sheets of Six-Membered Rings,Kaolinite-Serpentine,Antigorite JA-559,Bishop, Janice,12
06110502,Hydrated Acid and Sulfates,Sulfate,Voltaite 137958,Dyar, Darby,55
08112301,Six-Membered Rings,Tourmaline,Schorl SCHNI Schneeberg,Ertl, Andreas,295
12061501,Hydrated Phosphates, Arsenates, and Vanadates containing Hydroxyl or Halogen,Phosphate,Vivianite DD311,Dyar, Darby,12
12121701,N/A,Biogeochemical Mineralogical By-Products,Chimney, Cauldron Cd08 4450 9-2-02,Holden, Jim,4
18010601,N/A,Biogeochemical Mineralogical By-Products,P. delaneyi Akaganeite AKAG102315 no heat-no cells annoxically dried,Kashyap, Srishti,220
13062702,Sheets of Six-Membered Rings,Kaolinite-Serpentine,Serpentine PHL_PB_3, A. URI,Stander, Amy,295
07061004,Single-Width Unbranched Chains W=1,Pyroxene,Pyroxene, synthetic Wo40En15Fs45 070,Lindsley, Donald,45
13040802,Sulfides, including Selenides and Tellurides,Sulfite,Pyrite, Logrono, Spain,Dyar, Darby,4
04070901,Anhydrous Sulfates Containing Hydroxyl or Halogen,Sulfate,Romerite SPT 110,Cloutis, Edward,270
05072901,Insular SiO4 Groups Only,Zircon,Zircon, synthetic Batch 48 57Fe+p,Hanchar, John,295
04093001,Double-Width Unbranched Chains W=2,Amphibole,Amphibole Mo-6A,Moore, Paulus,295
12061301,N/A,Biogeochemical Mineralogical By-Products,Roane_3 July 2011 inoculated + incubated until stationary phase,Holden, Jim,295
19050701,N/A,Terrestrial Samples,SB Mont Syenite DLR Dyar-Rutherford,Dyar, Darby,295
13031501,Hydrated Sulfates Containing Hydroxyl or Halogen,Sulfate,Amarantite G3775 Los Pintados, Chile,Dyar, Darby,80
13032901,N/A,Biogeochemical Mineralogical By-Products,Sully_3 10-02-12  ,Holden, Jim,150
06040401,Double-Width Unbranched Chains W=2,Amphibole,Amphibole CM-1 Coliseum Maar,King, Penny,295
19011901,N/A,Glass,McCanta Glass PDCV-5 IW Gusev,McCanta, Molly,295
07042701,Insular SiO4 Groups Only,Olivine,Olivine, synthetic Fo70 New,Lindsley, Donald,225
15041301,N/A,Biogeochemical Mineralogical By-Products,Sully March innoculation time point 6, series C (control) no acetone,Holden, Jim,100
12020703,Sheets of Six-Membered Rings,Smectite,Smectite SCB-TX-18 final separate,Harding, Sherie,295
07102501,Insular SiO4 Groups Only,Garnet,Garnet, almandine AK97-8a Rte. 3 in Childwold Quadrangle, NY, Garnet-Phlogopite gneiss,Dyar, Darby,295
15041401,Hydroxides and Oxides Containing Hydroxyl,Hydroxide,Akageneite, synthetic, nanophase AKAG020515,Sklute, Elizabeth,220
05060701,Sheets of Six-Membered Rings,Chlorite,Chlorite P2,Guidotti, Charles,295
15021902,Single-Width Unbranched Chains W=1,Pyroxene,Clinopyroxene 05.32H,Barnes, Calvin,295
12052101,Hydroxides and Oxides Containing Hydroxyl,Hydroxide,Schwertmannite, synthetic JB-131 <125mm,Bishop, Janice,4
08090801,Hydrated Acid and Sulfates,Sulfate,Jokokuite G3536,Dyar, Darby,295
03102501,N/A,Mixtures,Ferrihydrite -- Magnetite Balmont Mix #4,Bishop, Janice,270
11072501,N/A,Meteorite,Meteorite MET 01070,Howard, Kieran,295
19080506,Anhydrous Sulfates Containing Hydroxyl or Halogen,Jarosite,143A Na jarosite Alian Wang #1,Alian Wang,295
10102902,Simple Oxides,Oxide,Ferrihydrite, nanophase 1GOE 06-2008,Bosch, Julian,30
xph167t,Six-Membered Rings,Tourmaline,Igneous Tourmaline Harvard(?)#1067 Blue Tourmaline 18mil 9-2-92,Dyar, Darby,295
k4425b,Sheets of Six-Membered Rings,Mica,Holdaway Assm. 4A 42-5 Biotite 7mil 7-26-91,Holdaway, Michael,295
16053101,N/A,Industrial Samples,Coal fly ash 3Na-1Fe 500C Py 30mm Coal Bang Xu,Fan, Maohong,295
07020702,Sheets of Six-Membered Rings,Chlorite,Clinochlore West Chester, PA,Dyar, Darby,200
15041805,Simple Oxides,Oxide,Ferrihydrite, synthetic test (freeze dried),Sklute, Elizabeth,220
05121502,Insular SiO4 Groups Only,Olivine,Fayalite, synthetic Fo0,Lindsley, Donald,90
02121101,N/A,Terrestrial Samples,Acid Saline Lake KCB 8,Benison, Kathy,295
02012001,Al-Si Frameworks,Feldspar,Anorthite Fe2+ ,Housely, Robert,21
ghv4mu,Sheets of Six-Membered Rings,Mica,Hunts Valley Muscovite HV-4 (2nd) 37mil 9-1-89,Lang, Helen,295
12042301,Simple Oxides,Oxide,Wustite, synthetic D intermediate very slightly magnetic,Lindsley, Donald,295
19012201,N/A,Glass,McCanta Glass IW-2 J062 MORB,McCanta, Molly,295
05032301,Anhydrous Acid and Sulfates,Sulfate,Barite SPT 146,Dyar, Darby,295
15032101,N/A,Industrial Samples,Metal, treated sample#2 heat for 35 min 5% Fe 3+:ZnO,Kittilstved, Kevin,295
07050305,Single-Width Unbranched Chains W=1,Pyroxene,Pyroxene, synthetic En40Fs60 with metal blebs 005A ,Lindsley, Donald,150
05101602,Hydrated Sulfates Containing Hydroxyl or Halogen,Sulfate,Copiapite SPT 125 dry,Cloutis, Edward,293
00092901,Sheets of Six-Membered Rings,Chlorite,Chlorite Michigan,Dyar, Darby,295
13071503,N/A,Industrial Samples,Coal fly ash 4 Fe Pyrolysis, coal,Fan, Maohong,295
09042201,Simple Oxides,Oxide,Ferrihydrite 2: DBB+130,Estes, Emily,295
15013001,Simple Oxides,Oxide,Magnetite KRN-11-03 Kiirunavaara footwall host rock,Hanchar, John,295
15082002,N/A,Biogeochemical Mineralogical By-Products,Sully 7-15 Dry Ferrihydrite FH Control Initial ,Holden, Jim,80
06060401,Simple Oxides,Oxide,Magnetite C1,Li, Y.-L.,295
13040902,Sulfides, including Selenides and Tellurides,Sulfite,Pyrite, Logrono, Spain,Dyar, Darby,200
14111401,Double-Width Unbranched Chains W=2,Amphibole,Hastingsite Mueller HAST-5-40-2B 40% ,Jenkins, David,295
18070601,N/A,Biogeochemical Mineralogical By-Products,Ice Mamba M1-5 Blood Falls culture, live cells, air, ferrihydrite, oxically dried,Mickuchi, Jill,220
07122408,Single-Width Unbranched Chains W=1,Pyroxene,Pyroxene, synthetic Wo40En48Fs12 075,Lindsley, Donald,295
07122809,Single-Width Unbranched Chains W=1,Pyroxene,Pyroxene, synthetic Wo50En15Fs35 037,Lindsley, Donald,8
s248bt,Sheets of Six-Membered Rings,Mica,Barnes Biotite AP48 11mil 11-15-93,Barnes, Calvin,295
08111701,N/A,Biogeochemical Mineralogical By-Products,Chimney Dante ALV 4441 9-1-08,Holden, Jim,295
07042105,Single-Width Unbranched Chains W=1,Pyroxene,Pyroxene, synthetic Wo50En0Fs50,Lindsley, Donald,175
06052601,N/A,Fulgurite,Fulgurite Mount Ararat NMNH52093 glass,Sheffer, Abigail,295
15081201,N/A,Biogeochemical Mineralogical By-Products,Sully 7-15 Dry Ferrihydrite FH Control Final ,Holden, Jim,6
07060601,Hydroxides and Oxides Containing Hydroxyl,Hydroxide,Goethite np-Gt C1,Tosca, Nick,295
12061302,Simple Oxides,Oxide,Ferrihydrite, nanophase 1GOE 03-2010,Bosch, Julian,295
18012402,N/A,Biogeochemical Mineralogical By-Products,P. islandicum Akaganeite no heat-no cells anoxically dried,Kashyap, Srishti,80
09091401,N/A,Terrestrial Samples,Basalt Mid-Atlantic Ridge 236-3,Reynolds, Valerie,295
04061103,Anhydrous Sulfates Containing Hydroxyl or Halogen,Sulfate,Tochilinite TOC 101,Dyar, Darby,75
nze86b,N/A,Terrestrial Samples,Zhou E86 Biotite+Olivine 16mil 4-23-92,Zhou, Fuxing,295
04110702,Sheets of Six-Membered Rings,Mica,Biotite Michigan TY-2,Dyar, Darby,295
07122006,Single-Width Unbranched Chains W=1,Pyroxene,Pyroxene, synthetic Wo10Fs90 088,Lindsley, Donald,295
18101604,N/A,Terrestrial Samples,Lake Towuti Sediment RSo266,Sheppard, Rachel,4.2
15021102,Single-Width Unbranched Chains W=1,Pyroxene,Clinopyroxene 93.72H,Barnes, Cal,295
13041203,Hydrated Sulfates Containing Hydroxyl or Halogen,Sulfate,Copiapite R6254-B,Dyar, Darby,4
10110103,Simple Oxides,Oxide,Ferrihydrite, nanophase 1GOE 03-2010,Bosch, Julian,275
07112202,Single-Width Unbranched Chains W=1,Pyroxene,Pyroxene, synthetic Wo10En72Fs18 018,Lindsley, Donald,200
xph1260,Six-Membered Rings,Tourmaline,Igneous Tourmaline HS#126022 Black Tourmaline 10mil 8-26-92,Dyar, Darby,295
12043001,Hydroxides and Oxides Containing Hydroxyl,Hydroxide,Goethite 125086 "limonite" Red River, Louisiana,Dyar, Darby,295
11040202,Simple Oxides,Oxide,Magnetite-Maghemite I.2 70nm,Nyiro-Kosa, Ilona,295
11050301,N/A,Industrial Samples,Nanoporous FeOOH 20% NHF 25C, NaHCO3 on FeOOH,Fan, Maohong,4
11072801,Hydrated Phosphates, Arsenates, and Vanadates containing Hydroxyl or Halogen,Phosphate,Tavorite DD301,Dyar, Darby,295
04060403,Anhydrous Sulfates Containing Hydroxyl or Halogen,Sulfate,Romerite SPT 110,Cloutis, Edward,75
18032601,N/A,Terrestrial Samples,Dolerite PRR-26957 surface,Salvatore, Mark,295
07041802,Single-Width Unbranched Chains W=1,Pyroxene,Pyroxene, synthetic En8Fs92A 021A,Lindsley, Donald,12
10042901,Simple Oxides,Biogeochemical Mineralogical By-Products,Islandicum, anaerobically dried,Holden, Jim,295
12082201,Hydrated Phosphates, Arsenates, and Vanadates containing Hydroxyl or Halogen,Phosphate,Wavellite DD325,Dyar, Darby,295
ghsc50,Sheets of Six-Membered Rings,Kaolinite-Serpentine,O'Hanley Serpentinite C50 63mil 8-22-89,O'Hanley, David,295
pmrfay,Insular SiO4 Groups Only,Olivine,Rockport Fayalite 300K,Dyar, Darby,295
10083102,Hydroxides and Oxides Containing Hydroxyl,Hydroxide,Goethite, nanophase C1 07-20-10 m.08-23-10,Tosca, Nick,44
11033004,Simple Oxides,Oxide,MaghemiteVI.4 12nm,Nyiro-Kosa, Ilona,30
04020101,Hydrated Acid and Sulfates,Sulfate,Rozenite 578,Lane, Melissa,260
upmp19,Insular, Mixed, Single, and Larger Tetrahedral Groups,Pumpellyite,CB-19 Pumpellyite 52.74 2mil 8-16-94,Voci, Christopher,295
06093001,Single-Width Unbranched Chains W=1,Pyroxene,Pyroxene, synthetic hedenbergite-Ca,Lindsley, Donald,295
11082101,Hydrated Phosphates, Arsenates, and Vanadates containing Hydroxyl or Halogen,Phosphate,Dufrenite ML-P34,Dyar, Darby,295
07111301,Single-Width Unbranched Chains W=1,Pyroxene,Pyroxene, synthetic En90 Fs10GDL-CMP-065,Lindsley, Donald,275
18070801,N/A,Biogeochemical Mineralogical By-Products,Ice Mamba M1-5 Blood Falls culture, live cells, air, ferrihydrite, oxically dried,Mickuchi, Jill,295
10111502,N/A,Biogeochemical Mineralogical By-Products,Islandicum inoculated 11-08-2010,Holden, Jim,295
06101206,Anhydrous Sulfates Containing Hydroxyl or Halogen,Alunite,Natrojarosite #6 UC Davis,Bishop, Janice,295
04081906,Simple Oxides,Oxide,Hematite, synthetic,Dyar, Darby,195
16032801,N/A,Terrestrial Samples,Ocean sediment 185 1149 8H5 115-117 >63mm BU,Anderson, Chloe,295
06110501,Hydrated Acid and Sulfates,Sulfate,Voltaite 137958,Dyar, Darby,75
11010702,Anhydrous Sulfates Containing Hydroxyl or Halogen,Alunite,Jarosite, synthetic blue dry,Loiselle, Liane,295
07010601,Hydrated Sulfates Containing Hydroxyl or Halogen,Sulfate,Hotsonite + Zaherite + Natroalunite G2441,Dyar, Darby,295
03070802,Simple Oxides,Oxide,Hematite, synthetic ,Dyar, Darby,210
11072704,Hydrated Phosphates, Arsenates, and Vanadates containing Hydroxyl or Halogen,Phosphate,Vivianite DD312,Dyar, Darby,295
08111601,N/A,Terrestrial Samples,Chimney ALV 4446 Sa08 8-29-08,Holden, Jim,295
14020704,Anhydrous Sulfates Containing Hydroxyl or Halogen,Sulfate,Amorphous ferric sulfate 012414ACchv ,Sklute, Elizabeth,295
19070501,N/A,Terrestrial Samples,Blood falls sample ES27 air dried sediment mostly sample,Mikucki, Jill,4
14100601,N/A,Glass,Glass, synthetic KOM-2 CO2,McCanta, Molly,295
06072006,Anhydrous Sulfates Containing Hydroxyl or Halogen,Alunite,Natrojarosite NAJ 10-1 UC Davis,Bishop, Janice,295
15011201,Sheets of Six-Membered Rings,Kaolinite-Serpentine,Kaolinite, shocked KGa-1b 10.3 GPa,Michalski, Joe,295
04081904,Simple Oxides,Oxide,Hematite, synthetic,Dyar, Darby,205
10071801,N/A,Industrial Samples,Steel #2,Gupta, Ratnesh,295
20051301,Sheets of Six-Membered Rings,Talc,Gunter Talc #37, USA_MT_Beaverhead, Univ. of Idaho,Gunter, Mickey,295
05102902,Simple Oxides,Oxide,Ferrihydrite, reduced JB-431 reduced 409B,Bishop, Janice,12.7
k4612b,Sheets of Six-Membered Rings,Mica,Holdaway Assm. 4A 61-2 Biotite 5mil 7-25-91,Holdaway, Michael,295
rt161b,Sheets of Six-Membered Rings,Mica,Zhou T161B Biotite+Magnetite 24mil 3-9-93,Zhou, Fuxing,295
15021903,Insular SiO4 Groups Only,Garnet,Garnet 05.24H,Barnes, Calvin,295
15052701o,N/A,Glass,Glass, synthetic RHY-6 Mo-MoO2,McCanta, Molly,295
07111604,Single-Width Unbranched Chains W=1,Pyroxene,Pyroxene, synthetic En90 Fs10GDL-CMP-065,Lindsley, Donald,12
19041501,Simple Oxides,oxide,Wustite, synthetic D intermediate very slightly magnetic,Lindsley, Donald,220
04070702,Anhydrous Sulfates Containing Hydroxyl or Halogen,Sulfate,Romerite SPT 110,Cloutis, Edward,170
04072103,Insular SiO4 Groups Only,Olivine,Olivine, synthetic Fo80,Menzies, Olywn,30
04032201,N/A,Fulgurite,Fulgurite West Virginia sandstone,Sheffer, Abigail,295
16060601,Simple Oxides,Oxide,Ferrihydrite, reacted SG FH-150-1-A,Dehouck, Erwin,6
09012001,Compound Sulfates,Sulfate,Botryogen G3775,Dyar, Darby,295
urut18,Six-Membered Rings,Tourmaline,Melamorphic Ru-T18-92 Tourmaline 45.93 14mil 10-11-94,Dyar, Darby,295
04081601,Six-Membered Rings,Tourmaline,Schorl Konigslam,Ertl, Andreas,295
06111901,Sheets of Six-Membered Rings,Mica,Glauconite Hurricane Mountain, NH,Dyar, Darby,295
15112003,Hydroxides and Oxides Containing Hydroxyl,Hydroxide,Lepidocrocite, synthetic, nanophase LEP100615_2,Sklute, Elizabeth,150
20120201,Single-Width Unbranched Chains W=1,pyroxene,Aegirine 9772 AMNH Magnet Cove AR,Dyar, Darby,295
12012401,N/A,Terrestrial Samples,Sandstone PNF11_4,Schoonen, Martin,295
12051002,N/A,Biogeochemical Mineralogical By-Products,Chimney Sa08 ALV 4446 8-29-08,Holden, Jim,80
ufsh66,N/A,Industrial Samples,Fly Ash 91966 47.29 12mil 9-8-94,unknown,295
15081401,N/A,Biogeochemical Mineralogical By-Products,Sully 7-15 Dry Ferrihydrite FH A Initial ,Holden, Jim,6
20012401,Sheets of Six-Membered Rings,Talc,Gunter Talc #93, USA_MT_Yellowstone_HG, Univ. of Idaho,Gunter, Mickey,295
03020401,Sheets of Six-Membered Rings,Kaolinite-Serpentine,Antigorite JA-559,Bishop, Janice,295
04081402,Insular SiO4 Groups Only,Olivine,Olivine, synthetic Fo60,Menzies, Olywn,270
19050301,N/A,Terrestrial Samples,Black Butte Dacite Dyar-McCanta,Dyar, Darby,295
04100401,Double-Width Unbranched Chains W=2,Amphibole,Amphibole PBM-8 new,Dyar, Darby,295
10120803,Hydroxides and Oxides Containing Hydroxyl,Hydroxide,Akaganeite, nanophase 1GOE 07-2010 ,Bosch, Julian,45
00091001,Sheets of Six-Membered Rings,Mica,Annite Pikes Park Burns Mount,Burns, Roger,295
09021601,Sheets of Six-Membered Rings,Kaolinite-Serpentine,Antigorite Uehara A5,Evans, Bernard,295
12051602,N/A,Industrial Samples,Coal fly ash 3% Fe coal devolatilized 800C + 10 min H2O,Fan, Maohong,295
02042701,Double-Width Unbranched Chains W=2,Amphibole,Holmquisite ,Law, Tony,150
08082801,Anhydrous Sulfates Containing Hydroxyl or Halogen,Sulfate,Leonite 1050509,Dyar, Darby,295
10082701,Hydroxides and Oxides Containing Hydroxyl,Hydroxide,Goethite, nanophase C1 07-20-10 m.08-23-10,Tosca, Nick,163
07050306,Single-Width Unbranched Chains W=1,Pyroxene,Pyroxene, synthetic En40Fs60 with metal blebs 005A ,Lindsley, Donald,125
07092502,Simple Oxides,Oxide,Ferrihydrite JA-499 Iceland,Bishop, Janice,45
07121808,Single-Width Unbranched Chains W=1,Pyroxene,Pyroxene, synthetic En50Fs50 SynPx004,Lindsley, Donald,250
07041604,Single-Width Unbranched Chains W=1,Pyroxene,Pyroxene, synthetic En8Fs92A 021A,Lindsley, Donald,275
06082801,Sheets of Six-Membered Rings,Mica,Allophane,Cloutis, Edward,295
12062503,Hydrated Phosphates, Arsenates, and Vanadates containing Hydroxyl or Halogen,Phosphate,Vivianite DD171,Dyar, Darby,8
02022701,Al-Si Frameworks,Feldspar,Anorthite Fe3+ 57Fe ,Housely, Robert,140
15082804,N/A,Biogeochemical Mineralogical By-Products,Islandicum 8-15 Wet Ferrihydrite FH Initial A,Holden, Jim,220
04050303,Hydrated Acid and Sulfates,Sulfate,Rozenite JB-626-B Iron Mountain <125mm,Dyar, Darby,45
09082501,N/A,Terrestrial Samples,Basalt Mid-Atlantic Ridge 193-1,Reynolds, Valerie,295
15040502,N/A,Terrestrial Samples,Core U1425B 1-1-75 WHOI,Gosan, Liviu,250
13092201,Sheets of Six-Membered Rings,Chlorite,Chlorite, shocked 38.6 GPa  ,Michalski, Joe,295
18072801,Si2O7 Groups, Generally with No Additional Anions,Pyroxene,Pyroxene HMM 93406 Sumatra, Indonesia,Dyar, Darby,295
06091603,Hydrated Acid and Sulfates,Sulfate,Halotrichite + copiapite contaminant 104135,Dyar, Darby,295
05040101,N/A,Fulgurite,Fulgurite Black Rock Utah glass,Sheffer, Abigail,295
04061302,Anhydrous Sulfates Containing Hydroxyl or Halogen,Sulfate,Tochilinite TOC 101,Dyar, Darby,195
07122205,Single-Width Unbranched Chains W=1,Pyroxene,Pyroxene, synthetic Wo20En40Fs40 051,Lindsley, Donald,125
18070401,N/A,Biogeochemical Mineralogical By-Products,Ice Mamba M1-5 Blood Falls culture, live cells, air, ferrihydrite, oxically dried,Mickuchi, Jill,80
04121602,Insular SiO4 Groups Only,Olivine,Olivine, synthetic Fo10 ,Lindsley, Donald,170
08042901,Al-Si Frameworks,Feldspar,Feldspar Tum3,Seaman, Sheila,295
jks3tu,Six-Membered Rings,Tourmaline,Kerrich Sigma-3 Tourmaline 12mil 2-20-91,Kerrich, Bob,295
13041104,Hydroxides and Oxides Containing Hydroxyl,Hydroxide,Schwertmannite VZO 119-120 Nagyborzsony, Hungary,Bishop, Janice,100
07042802,Insular SiO4 Groups Only,Olivine,Olivine, synthetic Fo70 New,Lindsley, Donald,24
04060404,Anhydrous Sulfates Containing Hydroxyl or Halogen,Sulfate,Romerite SPT 110,Cloutis, Edward,95
07122110,Single-Width Unbranched Chains W=1,Pyroxene,Pyroxene, synthetic Wo20En40Fs40 051,Lindsley, Donald,295
04122402,Insular SiO4 Groups Only,Olivine,Olivine, synthetic Fo90 ,Lindsley, Donald,195
k4an43,Sheets of Six-Membered Rings,Mica,Holdaway Assm. 4A N-43 Biotite 5mil 6-28-91,Holdaway, Michael,295
03071903,Simple Oxides,Oxide,Ferrihydrite 96214 Smedley's Iron Mine ,Dyar, Darby,135
00092601,Sheets of Six-Membered Rings,Chlorite,Chlorite SA-6,Dyar, Darby,295
16092501,Simple Oxides,Oxide,Magnetite, synthetic, nanophase MAG060516 dried and mounted in glove box,Sklute, Elizabeth,10
11100703,N/A,Terrestrial Samples,Sandstone, Caspian Sea <180mm, grey ss, no acetone,Schoonen, Martin,295
08021201,Insular SiO4 Groups Only,Garnet,Garnet, pyrope KB-12-51 garnet peridotite, Jagersfontein Mine, South Africa,Dyar, Darby,295
05122401,N/A,Fulgurite,Fulgurite CT sample #1,Sheffer, Abigail,295
ihj2a,Sheets of Six-Membered Rings,Kaolinite-Serpentine,J2a Lizardite + Mt O'Hanley 68mil 6-18-90,O'Hanley, David,295
06120101,Simple Oxides,Oxide,Magnetite, Meteorite LAP 04840.16,Dyar, Darby,293
20013101,Sheets of Six-Membered Rings,Talc,Gunter Talc #8, BRA_Bahia_78, Univ. of Idaho,Gunter, Mickey,295
02081201,Simple Oxides,Oxide,Hematite HEM 103,Cloutis, Edward,295
10092203,N/A,Biogeochemical Mineralogical By-Products,Roane 8-19-10 mounted dry,Holden, Jim,295
v2w82d,Sheets of Six-Membered Rings,Kaolinite-Serpentine,Chrysotile W82-152 green vein 8.204 24mil 5-5-95,O'Hanley, David,295
qgrab5,Sheets of Six-Membered Rings,Mica,Guidotti Muscovite Ra-b56-66 zone 7 40mil 12-3-92,Guidotti, Charles,295
11110101,Anhydrous Phosphates, Arsenates, and Vanadates containing Hydroxyl or Halogen,Phosphate,Trolleite DD304,Dyar, Darby,295
12050102,N/A,Biogeochemical Mineralogical By-Products,Chimney Dante ALV 4441 9-1-08,Holden, Jim,295
07122303,Single-Width Unbranched Chains W=1,Pyroxene,Pyroxene, synthetic Wo20En40Fs40 051,Lindsley, Donald,8
04072001,Six-Membered Rings,Tourmaline,Tourmaline UE-7,Oyman, Tolga,295
10042102,N/A,Biogeochemical Mineralogical By-Products,Islandicum, anaerobically dried,Holden, Jim,12
07070303,Sheets of Six-Membered Rings,Pyrophyllite-Talc,Talc FTA-21-R2 J.C.C. 10-12-06,Jenkins, David,295
03112102,Simple Oxides,Oxide,Ferrihydrite JB-564 Czech 5005-1,Bishop, Janice,12
03071703,Simple Oxides,Oxide,Ferrihydrite 96214 Smedley's Iron Mine ,Dyar, Darby,50
07121905,Single-Width Unbranched Chains W=1,Pyroxene,Pyroxene, synthetic En50Fs50 SynPx004,Lindsley, Donald,100
02050701,Simple Oxides,Oxide,llmenite KI-2193,Morse S. A.,295
18020502,N/A,Biogeochemical Mineralogical By-Products,P. islandicum Akaganeite heat + cells anoxically dried,Kashyap, Srishti,295
02010301,Al-Si Frameworks,Feldspar,Plagioclase Bushveld BT28,Tegnar, Christian,295
05111806,Insular SiO4 Groups Only,Olivine,Olivine, synthetic Fo80 Podpara,Lindsley, Donald,75
04081502,Insular SiO4 Groups Only,Olivine,Olivine, synthetic Fo60,Menzies, Olywn,295
06080803,Insular SiO4 Groups Only,Garnet,Garnet GTF 90-33,Taran, Michail,295
20012101,Sheets of Six-Membered Rings,Talc,Gunter Talc #4, KOR_73, Univ. of Idaho,Gunter, Mickey,295
10082501,Hydroxides and Oxides Containing Hydroxyl,Hydroxide,Goethite, nanophase C1 07-20-10 m.08-23-10,Tosca, Nick,233
xubmt49,Six-Membered Rings,Tourmaline,Blk.Mtn. Pegmatite BLKMTN-49 Tourmaline 46.54 14mil 10-6-94,Dyar, Darby,295
17111301,Simple Oxides,Ilmenite,Geikielite Ilm1 #3 Brown U.,Tolke, Leif,300
06121506,Sheets of Six-Membered Rings,Mica,Glauconite Hurricane Mountain, NH,Dyar, Darby,45
13090701,Sheets of Six-Membered Rings,Kaolinite-Serpentine,Serpentine, shocked 35.2 GPa ,Michalski, Joe,295
11102801,N/A,Terrestrial Samples,Sandstone, Caspian Sea PNF 10-1, grey ss,Schoonen, Martin,295
02052501,Anhydrous Sulfates Containing Hydroxyl or Halogen,Sulfate,Metavoltine SPT 109,Cloutis, Edward,295
14082001,N/A,Glass,Glass, synthetic BAA-1 CO2,McCanta, Molly,295
12081002,Native Elements and Alloys,Metal,Fe foil  4 mm-s,n/a,295
05032001,Anhydrous Sulfates Containing Hydroxyl or Halogen,Sulfate,Romerite R8415 NMNH,Dyar, Darby,295
07121705,Single-Width Unbranched Chains W=1,Pyroxene,Pyroxene, synthetic Fs100 DL-CMP-061,Lindsley, Donald,250
17061101,Hydroxides and Oxides Containing Hydroxyl,Biogeochemical Mineralogical By-Products,Geobacter Lepidocrocite heat+cells, filtered then dried anaerobically 6-5-17,Valvur, Helena,4
15083003,N/A,Biogeochemical Mineralogical By-Products,Islandicum 8-15 Dry Ferrihydrite FH Control Final,Holden, Jim,150
14100301,N/A,Glass,Glass, synthetic KOM-1 CO2,McCanta, Molly,295
04082701,Insular SiO4 Groups Only,Olivine,Olivine, synthetic Fo40,Lindsley, Donald,60
05101103,Native Elements and Alloys,Metal,Fe foil  12 mm-s,n/a,250
08051101,Hydrated Acid and Sulfates,Sulfate,Rozenite ,Coleman, Max,295
19091201,Double-Width Unbranched Chains W=2,Amphibole,Hastingsite FR-830W,Jenkins, David,295
11022201,N/A,Terrestrial Samples,Sandstone PNF-7-2 (10),Schoonen, Martin,295
vmcdis,Single-Width Unbranched Chains W=1,Pyroxene,Mackwell-Carpenter Diopside S 18.38 17mil 12-11-94,McGuire, Anne,295
05101108,Native Elements and Alloys,Metal,Fe foil  12 mm-s,n/a,175
14102301,N/A,Fulgurite,Tektite #2,Nottke, Tony,295
11021801,N/A,Terrestrial Samples,Sandstone PNF-5-4 (6),Schoonen, Martin,295
07022104,Insular SiO4 Groups Only,Garnet,Ilmenite + garnet Ra-a14 66G,Guidotti, Charles,295
06111401,Six-Membered Rings,Beryl,Beryl, blue #38,Groat, Lee,4
07121305,Single-Width Unbranched Chains W=1,Pyroxene,Pyroxene, synthetic Wo40En24Fs36 071,Lindsley, Donald,175
05052301,N/A,Fulgurite,Fulgurite Sugarland TX glass,Sheffer, Abigail,295
18072001,Si2O7 Groups, Generally with No Additional Anions,Pyroxene,Pyroxene BA-2-1-A1 opx,Dyar, Darby,295
08122101,N/A,Mixtures,Magnetite -- Maghemite 50:50 mix JB-JLB-806,Bishop, Janice,295
02042501,Double-Width Unbranched Chains W=2,Amphibole,Holmquisite ,Law, Tony,100
06080504,Anhydrous Sulfates Containing Hydroxyl or Halogen,Alunite,Jarosite, synthetic T1,Tosca, Nick,295
07122803,Single-Width Unbranched Chains W=1,Pyroxene,Pyroxene, synthetic Wo50En15Fs35 037,Lindsley, Donald,60
12011701,N/A,Terrestrial Samples,Sandstone PNF11_5,Schoonen, Martin,295
j142bi,Sheets of Six-Membered Rings,Mica,Holdaway Assemblage5 14-2 Biotite 3mil 3-26-91,Holdaway, Michael,295
05120501,Insular SiO4 Groups Only,Olivine,Olivine, synthetic Fo40 Zhou,Lindsley, Donald,175
17061401,Simple Oxides,Biogeochemical Mineralogical By-Products,Geobacter Ferrihydrite heat+cells, filtered then dried anaerobically 6-5-17,Valvur, Helena,4
06090601,Hydroxides and Oxides Containing Hydroxyl,Hydroxide,Lepidocrocite, synthetic JB-56,Bishop, Janice,295
17010803,Simple Oxides,Oxide,Magnetite DLR PEL 1805,Helbert, Joern,295
12071501,N/A,Terrestrial Samples,Halemaumau H10-7,McCanta, Molly,295
07032505,Sheets of Six-Membered Rings,Mica,Annite Cape Ann,Burns, Roger,40
18092101,Double-Width Unbranched Chains W=2,Amphibole,Amphibole Tony Law A2,Dyar, Darby,295
18060101,N/A,Industrial Samples,Kan Li #1,Li ,Kan,295
02011701,Double-Width Unbranched Chains W=2,Amphibole,Holmquisite ,Law, Tony,225
08110301,Hydrated Sulfates Containing Hydroxyl or Halogen,Sulfate,Pentahydrite 12022 29.6.7.3,None,295
04072921,Native Elements and Alloys,Metal,Fe foil  4 mm-s,n/a,290
15082802,N/A,Biogeochemical Mineralogical By-Products,Islandicum 8-15 Wet Ferrihydrite FH Initial A,Holden, Jim,80
11032002,Simple Oxides,Oxide,Magnetite V.2,Nyiro-Kosa, Ilona,150
ih0004,Sheets of Six-Membered Rings,Kaolinite-Serpentine,O'Hanley 88050-0004 Lizardite  Mt 82mil 5-8-90,O'Hanley, David,295
07092402,Simple Oxides,Oxide,Ferrihydrite JA-499 Iceland,Bishop, Janice,60
04050402,Basic or Halogen-Containing Antimonites, Arsenites,Sulfate,Tochilinite TOC 101,Dyar, Darby,12
13073101,N/A,Glass,Glass, synthetic BAA-3 QFM,McCanta, Molly,295
18081602,Single-Width Unbranched Chains W=1,Pyroxene,Pyroxenene EET-79002,197,Dyar, Darby,295
16030701,N/A,Terrestrial Samples,Siltstone, sandy JL 161-4 heated at 550C 3hrs,Li, June,295
04081905,Simple Oxides,Oxide,Hematite, synthetic,Dyar, Darby,200
05120401,N/A,Meteorite,Meteorite QPY non-mag,Kennedy, Justin,295
12070301,N/A,Biogeochemical Mineralogical By-Products,Sully_3 inoculated + incubated at 92C until stationary phase  ,Holden, Jim,12
07041006,Single-Width Unbranched Chains W=1,Pyroxene,Pyroxene, synthetic Wo5En47.5Fs47.5 012,Lindsley, Donald,60
15082403,N/A,Biogeochemical Mineralogical By-Products,Islandicum 8-15 Wet Ferrihydrite FH Final A,Holden, Jim,295
17072001,Anhydrous Borates,Phosphate,Wardite DD328,Dyar, Darby,300
07052106,Double-Width Unbranched Chains W=2,Amphibole,Kaersutite Fr-12,Dyar, Darby,45
09020201,Hydrated Sulfates Containing Hydroxyl or Halogen,Sulfate,Ferricopiapite (2) Hyde,King, Penny,295
00042803,Double-Width Unbranched Chains W=2,Amphibole,Dyar Grunerite 1-K  T=140K  V3 WEB Research Co. TK,Grant, Christopher,140
10110701,Simple Oxides,Oxide,Hematite, nanophase Alfa Aesar 07-2010,Holden, Jim,225
16030901,N/A,Terrestrial Samples,Siltstone, sandy JL 161-4 unheated,Li, June,295
10111402,Simple Oxides,Oxide,Hematite, nanophase Alfa Aesar 07-2010,Holden, Jim,8
14070701,Six-Membered Rings,Tourmaline,Tourmaline, dravite Tanzania,Taran, Michail,295
11070403,N/A,Industrial Samples,Coal Fly Ash Sample T Fe6+,Fan, Mahoung,8
06120806,Sheets of Six-Membered Rings,Mica,Zinnwaldite ZW-C GIT-IWG,Dyar, Darby,275
06012201,N/A,Meteorite,Meteorite QPY non-mag,Kennedy, Justin,295
05070801,Sheets of Six-Membered Rings,Chlorite,Chlorite CG-BG 9,Guidotti, Charles,295
07020101,Hydrated Acid and Sulfates,Sulfate,Pickeringite R6183 Tarapara Chile all sample,Dyar, Darby,295
07071602,Simple Oxides,Oxide,Hematite N5E Mine hard,Thomson, Bradley,295
04111801,Insular SiO4 Groups Only,Olivine,Olivine, synthetic Fo70,Menzies, Olywn,45
13040803,Sulfides, including Selenides and Tellurides,Sulfite,Pyrite, Logrono, Spain,Dyar, Darby,80
07053004,Double-Width Unbranched Chains W=2,Amphibole,Kaersutite Fa-86-1,Dyar, Darby,295
11042901,Anhydrous Phosphates, Arsenates, and Vanadates containing Hydroxyl or Halogen,Phosphate,Triploidite DD308 ,Dyar, Darby,295
11032301,Simple Oxides,Oxide,Maghemite VI.1 70nm,Nyiro-Kosa, Ilona,18
06101401,Anhydrous Sulfates Containing Hydroxyl or Halogen,Alunite,Natroalunite NAJ2-3 UC Davis,Bishop, Janice,295
07042403,Insular SiO4 Groups Only,Olivine,Olivine, synthetic Fo89.5 New,Lindsley, Donald,175
12040503,Simple Oxides,Oxide,Ilmenite 20724JB 1-05,Riner, Miriam,200
06101307,Anhydrous Sulfates Containing Hydroxyl or Halogen,Alunite,Natroalunite NAJ4-1 UC Davis,Bishop, Janice,295
05100203,Anhydrous Sulfates Containing Hydroxyl or Halogen,Sulfate,Romerite SPT 110 dry,Cloutis, Edward,275
07033002,Single-Width Unbranched Chains W=1,Pyroxene,Pyroxene, synthetic Wo8En46Fs46 013,Lindsley, Donald,30
jbmobt,Sheets of Six-Membered Rings,Mica,Earley Biotite, Bancroft Mine, Ontario 14mil 9-21-90,Earley, Drummond,295
10070801,N/A,Industrial Samples,Steel A4,Gupta, Ratnesh,295
v2h30b,Multiple Oxides,Multiple Oxide,Spinel Peridotite H30-B3 Spinel 40.05 16mil 1-23-95,McGuire, Anne,295
03041501,Al-Si Frameworks,Feldspar,Feldspar Bushveld BS22,Tegner, Christian,295
07111906,Single-Width Unbranched Chains W=1,Pyroxene,Pyroxene, synthetic Wo50En0Fs50 083,Lindsley, Donald,100
13040702,Sulfides, including Selenides and Tellurides,Sulfite,Sphalerite R164122-1 Dundas, Ontario, Canada,Dyar, Darby,200
06071805,Double-Width Unbranched Chains W=2,Amphibole,Amphibole SC #3,Righter, Kevin,295
15041611,Simple Oxides,Oxide,Hematite, synthetic, nanophase HEM022015,Sklute, Elizabeth,4
18080102,Multiple Oxides,Multiple Oxide,Spinel Can Agca Fe1.37Al1.67O4,Agca, Can,295
07052801,Single-Width Unbranched Chains W=1,Pyroxene,Pyroxene, synthetic Wo20En64Fs16 017,Lindsley, Donald,150
11031401,Simple Oxides,Oxide,Magnetite V.1 62nm,Nyiro-Kosa, Ilona,125
05122201,N/A,Meteorite,Meteorite MET C2,Kennedy, Justin,295
15122501,N/A,Miscellaneous,Window,Dyar, Darby,295
05101101,Native Elements and Alloys,Metal,Fe foil  12 mm-s,n/a,293
08010304,Single-Width Unbranched Chains W=1,Pyroxene,Pyroxene, synthetic Wo30Fs70 085,Lindsley, Donald,35
18042201,N/A,Biogeochemical Mineralogical By-Products,P. delaneyi Ferrihydrite heat + cells anoxically dried ,Kashyap, Srishti,295
17031901,Insular SiO4 Groups Only,Olivine,Montticellite NMNH 13639, Italy, whole sample not pure but maybe only one Fe bearing phase,Dyar, Darby,80
11080501,N/A,Biogeochemical Mineralogical By-Products,Roane July 2011 inoculated + incubated until stationary phase,Holden, Jim,130
dabm1,Single-Width Unbranched Chains W=1,Pyroxene,al Birk, AB-M1 Augite,McGuire, Anne,295
12061503,Hydrated Phosphates, Arsenates, and Vanadates containing Hydroxyl or Halogen,Phosphate,Vivianite DD311,Dyar, Darby,200
16080601,Sheets of Six-Membered Rings,Mica,Biotite F11-4,Bucholz, Claire,295
06122001,Sheets of Six-Membered Rings,Smectite,Nontronite Sampor smectite JB-175 ,Bishop, Janice,4
16122201,Single-Width Unbranched Chains W=1,Pyroxene,Orthopyroxene GK-1 Green Knobs, NM,Dyar, Darby,295
11062401,N/A,Glass,Glass, synthetic 85-3 Q(2),Blank, Jen,295
14082701,Insular SiO4 Groups Only,Olivine,Olivine, unbaked,Hibbitts, Karl,295
07090601,Double-Width Unbranched Chains W=2,Amphibole,Amphibole 84-BR,Dyar, Darby,175
edst06,Insular SiO4 Groups and O, OH, F, and H2O,Staurolite,Dutrow Staurolite FeLi-225-1 6mil 11-21-88,Dutrow, Barbara,295
ldl5hb,Double-Width Unbranched Chains W=2,Amphibole,Wilshire DL-5 Hornblende 18mil 9-16-91,Wilshire, Howard,295
07090602,Double-Width Unbranched Chains W=2,Amphibole,Amphibole 84-BR,Dyar, Darby,150
19092101,N/A,glass,Maine Vinalhaven granite mixing experiments,Dyar, Darby,295
06072002,Double-Width Unbranched Chains W=2,Amphibole,Amphibole Libby, MT 105991 June 2,06,Gunter, Mickey,295
03062409,Simple Oxides,Oxide,Hematite,Dyar, Darby,295
04080901,Insular SiO4 Groups Only,Olivine,Olivine, synthetic Fo60,Menzies, Olywn,35
07121809,Single-Width Unbranched Chains W=1,Pyroxene,Pyroxene, synthetic En50Fs50 SynPx004,Lindsley, Donald,225
07021401,Sheets of Six-Membered Rings,Chlorite,Clinochlore West Chester, PA,Dyar, Darby,18
07121402,Single-Width Unbranched Chains W=1,Pyroxene,Pyroxene, synthetic Wo40En24Fs36 071,Lindsley, Donald,80
12031402,Simple Oxides,Oxide,Hematite 22-30nm iron(III) Oxide, gamma Alfa Aesar CAS #1309-37-1,Breves, Elly,295
10021601,Sheets of Six-Membered Rings,Kaolinite-Serpentine,Antigorite BM 1917,232,Evans, Bernard,295
bmoc30,Sheets of Six-Membered Rings,Mica,Guidotti Biotite o-c-30 1mil 12-14-87,Guidotti, Charles,295
14020804,Anhydrous Sulfates Containing Hydroxyl or Halogen,Sulfate,Amorphous ferric sulfate 012414AAPchv,Sklute, Elizabeth,295
09080801,N/A,Terrestrial Samples,Basalt Mid-Atlantic Ridge 287-1,Reynolds, Valerie,295
08030301,Sheets of Six-Membered Rings,Mica,Annite Mix 4.004,Francis, M.,295
11032406,Simple Oxides,Oxide,Maghemite VI.1 70nm,Nyiro-Kosa, Ilona,225
aaa1466,Sheets of Six-Membered Rings,Mica,Guidotti Biotite Ra-a14-66 1mil 10-10-87,Guidotti, Charles,295
12021503,N/A,Biogeochemical Mineralogical By-Products,Roane-Sully 2, Fe gel media uninoculated + incubated 92C overnight, prepared Dec 2011 ,Holden, Jim,130
15033102,N/A,Terrestrial Samples,Core U1424A 1-1-20 WHOI,Gosan, Liviu,250
11091302,N/A,Terrestrial Samples,Oil sand ES,Osacky, Marek,130
03102302,N/A,Mixtures,Ferrihydrite -- Magnetite Balmont Mix #4,Bishop, Janice,190
10072301,N/A,Industrial Samples,Steel #7,Gupta, Ratnesh,295
13101701,Unbranched Chains with W>2,Smectite,Saponite, shocked 24.9 GPa,Michalski, Joe,295
11050401,N/A,Industrial Samples,Coal Fly Ash FeOOH 25C,Fan, Maohoung,4
vsp79p,Single-Width Unbranched Chains W=1,Pyroxene,Spinel Peridotite H279-12 OPX 46.32 12mil 12-16-94,McGuire, Anne,295
07111502,Single-Width Unbranched Chains W=1,Pyroxene,Pyroxene, synthetic En90 Fs10GDL-CMP-065,Lindsley, Donald,60
08120803,Simple Oxides,Mixtures,Ferrihydrite - Nontronite 25:75 mix JB-JLB-803 ,Bishop, Janice,295
07121103,Single-Width Unbranched Chains W=1,Pyroxene,Pyroxene, synthetic Wo20En32Fs48 057,Lindsley, Donald,150
fhd1sp,Multiple Oxides,Multiple Oxide,Harrat al Kishb H30-D1 Sp. Pyr. Spinel 1mil 5-18-89,McGuire, Anne,295
20052701,N/A,Fe metal,Fe Foil calibration  4 mm-s,Dyar, Darby,295
07062001,Single-Width Unbranched Chains W=1,Pyroxene,Pyroxene, synthetic Wo50En40Fs10 033,Lindsley, Donald,45
16080201,Insular SiO4 Groups Only,Garnet,Garnet 95-29,Bucholz, Claire,295
16121103,Single-Width Unbranched Chains W=1,Pyroxene,Orthopyroxene KBH-94-23-E,Dyar, Darby,295
g510lr,Insular SiO4 Groups Only,Olivine,S. Africa, gt. Perid. Olivine Kb-12-51 2mil 7-9-91,McGuire, Anne,295
16120601,Single-Width Unbranched Chains W=1,Pyroxene,Enstatite NMNH 120414-1 New Zealand, Roding River, Southland,Dyar, Darby,295
06090501,Al-Si Frameworks,Feldspar,Feldspar Lake Co., OR,Gunter, Mickey,295
18022801,N/A,Industrial Samples,Ca2Fe2O5, cycled University of Wyoming,Sun, Zhao,295
12092501,Multiple Oxides,Multiple Oxide,Spinel FeSp7_6,Cheek, Leah,295
07051801,Double-Width Unbranched Chains W=2,Amphibole,Kaersutite Tm,Dyar, Darby,60
20111201,N/A,Terrestrial Samples,AK17 Lep heat + cells (1),Elizabeth Sklute,295
12031901,Anhydrous Phosphates, Arsenates, and Vanadates containing Hydroxyl or Halogen,Phosphate,Wagnerite DD330,Dyar, Darby,295
ihj51,Sheets of Six-Membered Rings,Kaolinite-Serpentine,O'Hanley Lizardite+Mt J51 40mil 6-20-90,O'Hanley, David,295
07042302,Single-Width Unbranched Chains W=1,Pyroxene,Pyroxene, synthetic Wo50En0Fs50,Lindsley, Donald,4
07121902,Single-Width Unbranched Chains W=1,Pyroxene,Pyroxene, synthetic En50Fs50 SynPx004,Lindsley, Donald,175
11040101,Simple Oxides,Oxide,MaghemiteVI.4 12nm,Nyiro-Kosa, Ilona,250
w4p123,Single-Width Unbranched Chains W=1,Pyroxene,Peridotite Ep-1-123A OPX 128.53 5mil 6-13-95,McGuire, Anne,295
15021001,N/A,Terrestrial Samples,Ocean sediment KN223 S10-LC1-S20-0-10 BU,Anderson, Chloe,295
06080702,Insular SiO4 Groups Only,Garnet,Garnet GTF 90-33,Taran, Michail,295
15061205,Insular SiO4 Groups Only,Olivine,Olivine SC ,Gaetani, Glenn,295
07041901,Single-Width Unbranched Chains W=1,Pyroxene,Pyroxene, synthetic Wo20En20Fs20 055,Lindsley, Donald,200
04081001,Insular SiO4 Groups Only,Olivine,Olivine, synthetic Fo60,Menzies, Olywn,50
18042601,N/A,Biogeochemical Mineralogical By-Products,P. Islandicum Ferrihydrite no heat-no cells anoxically dried ,Kashyap, Srishti,80
07122305,Single-Width Unbranched Chains W=1,Pyroxene,Pyroxene, Synthetic Wo20Fs80 SynPx087 ,Lindsley, Donald,295
jhs39a,Multiple Oxides,Multiple Oxide,Harrell Ep-3-139A Spinel 12mil 3-20-91,McGuire, Anne,295
19110202,N/A,weathered steel,MN 62861 #6,None,295
bbbt,Sheets of Six-Membered Rings,Mica,Sarambi Mica BBT 4mil 1-4-88,unknown,295
18070201,N/A,Biogeochemical Mineralogical By-Products,Ice Mamba M1-5 Blood Falls culture, live cells, air, ferrihydrite, oxically dried,Mickuchi, Jill,5
10120301,N/A,Terrestrial Samples,Basalt, altered HYD-4 Atacama Desert ,Greenberger, Rebecca,295
06092501,Sheets of Six-Membered Rings,Chlorite,Chlorite CG-BG 2,Guidotti, Charles,295
06101904,Anhydrous Sulfates Containing Hydroxyl or Halogen,Alunite,Jarosite, synthetic 6 Na0.5H3O0.5Fe1.5Al1.5,Tosca, Nick,295
15041609,Simple Oxides,Oxide,Hematite, synthetic, nanophase HEM022015,Sklute, Elizabeth,80-150
12021602,N/A,Biogeochemical Mineralogical By-Products,Roane-Sully 1, Fe gel media uninoculated + unincubated, prepared Dec 2011,Holden, Jim,295
04060101,Simple Oxides,Oxide,Magnetite JB-307,Bishop, Janice,150
05080201,Insular SiO4 Groups Only,Zircon,Zircon, synthetic Batch 47 Fe+p,Hanchar, John,295
11022602,Al-Si Frameworks,Feldspar,Feldspar, plagioclase PL-15,Cheek, Leah,12
05100303,Anhydrous Sulfates Containing Hydroxyl or Halogen,Sulfate,Romerite SPT 110 dry,Cloutis, Edward,200
15040601,N/A,Terrestrial Samples,Core U1425B 3-6-40 WHOI,Gosan, Liviu,250
07121407,Single-Width Unbranched Chains W=1,Pyroxene,Pyroxene, synthetic Wo40En24Fs36 071,Lindsley, Donald,18
12121801,Hydroxides and Oxides Containing Hydroxyl,Hydroxide,Goethite 96627 "limonite" Nadabula, Slovensho, Czech,Dyar, Darby,295
15032305,N/A,Biogeochemical Mineralogical By-Products,Sully March innoculation time point 2, series C (control) no acetone,Holden, Jim,295
11092002,Native Elements and Alloys,Metal,Fe foil  10 mm-s,n/a,295
04100303,Double-Width Unbranched Chains W=2,Amphibole,Amphibole PBM-7 new,Dyar, Darby,295
08112001,N/A,Biogeochemical Mineralogical By-Products,Chimney, Cauldron Cd08 4450 9-2-02,Holden, Jim,295
07040203,Single-Width Unbranched Chains W=1,Pyroxene,Pyroxene, synthetic Wo5En66.5Fs28.5 015,Lindsley, Donald,100
15062801,N/A,Biogeochemical Mineralogical By-Products,Islandicum Pipes buffer time point 6 control,Holden, Jim,220
18012302,N/A,Biogeochemical Mineralogical By-Products,P. delaneyi Lepidocrocite heat- no cells anoxically dried,Kashyap, Srishti,8
04071002,Six-Membered Rings,Beryl,Beryl, blue #2,Groat, Lee,20
07112901,Single-Width Unbranched Chains W=1,Pyroxene,Pyroxene, synthetic Wo50En25Fs25 039,Lindsley, Donald,8
07043005,Single-Width Unbranched Chains W=1,Pyroxene,Pyroxene, synthetic En17Fs83C 024,Lindsley, Donald,18
13032302,N/A,Biogeochemical Mineralogical By-Products,Sully_3 10-02-12  ,Holden, Jim,24
w2fs88,N/A,Industrial Samples,91988 Cl Fly Ash 54.65 13mil 6-6-95,unknown,295
19091801,N/A,glass,Mexico glass used for mixing experiments,Dyar, Darby,295
08010206,Single-Width Unbranched Chains W=1,Pyroxene,Pyroxene, synthetic Wo30Fs70 085,Lindsley, Donald,125
04111902,Insular SiO4 Groups Only,Olivine,Olivine, synthetic Fo70,Menzies, Olywn,95
07062101,Single-Width Unbranched Chains W=1,Pyroxene,Pyroxene, synthetic Wo50En40Fs10 033,Lindsley, Donald,24
10081701,Sheets of Six-Membered Rings,Kaolinite-Serpentine,Antigorite BM 1992,651,Evans, Bernard,295
09051102,Simple Oxides,Oxide,Wustite, synthetic D intermediate very slightly magnetic,Lindsley, Donald,30
07041103,Single-Width Unbranched Chains W=1,Pyroxene,Pyroxene, synthetic Wo5En47.5Fs47.5 012,Lindsley, Donald,12
21040901,N/A,rock,Hendrix JSC-1a treatment LMS-1,Hendrix, Donald,295
nmsaro,Insular SiO4 Groups Only,Olivine,Mackwell Syn.Olv. Argon 700degrees celsius 101.5h 32mil 5-11-92,Mackwell, Steve,295
11021701,N/A,Terrestrial Samples,Sandstone PNF-5-3 (4),Schoonen, Martin,295
06082102,Single-Width Unbranched Chains W=1,Pyroxene,Diopside, shocked #3493,McCanta, Molly,295
w4sp7b,Multiple Oxides,Multiple Oxide,Peridotite Ep-3-7B Spinel 127.81 15mil 6-26-95,McGuire, Anne,295
07121703,Single-Width Unbranched Chains W=1,Pyroxene,Pyroxene, synthetic Fs100 DL-CMP-061,Lindsley, Donald,295
14061401,N/A,Glass,Glass, synthetic BAS-7 AIR,McCanta, Molly,295
04100201,Double-Width Unbranched Chains W=2,Amphibole,Amphibole Mo-3B,Moore, Paulus,295
10103102,Simple Oxides,Oxide,Ferrihydrite, nanophase 1GOE 06-2008,Bosch, Julian,225
14012102,N/A,Glass,Glass, synthetic Fa-Plag Lazareva-Lindsley 1.204,Lazareva, Lena,295
20021801,N/A,Terrestrial Samples,ES26 Blood Falls Sediment supernatant,Mikucki, Jill,80
06101701,Single-Width Unbranched Chains W=1,Pyroxene,Pyroxene, shocked MPX-7 31mg,McCanta, Molly,295
20122801,Sheets of Six-Membered Rings,Talc,Gunter Talc #98 USA_CA_CT_Vansil,Gunter, Mickey,295
18071201,N/A,Glass,Glass, MSNJ23  ,McCanta, Molly,295
11021901,N/A,Terrestrial Samples,Sandstone PNF-6-1 (1) control,Schoonen, Martin,295
07052404,Double-Width Unbranched Chains W=2,Amphibole,Kaersutite DL-7,Dyar, Darby,80
v2atl5,Sheets of Six-Membered Rings,Mica,Spike Muscovite ATL-35 41.74 10mil 3-7-95,Berry, Spike,295
04120802,Insular SiO4 Groups Only,Olivine,Olivine, synthetic Fo30 ,Lindsley, Donald,145
13031403,Hydrated Sulfates Containing Hydroxyl or Halogen,Sulfate,Amarantite G3775 Los Pintados, Chile,Dyar, Darby,45
xvm230d,Six-Membered Rings,Tourmaline,Yinnietharra #43230 Dravite Tourmaline .69 16mil 11-7-94,Dyar, Darby,295
11072702,Hydrated Phosphates, Arsenates, and Vanadates containing Hydroxyl or Halogen,Phosphate,Vivianite DD312,Dyar, Darby,295
07041607,Single-Width Unbranched Chains W=1,Pyroxene,Pyroxene, synthetic En8Fs92A 021A,Lindsley, Donald,200
uhs879,Six-Membered Rings,Tourmaline,Raglan TWP HS#108749 Tourmaline 51.22 8mil 9-28-94,Dyar, Darby,295
15061101,N/A,Biogeochemical Mineralogical By-Products,Islandicum NaHCO3 buffer control final,Holden, Jim,80
06121105,Sheets of Six-Membered Rings,Mica,Zinnwaldite ZW-C GIT-IWG,Dyar, Darby,18
07071001,Sheets of Six-Membered Rings,Smectite,Ferrosaponite JB-761 Chocolate Clan, Flagstaff Hill, CA,Bishop, Janice,295
10111401,Simple Oxides,Oxide,Hematite, nanophase Alfa Aesar 07-2010,Holden, Jim,12
10060702,Insular SiO4 Groups Only,Olivine,Forsterite JB-945a,Bishop, Janice,295
07120107,Single-Width Unbranched Chains W=1,Pyroxene,Pyroxene, synthetic En70Fs30 SynPx 026A,Lindsley, Donald,275
17032901,Insular SiO4 Groups Only,Olivine,Montticellite NMNH 13639, Italy, whole sample not pure but maybe only one Fe bearing phase,Dyar, Darby,275
03042201,Al-Si Frameworks,Feldspar,Feldspar Bushveld BS19,Tegner, Christian,295
16081702,Native Elements and Alloys,Metal,Fe foil  4 mm-s,n/a,295
16021901,N/A,Biogeochemical Mineralogical By-Products,Sully Su06 Dry Ferrihydrite FH C 2-12-16 ,Holden, Jim,150
ehsh04,Insular SiO4 Groups and O, OH, F, and H2O,Staurolite,Holdaway Staurolite B14040 1mil 10-9-88,Holdaway, Michael,295
07061206,Single-Width Unbranched Chains W=1,Pyroxene,Pyroxene, synthetic Wo10En45Fs45 009,Lindsley, Donald,80
13041702,Sulfides, including Selenides and Tellurides,Sulfite,Marcasite Waredale, England MHC Collection,Dyar, Darby,200
m290mx,Single-Width Unbranched Chains W=1,Pyroxene,CVL 290M CPX 37mil 11-26-91,unknown,295.0
08050704,Hydrated Acid and Sulfates,Sulfate,Voltaite,Coleman, Max,295.0
07121608,Single-Width Unbranched Chains W=1,Pyroxene,Pyroxene, synthetic En30Fs70 SynPx 023,Lindsley, Donald,24.0
12020301,Hydrated Sulfates Containing Hydroxyl or Halogen,Sulfate,Metasideronatrite 105774-2,Dyar, Darby,295.0
04120201,Insular SiO4 Groups Only,Olivine,Olivine, synthetic Fo50 ,Menzies, Olywn,35.0
u98695,Six-Membered Rings,Tourmaline,Harvard Misc. #98695 Tourmaline 49.28 8mil 10-2-94,Dyar, Darby,295.0
11070501,N/A,Industrial Samples,Coal Fly Ash Sample T Fe6+,Fan, Mahoung,12.0
04070903,Six-Membered Rings,Beryl,Beryl, blue #38,Groat, Lee,12.0
15060901,N/A,Biogeochemical Mineralogical By-Products,Islandicum NaHCO3 buffer A final,Holden, Jim,80.0
12081401,Sheets of Six-Membered Rings,Clay,Clay VA3 313-318,Michalski, Joe,295.0
07011901,Hydrated Acid and Sulfates,Sulfate,Goldichite 123922 Pozzvoli, Solfatara, Italy,Dyar, Darby,295.0
l4gc1c,Sheets of Six-Membered Rings,Chlorite,Guidotti Zone 4 Ra-C1-66 Chlorite 6mil 10-1-91,Guidotti, Charles,295.0
18072601,Si2O7 Groups, Generally with No Additional Anions,Pyroxene,Pyroxene EP-3-162 cpx,Dyar, Darby,295.0
17110301,Sheets of Six-Membered Rings,Allophane,Allophane #112816 JB-1649A <125mm,Bishop, Janice,300.0
ldl7hb,Double-Width Unbranched Chains W=2,Amphibole,Wilshire DL-7 Hornblende 9mil 9-18-91,Wilshire, Howard,295.0
pmfay3,Insular SiO4 Groups Only,Olivine,Mackwell Fayalite Fay#3 17mil 7-15-92,Mackwell, Steve,295.0
10121002,Hydroxides and Oxides Containing Hydroxyl,Hydroxide,Akaganeite, nanophase 1GOE 07-2010 ,Bosch, Julian,150.0
06080604,Anhydrous Sulfates Containing Hydroxyl or Halogen,Alunite,Jarosite, synthetic T11,Tosca, Nick,295.0
06110401,Hydrated Acid and Sulfates,Sulfate,Voltaite 137958,Dyar, Darby,150.0
06072008,Anhydrous Sulfates Containing Hydroxyl or Halogen,Alunite,Jarosite, synthetic AJ 5-3 Na.4H3O.6Fe2.6,Dyar, Darby,295.0
15060902,N/A,Biogeochemical Mineralogical By-Products,Islandicum NaHCO3 buffer A final,Holden, Jim,6.0
05112004,Insular SiO4 Groups Only,Olivine,Olivine, synthetic Fo60 Hartzman,Lindsley, Donald,250.0
09051101,Simple Oxides,Oxide,Wustite, synthetic D intermediate very slightly magnetic,Lindsley, Donald,50.0
kst37l,Insular SiO4 Groups Only,Olivine,Mackwell Olivine 1400C 10^-3.7atm 40hrs 29mil 6-10-91,Mackwell, Steve,295.0
ib1dhb,Double-Width Unbranched Chains W=2,Amphibole,DH-101-D Hornblende 45mil 6-25-90,McGuire, Anne,295.0
00113001,Al-Si Frameworks,Feldspar,Feldspar 1009,McEnroe, Suzanne,295.0
03121701,Hydroxides and Oxides Containing Hydroxyl,Hydroxide,Schwertmannite, natural JB-130,Bishop, Janice,140.0
08030501,Sheets of Six-Membered Rings,Mica,Annite Mix 4.002,Francis, M.,295.0
07120401,Single-Width Unbranched Chains W=1,Pyroxene,Pyroxene, synthetic Wo30En35Fs35 073,Lindsley, Donald,200.0
12051806,N/A,Industrial Samples,Coal fly ash 3% Fe coal devolatilized 800C,Fan, Maohong,200.0
04030702,Insular SiO4 Groups Only,Olivine,Forsterite standard H131929,Dyar, Darby,105.0
09103002,N/A,Hydroxide,Ferrihydrite, Fe Gel, dehydrated,Holden, Jim,30.0
07121408,Single-Width Unbranched Chains W=1,Pyroxene,Pyroxene, synthetic Wo40En24Fs36 071,Lindsley, Donald,12.0
06040301,Double-Width Unbranched Chains W=2,Amphibole,Amphibole Butte A F richterite,Gunter, Mickey,295.0
xuhs98t,Six-Membered Rings,Tourmaline,Minas Gerias? HS#98144 Tourmaline 68.87 2mil 9-24-94,Dyar, Darby,295.0
16021602,N/A,Biogeochemical Mineralogical By-Products,Sully Su06 Dry Ferrihydrite FH 0C 2-12-16 ,Holden, Jim,295.0
k2acrd,Six-Membered Rings,Cordierite,Colt 2A Cordierite 737degrees, 2.0kb, 14days 5mil 6-6-91,unknown,295.0
16041501,N/A,Glass,Glass, synthetic ALK -2,Cannon, Kevin,295.0
15041101,N/A,Biogeochemical Mineralogical By-Products,Sully March innoculation time point 6, series A no acetone,Holden, Jim,4.0
06021001,Single-Width Unbranched Chains W=1,Pyroxene,Pyroxene, shocked 3501,McCanta, Molly,295.0
03042601,N/A,Glass,Glass, synthetic MSNJ-17,McCanta, Mollly,295.0
15122801,N/A,Biogeochemical Mineralogical By-Products,Sully Wet Ferrihydrite FH C FROZEN,Holden, Jim,150.0
10060801,Sheets of Six-Membered Rings,Smectite,Nontronite JB-790a,Bishop, Janice,295.0
16060701,Simple Oxides,Oxide,Ferrihydrite, reacted FH-150-0-A,Dehouck, Eric,6.0
ncm15a,Double-Width Unbranched Chains W=2,Amphibole,Harper Blue Amphibole CM-15 23mil 6-3-92,unknown,295.0
jbsfay,Insular SiO4 Groups Only,Olivine,Brady Synthetic Fayalite 3mil 2-3-91,McGuire, Anne,295.0
07120208,Single-Width Unbranched Chains W=1,Pyroxene,Pyroxene, synthetic En70Fs30 SynPx 026A,Lindsley, Donald,45.0
11080502,N/A,Biogeochemical Mineralogical By-Products,Roane July 2011 inoculated + incubated until stationary phase,Holden, Jim,200.0
07022002,Insular SiO4 Groups Only,Garnet,Garnet 5-Ra-a69-66,Guidotti, Charles,295.0
l4a47c,Sheets of Six-Membered Rings,Chlorite,Guidotti Chlorite Zone 4 Ra-a47-66 10mil 10-31-91,Guidotti, Charles,295.0
06031201,Single-Width Unbranched Chains W=1,Pyroxene,Jadeite 7A NMNH 112538,Sorensen, Sorena,295.0
18021201,N/A,Terrestrial Samples,Lake Towuti sediment RS0527 Brown University,Sheppard, Rachel,4.0
11081101,Simple Oxides,Oxide,Ferrihydrite 3 Ad,Estes, Emily,4.0
07121401,Single-Width Unbranched Chains W=1,Pyroxene,Pyroxene, synthetic Wo40En24Fs36 071,Lindsley, Donald,100.0
06071301,Insular SiO4 Groups Only,Garnet,Garnet UEP-1-77,Taran, Michail,295.0
09092501,N/A,Terrestrial Samples,Basalt Mid-Atlantic Ridge 117-4,Reynolds, Valerie,295.0
02020301,Al-Si Frameworks,Feldspar,Anorthite Fe2+ ,Housely, Robert,115.0
10050801,Sheets of Six-Membered Rings,Mica,Biotite Code 301 Argentina,unkwn,295.0
04081914,Simple Oxides,Oxide,Hematite, synthetic,Dyar, Darby,130.0
10121306,Simple Oxides,Oxide,Ferrihydrite, nanophase 1GOE 07-2010,Bosch, Julian,60.0
07112907,Single-Width Unbranched Chains W=1,Pyroxene,Pyroxene, synthetic Wo20En56Fs24 019,Lindsley, Donald,225.0
07122704,Single-Width Unbranched Chains W=1,Pyroxene,Pyroxene, synthetic Wo50En15Fs35 037,Lindsley, Donald,275.0
fosc53,Sheets of Six-Membered Rings,Kaolinite-Serpentine,O'Hanley Serpentinite C53 3mil 6-2-89,O'Hanley, David,295.0
07120209,Single-Width Unbranched Chains W=1,Pyroxene,Pyroxene, synthetic En70Fs30 SynPx 026A,Lindsley, Donald,30.0
10103103,Simple Oxides,Oxide,Ferrihydrite, nanophase 1GOE 06-2008,Bosch, Julian,250.0
10032101,Simple Oxides,Oxide,Ferrihydrite 9 Chat 1 >74,Estes, Emily,295.0
ihan83,Sheets of Six-Membered Rings,Mica,Hemingway USGS Annite 9mil 4-4-90,Dyar, Darby,295.0
edst04,Insular SiO4 Groups and O, OH, F, and H2O,Staurolite,Dutrow Staurolite FeLi-31-1 5mil 12-12-88,Dutrow, Barbara,295.0
05072801,Insular SiO4 Groups Only,Zircon,Zircon, synthetic Batch 47 Fe+p,Hanchar, John,295.0
07070901,N/A,Meteorite,Meteorite BTN 00300,21 eucrite <45mm,Elkinton, Hannah,295.0
14020803,Anhydrous Sulfates Containing Hydroxyl or Halogen,Sulfate,Amorphous ferric sulfate 012414AAPch,Sklute, Elizabeth,295.0
13070601,Insular SiO4 Groups Only,Multiple Oxide,Spinel Fo2sp_01 Brown U.,Cheek, Leah,295.0
aoc18,Sheets of Six-Membered Rings,Mica,Guidotti Biotite O-C-18 2mil 11-2-87,Guidotti, Charles,295.0
15040202,N/A,Terrestrial Samples,Core U1425B 1-4-38 WHOI,Gosan, Liviu,250.0
11071602,N/A,Industrial Samples,Coal Fly Ash FeOOH 25C,Fan, Maohoung,24.0
15082601,N/A,Biogeochemical Mineralogical By-Products,Islandicum 8-15 Wet Ferrihydrite FH Final A,Holden, Jim,7.0
06082802,Two-Dimensional Infinite Sheets with Other Than Six-Membered Rings,Pyrophyllite-Talc,Talc TAL 101,Cloutis, Edward,295.0
06101702,Anhydrous Sulfates Containing Hydroxyl or Halogen,Alunite,Jarosite, synthetic 1 K0.5Na0.5Fe3Al0 Tosca,Tosca, Nick,295.0
15042301,Simple Oxides,Oxide,Ferrihydrite, synthetic air dried 2-3-15,Sklute, Elizabeth,80.0
11121701,N/A,Biogeochemical Mineralogical By-Products,Chimney EG09-2 "inside" dried,Holden, Jim,130.0
07030101,Anhydrous Phosphates, Arsenates, and Vanadates containing Hydroxyl or Halogen,Phosphate,Kulanite P32 Rapid Creek, Yukon Territory, Dawson Mining District, Canada,Dyar, Darby,295.0
15063003,N/A,Biogeochemical Mineralogical By-Products,Islandicum Pipes buffer time point 4 run A,Holden, Jim,295.0
11110303,Hydrated Normal Phosphates, Arsenates, and Vanadates,Phosphate,Strengite DD293,Dyar, Darby,295.0
05120804,Insular SiO4 Groups Only,Olivine,Olivine, synthetic Fo30,Lindsley, Donald,75.0
16041601,N/A,Glass,Glass, synthetic ALK +1,Cannon, Kevin,295.0
15061401,Single-Width Unbranched Chains W=1,Pyroxene,Orthopyroxene SCOFe3-1 SWIR,Gaetani, Glenn,295.0
v2b48h,Double-Width Unbranched Chains W=2,Amphibole,Barnes Hornblende AP48 51.30 7mil 3-17-95,Barnes, Calvin,295.0
12110801,Al-Si Frameworks,Feldspar,Feldspar, plagioclase SS(An68),Cheek, Leah,295.0
05071401,Sheets of Six-Membered Rings,Chlorite,Chlorite CG-BG 8,Guidotti, Charles,295.0
d04gt,Insular SiO4 Groups Only,Garnet,Hunt valley Garnet HV-4 1mil 7-13-88,Lang, Helen,295.0
04082001,Simple Oxides,Oxide,Hematite, synthetic,Dyar, Darby,80.0
15072701,N/A,Glass,Glass, synthetic RHY-3 CO2,McCanta, Molly,295.0
07051804,Double-Width Unbranched Chains W=2,Amphibole,Kaersutite Tm,Dyar, Darby,24.0
05081801,Insular SiO4 Groups Only,Zircon,Zircon, synthetic Batch 48 57Fe+p,Hanchar, John,295.0
16052401,N/A,Terrestrial Samples,Ocean sediment 185 1149 16H3 116-118 32-125mm BU,Anderson, Chloe,295.0
05082903,Sheets of Six-Membered Rings,Chlorite,Chlorite Likenhoo 24,unkwn,295.0
08071002,Anhydrous Sulfates Containing Hydroxyl or Halogen,Alunite,Jarosite Utah 1494mg >125μm,Brophy, Gerald,295.0
07111701,Single-Width Unbranched Chains W=1,Pyroxene,Pyroxene, synthetic En90 Fs10GDL-CMP-065,Lindsley, Donald,4.0
12010502,N/A,Biogeochemical Mineralogical By-Products,Sully_3 inoculated + incubated at 92C until stationary phase  ,Holden, Jim,80.0
15080601,N/A,Biogeochemical Mineralogical By-Products,Islandicum Pipes buffer 6-15 run A time point 0,Holden, Jim,220.0
12040701,Multiple Oxides,Oxide,Hercynite 96710 Kongsberg, Bohemia,Dyar, Darby,4.0
11091905,N/A,Meteorite,Meteorite QUE 97990,Howard, Kieran,295.0
05082401,Simple Oxides,Oxide,Ferrihydrite JA-499 Iceland,Bishop, Janice,150.0
02120401,N/A,Terrestrial Samples,Acid Saline Lake KCB 4,Benison, Kathy,295.0
jlm555,Sheets of Six-Membered Rings,Mica,Lee-Guidotti Muscovite 555 166mil 8-13-90,Guidotti, Charles,295.0
18031501,N/A,Terrestrial Samples,Dolorite PRR-26160 interior,Salvatore, Mark,295.0
20111502,N/A,Terrestrial Samples,AK17 Lep heat + no cells (2b),Elizabeth Sklute,80.0
13033002,N/A,Biogeochemical Mineralogical By-Products,Sully_3 10-02-12  ,Holden, Jim,250.0
11101201,N/A,Terrestrial Samples,Sandstone, Caspian Sea PNF 10-4, grey ss, no acetone,Schoonen, Martin,295.0
13071002,Sheets of Six-Membered Rings,Kaolinite-Serpentine,Serpentine CSWI 28a clay B URI,Stander, Amy,295.0
02112601,Sheets of Six-Membered Rings,Kaolinite-Serpentine,Antigorite JA-563,Bishop, Janice,295.0
12072402,N/A,Terrestrial Samples,Halemaumau H10-9 interior dry,McCanta, Molly,295.0
07123003,Single-Width Unbranched Chains W=1,Pyroxene,Pyroxene, synthetic Wo30En28Fs42 068,Lindsley, Donald,80.0
18091401,Double-Width Unbranched Chains W=2,Amphibole,Amphibole Tony Law G8,Dyar, Darby,295.0
vfsh88,N/A,Industrial Samples,Fly Ash 91988 CL SN 15.08 9mil 11-27-94,unknown,295.0
cob16,Sheets of Six-Membered Rings,Mica,Guidotti Biotite O-b-16 2mil 3-8-88,Guidotti, Charles,295.0
15041702,Simple Oxides,Oxide,Lepidocrocite, synthetic, nanophase LEP030415,Sklute, Elizabeth,295.0
11032001,Simple Oxides,Oxide,Magnetite V.2,Nyiro-Kosa, Ilona,125.0
20012102,Sheets of Six-Membered Rings,Talc,Gunter Talc #3, USA_VT_Argonaut_HG, Univ. of Idaho,Gunter, Mickey,295.0
11032402,Simple Oxides,Oxide,Maghemite VI.1 70nm,Nyiro-Kosa, Ilona,125.0
04052801,Simple Oxides,Oxide,Ferrihydrite, reduced JB-428 reduced 409A,Bishop, Janice,150.0
ihc21c,Sheets of Six-Membered Rings,Chlorite,Hemingway USGS Chlorite 21-C 8mil 4-2-90,Hemingway, Bruce,295.0
07050904,Single-Width Unbranched Chains W=1,Pyroxene,Pyroxene, synthetic Wo40En30Fs30 079,Lindsley, Donald,295.0
12021501,N/A,Biogeochemical Mineralogical By-Products,Roane-Sully 2, Fe gel media uninoculated + incubated 92C overnight, prepared Dec 2011 ,Holden, Jim,4.0
04082802,Insular SiO4 Groups Only,Olivine,Olivine, synthetic Fo40,Lindsley, Donald,145.0
18082203,Single-Width Unbranched Chains W=1,Pyroxene,Pyroxene Wo10 x=30 I Lindsley pigeonite #4,Dyar, Darby,295.0
06120705,Sheets of Six-Membered Rings,Chlorite,Chlorite, clinochlore West Chester PA,Dyar, Darby,18.0
07052104,Double-Width Unbranched Chains W=2,Amphibole,Kaersutite Fr-12,Dyar, Darby,80.0
04082006,Simple Oxides,Oxide,Hematite, synthetic,Dyar, Darby,30.0
07112606,Single-Width Unbranched Chains W=1,Pyroxene,Pyroxene, synthetic En80Fs20 019,Lindsley, Donald,4.0
16010201,N/A,Biogeochemical Mineralogical By-Products,Sully Wet Ferrihydrite FH 0C FROZEN,Holden, Jim,9.0
03010201,Single-Width Unbranched Chains W=1,Pyroxene,Clinopyroxene, Meteorite Nakhla SNC (augite),Dyar, Darby,295.0
06121405,Sheets of Six-Membered Rings,Mica,Glauconite Hurricane Mountain, NH,Dyar, Darby,295.0
18061703,N/A,Biogeochemical Mineralogical By-Products,Ice Mamba M1-2 Blood Falls culture, dead cell control, ferrihydrite, anoxically dried ,Mickuchi, Jill,220.0
11032401,Simple Oxides,Oxide,Maghemite VI.1 70nm,Nyiro-Kosa, Ilona,100.0
07050405,Single-Width Unbranched Chains W=1,Pyroxene,Pyroxene, synthetic En40Fs60 with metal blebs 005A ,Lindsley, Donald,24.0
12041701,Simple Oxides,Oxide,Hematite 763 7-10,Breves, Elly,80.0
ud209h,Single-Width Unbranched Chains W=1,Pyroxene,Dish Hill Cpx DH-209 62.80 6mil 7-24-94,Dyar, Darby,295.0
11090901,N/A,Terrestrial Samples,Oil sand MS<2,Osacky, Marek,130.0
07052302,Double-Width Unbranched Chains W=2,Amphibole,Kaersutite DL-7,Dyar, Darby,250.0
11031601,Simple Oxides,Oxide,Magnetite V.1 62nm,Nyiro-Kosa, Ilona,18.0
15080803,N/A,Biogeochemical Mineralogical By-Products,Sully 7-15 Wet Ferrihydrite FH Initial A ,Holden, Jim,80.0
06121004,Sheets of Six-Membered Rings,Mica,Zinnwaldite ZW-C GIT-IWG,Dyar, Darby,80.0
10041201,N/A,Industrial Samples,Gupta steel 5 small mount,Dyar, Darby,295.0
16120301,Insular SiO4 Groups Only,Olivine,Olivine KI-3003 Olivine+CPX+pltrace, Fo14.2,Dyar, Darby,295.0
h145_k,Al-Si Frameworks,Feldspar,Housely 145,Housely, Robert,145.0
07050105,Single-Width Unbranched Chains W=1,Pyroxene,Pyroxene, synthetic Wo10En22.5Fs67.5 053,Lindsley, Donald,150.0
17020501,N/A,Terrestrial Samples,Palagonite tuff WhB12-03,Farrand, Bill,4.0
07112305,Single-Width Unbranched Chains W=1,Pyroxene,Pyroxene, synthetic Wo10En72Fs18 018,Lindsley, Donald,24.0
06091102,Hydrated Sulfates Containing Hydroxyl or Halogen,Sulfate,Parabutlerite 157716 Chuquicamata Antofagasta Chile,Dyar, Darby,295.0
07101601,N/A,Mixtures,Garnet standards mix (almandine and andradite),Dyar, Darby,4.0
13040403,Sulfides, including Selenides and Tellurides,Sulfite,Chalcopyrite CHA 101 Temegami, Ontario,Cloutis, Edward,100.0
07112604,Single-Width Unbranched Chains W=1,Pyroxene,Pyroxene, synthetic En80Fs20 017,Lindsley, Donald,12.0
thchb1,Sheets of Six-Membered Rings,Chlorite,Harper Chlorite B1 37mil 4-30-94,Harper, Greg,295.0
10071301,N/A,Industrial Samples,Steel D,Gupta, Ratnesh,295.0
ba3366g,N/A,Terrestrial Samples,(STU) Heavies Ra-a33-66 1mil 12-8-87,Guidotti, Charles,295.0
pl8611,Double-Width Unbranched Chains W=2,Amphibole,Cosca Sample HL86-11 HB 15mil 8-8-92,Dyar, Darby,295.0
05011104,Insular SiO4 Groups Only,Olivine,Olivine, synthetic Fe70,Lindsley, Donald,240.0
12050601,N/A,Biogeochemical Mineralogical By-Products,Chimney Ba 08-2 4438 8-21-08,Holden, Jim,130.0
09051201,Simple Oxides,Oxide,Wustite, synthetic D intermediate very slightly magnetic,Lindsley, Donald,4.0
02012301,Al-Si Frameworks,Feldspar,Anorthite Fe2+ ,Housely, Robert,40.0
13110701,N/A,Glass,Glass, synthetic AND-5 Air,McCanta, Molly,295.0
04091401,Double-Width Unbranched Chains W=2,Amphibole,Amphibole, shocked 84-BR,Minitti, Michelle,295.0
05081902,Simple Oxides,Oxide,Hematite #1,Ferre, Eric,295.0
06091401,Hydrated Sulfates Containing Hydroxyl or Halogen,Sulfate,Slavikite 140229,Dyar, Darby,295.0
15041601,Hydroxides and Oxides Containing Hydroxyl,Hydroxide,Goethite, synthetic, nanophase GOET012315,Sklute, Elizabeth,80.0
11032403,Simple Oxides,Oxide,Maghemite VI.1 70nm,Nyiro-Kosa, Ilona,150.0
06081108,Double-Width Unbranched Chains W=2,Amphibole,Amphibole 5B,King, Penny,295.0
07123109,Single-Width Unbranched Chains W=1,Pyroxene,Pyroxene, synthetic Wo10En13.5Fs76.5 048,Lindsley, Donald,200.0
15012902,Simple Oxides,Oxide,Magnetite with martite Mud Tank Australia,Hanchar, John,295.0
10021701,Sheets of Six-Membered Rings,Kaolinite-Serpentine,Antigorite BM 1912,392,Evans, Bernard,295.0
15032404,N/A,Biogeochemical Mineralogical By-Products,Sully March innoculation time point 3, series A no acetone,Holden, Jim,295.0
s212bt,Sheets of Six-Membered Rings,Mica,Barnes Biotite 12 8mil 11-7-93,Barnes, Calvin,295.0
04083102,Insular SiO4 Groups Only,Olivine,Olivine, synthetic Fo20,Lindsley, Donald,75.0
16083001,N/A,Terrestrial Samples,Ocean sediment 185 1149 2H1 53-55 <63mm BU,Anderson, Chloe,295.0
12052102,Hydroxides and Oxides Containing Hydroxyl,Hydroxide,Schwertmannite, synthetic JB-131 <125mm,Bishop, Janice,80.0
02030501,Single-Width Unbranched Chains W=1,Pyroxene,Orthopyroxene Bushveld B33,Tegnar, Christian,295.0
08112402,Six-Membered Rings,Tourmaline,Schorl EHR1 Ehrenfriedersdorf,Ertl, Andreas,295.0
06072103,Anhydrous Sulfates Containing Hydroxyl or Halogen,Alunite,Jarosite, synthetic CC# K.3Na.45Fe2.61,Dyar, Darby,295.0
03060601,N/A,Meteorite,Meteorite Dar Al Gani 846 achondrite,Bland, Phil,295.0
04090203,Insular SiO4 Groups Only,Olivine,Olivine, synthetic Fo20,Lindsley, Donald,245.0
18010302,N/A,Biogeochemical Mineralogical By-Products,P. delaneyi Akaganeite AKAG102315 no heat-no cells annoxically dried,Kashyap, Srishti,4.0
03111701,Simple Oxides,Oxide,Ferrihydrite JB564 Czech 5005-1 Murad <95 m,Bishop, Janice,295.0
07041204,Single-Width Unbranched Chains W=1,Pyroxene,Pyroxene, synthetic Wo10En36Fs54 011,Lindsley, Donald,150.0
14011801,Sheets of Six-Membered Rings,Smectite,Nontronite Nau-1 Shocked 24.8 GPa,Michalski, Joe,295.0
04102702,Double-Width Unbranched Chains W=2,Amphibole,Amphibole N-8,Lupulesku, M.,295.0
07041105,Single-Width Unbranched Chains W=1,Pyroxene,Pyroxene, synthetic Wo10En36Fs54 011,Lindsley, Donald,295.0
20111402,N/A,Terrestrial Samples,AK17 Lep heat + no cells (2b),Elizabeth Sklute,220.0
20102101,N/A,Terrestrial Samples,AX17 Bioreduced Akaganeite heat + cells (1),Elizabeth Sklute,4.0
16022001,N/A,Biogeochemical Mineralogical By-Products,Sully Su06 Dry Ferrihydrite FH C 2-12-16 ,Holden, Jim,220.0
08010302,Single-Width Unbranched Chains W=1,Pyroxene,Pyroxene, synthetic Wo30Fs70 085,Lindsley, Donald,45.0
08062401,Al-Si Frameworks,Feldspar,Feldspar Bushveld BS19,Tegner, Christian,295.0
07120505,Single-Width Unbranched Chains W=1,Pyroxene,Pyroxene, synthetic Wo30En35Fs35 073,Lindsley, Donald,8.0
11032101,Simple Oxides,Oxide,Magnetite V.2,Nyiro-Kosa, Ilona,200.0
01123001,Al-Si Frameworks,Feldspar,Plagioclase Bushveld BT3,Tegnar, Christian,295.0
15051101,N/A,Glass,Glass, synthetic Peralum B 1450C QFM,McCanta, Molly,295.0
11061404,Simple Oxides,Oxide,Ferrihydrite HFO Douthat Bridge Water Column,Estes, Emily,8.0
09123102,N/A,Biogeochemical Mineralogical By-Products,Islandicum grown on Fe Gel, dehydrate 1 11-17-09,Holden, Jim,100.0
13111801,N/A,Glass,Glass, synthetic AND-1 IW,McCanta, Molly,295.0
06092601,Sheets of Six-Membered Rings,Chlorite,Chlorite CG-BG-1,Guidotti, Charles,295.0
12071901,N/A,Terrestrial Samples,Halemaumau H10-9 exterior,McCanta, Molly,295.0
11111501,Sheets of Six-Membered Rings,Smectite,Montmorillanite (Na-) SWy-2,Dyar, Darby,295.0
lfr11h,Double-Width Unbranched Chains W=2,Amphibole,Wilshire Hornblende FR-12 22mil 9-27-91,Wilshire, Howard,295.0
07061003,Single-Width Unbranched Chains W=1,Pyroxene,Pyroxene, synthetic Wo40En15Fs45 070,Lindsley, Donald,60.0
07090401,Double-Width Unbranched Chains W=2,Amphibole,Amphibole 84-BR,Dyar, Darby,295.0
05102501,Insular SiO4 Groups Only,Olivine,Olivine, synthetic Fo20 Zhou,Lindsley, Donald,200.0
nze85b,N/A,Terrestrial Samples,Zhou E85 Biotite+Olivine 25mil 4-27-92,Zhou, Fuxing,295.0
12040201,Simple Oxides,Oxide,Perovskite 87332 NE Kootenay BC Canada,Dyar, Darby,4.0
07050902,Single-Width Unbranched Chains W=1,Pyroxene,Pyroxene, synthetic Wo30En49Fs21 067,Lindsley, Donald,12.0
fgr120,Double-Width Unbranched Chains W=2,Amphibole,Dyar Grunerite 120-200 mesh on: 1:00pm 2mil 4-13-89,Dyar, Darby,295.0
11012701,Anhydrous Normal Phosphates, Arsenates, and Vanadates,Phosphate,Ferrisicklerite DD162,Dyar, Darby,295.0
13041605,Sulfides, including Selenides and Tellurides,Sulfite,Marcasite Waredale, England MHC Collection,Dyar, Darby,80.0
gk35cp,Single-Width Unbranched Chains W=1,Pyroxene,Cima,CA Spinel Perid Ki-5-35 CPX 25mil 9-11-89,McGuire, Anne,295.0
05111402,Insular SiO4 Groups Only,Olivine,Olivine, synthetic Fo70 Hartzman,Lindsley, Donald,200.0
18020501,N/A,Biogeochemical Mineralogical By-Products,P. islandicum Akaganeite heat + cells anoxically dried,Kashyap, Srishti,220.0
ehs60e,Insular SiO4 Groups and O, OH, F, and H2O,Staurolite,Holdaway Staurolite 71-60E 1mil 10-24-88,Holdaway, Michael,295.0
18052501,N/A,Terrestrial Samples,Meteorite Hamburg interior ,Weiler, Brandon,295.0
05112003,Insular SiO4 Groups Only,Olivine,Olivine, synthetic Fo60 Hartzman,Lindsley, Donald,275.0
07060303,Single-Width Unbranched Chains W=1,Pyroxene,Pyroxene, synthetic Wo30En17.5F252.5 066,Lindsley, Donald,275.0
19042103,Sulfides, including Selenides and Tellurides,Sulfide,Pyrite, Wang sulfate #82,Wang, Alian,295.0
19102601,Six-Membered Rings,beryl,Beryl Sn Blue,Taran, Michail,295.0
11090701,N/A,Terrestrial Samples,Oil sand MS,Osacky, Marek,4.0
18020702,N/A,Biogeochemical Mineralogical By-Products,P. islandicum Lepidocrocite heat + cells anoxically dried,Kashyap, Srishti,80.0
15080702,N/A,Biogeochemical Mineralogical By-Products,Sully 7-15 Wet Ferrihydrite FH Initial A ,Holden, Jim,295.0
07021102,Sheets of Six-Membered Rings,Chlorite,Clinochlore West Chester, PA,Dyar, Darby,60.0
11081601,Hydrated Phosphates, Arsenates, and Vanadates containing Hydroxyl or Halogen,Phosphate,Leucophosphite P45,Dyar, Darby,295.0
07042305,Insular SiO4 Groups Only,Olivine,Olivine, synthetic Fo89.5 New,Lindsley, Donald,250.0
09103001,N/A,Hydroxide,Ferrihydrite, Fe Gel, dehydrated,Holden, Jim,24.0
17061202,Hydroxides and Oxides Containing Hydroxyl,Biogeochemical Mineralogical By-Products,Geobacter Lepidocrocite heat+cells, filtered then dried anaerobically 6-5-17,Valvur, Helena,220.0
07120602,Insular SiO4 Groups Only,Garnet,Garnet, almandine AK-97-23 anorthosite, summit of Whiteface Mountain,Dyar, Darby,295.0
10031001,Simple Oxides,Oxide,Ferrihydrite 6 DB3 fine >44,Estes, Emily,295.0
07120201,Single-Width Unbranched Chains W=1,Pyroxene,Pyroxene, synthetic En70Fs30 SynPx 026A,Lindsley, Donald,200.0
04051501,N/A,Terrestrial Samples,Basalt JB-392-A Haleakala,Bishop, Janice,295.0
07032602,Anhydrous Sulfates Containing Hydroxyl or Halogen,Alunite,Jarosite, synthetic EPML2A 77 days,Tosca, Nick,295.0
10092202,N/A,Biogeochemical Mineralogical By-Products,Hyperthermus butylicus log growth 8-19-10 mounted dry,Holden, Jim,295.0
00091301,Sheets of Six-Membered Rings,Mica,Annite Cape Ann Burns Sample,Burns, Roger,295.0
11072703,Hydrated Phosphates, Arsenates, and Vanadates containing Hydroxyl or Halogen,Phosphate,Vivianite DD312,Dyar, Darby,295.0
15061801,N/A,Meteorite,Meteorite QUE 99038,17,Hibbitts, Karl,295.0
06070401,Al-Si Frameworks,Feldspar,Hildreth Q-18 Fep,Dyar, Darby,295.0
l3015c,Sheets of Six-Membered Rings,Chlorite,McKibben core sample 52-14 3015' Chlorite 23mil 9-9-91,McKibben, Mike,295.0
09042101,Simple Oxides,Oxide,Ferrihydrite 3: DBL1WC,Estes, Emily,295.0
01020701,Double-Width Unbranched Chains W=2,Amphibole,Hornblende #19,Qunke,295.0
jcmqph,Sheets of Six-Membered Rings,Mica,Earley Phlogopite, Comet Mine, Quebec 60mil 9-24-90,Earley, Drummond,295.0
03112902,Simple Oxides,Oxide,Ferrihydrite JB-564 Czech 5005-1,Bishop, Janice,125.0
03021001,Sheets of Six-Membered Rings,Kaolinite-Serpentine,Antigorite JA-563,Bishop, Janice,295.0
15041606,Simple Oxides,Oxide,Hematite, synthetic, nanophase HEM022015,Sklute, Elizabeth,220.0
03110801,N/A,Mixtures,Ferrihydrite -- Magnetite Balmont Mix #4 redo,Bishop, Janice,18.0
13042102,Hydrated Sulfates Containing Hydroxyl or Halogen,Sulfate,Fibroferrite SPT 121,Cloutis, Edward,80.0
06092802,Anhydrous Sulfates Containing Hydroxyl or Halogen,Sulfate,Sulfate MHC 2046 ferric,Dyar, Darby,295.0
13111101,N/A,Glass,Glass, synthetic BAS-4 QFM,McCanta, Molly,295.0
r2bk27,Sheets of Six-Membered Rings,Mica,Guidotti Biotite O-K-27 Garbage Vial (quossoc)(?) 36mil 7-8-93,Guidotti, Charles,295.0
07030504,Anhydrous Sulfates Containing Hydroxyl or Halogen,Alunite,Jarosite, synthetic EPMAL2A 77 days,Tosca, Nick,295.0
05103004,Insular SiO4 Groups Only,Olivine,Olivine, synthetic Fa10.5,Nabalek, Peter,275.0
11022403,N/A,Terrestrial Samples,Cobble Coating Rio Tinto,Preston, Louisa,4.0
06053101,Simple Oxides,Oxide,Magnetite BrY,Li, Y.-L.,295.0
11060701,N/A,Terrestrial Samples,Oil sand MC,Osacky, Marek,295.0
09062601,Sheets of Six-Membered Rings,Kaolinite-Serpentine,Antigorite ATG USNM 166405,Evans, Bernard,295.0
02031601,Al-Si Frameworks,Feldspar,Plagioclase Bushveld B27,Tegnar, Christian,295.0
fcc466,Sheets of Six-Membered Rings,Chlorite,Guidotti Chlorite Ra-C4-66 (impurities) 1mil 2-15-89,Guidotti, Charles,295.0
16081301,N/A,Terrestrial Samples,Ocean sediment 185 1149 2H1 53.55 63-125mm BU,Anderson, Chloe,295.0
08081801,Hydrated Acid and Sulfates,Sulfate,Polyhalite S50,Dyar, Darby,295.0
s256bt,Sheets of Six-Membered Rings,Mica,Guidotti Biotite 82-56 Songo 11mil 10-18-93,Guidotti, Charles,295.0
11070202,N/A,Industrial Samples,Coal Fly Ash Sample M Fe6+,Fan, Mahoung,24.0
20070202,Sheets of Six-Membered Rings,Talc,Gunter Talc #115, USA_VT_Argonaut_LG, Univ. of Idaho,Gunter, Mickey,295.0
09103101,N/A,Hydroxide,Ferrihydrite, Fe Gel, dehydrated,Holden, Jim,40.0
cra26966,Sheets of Six-Membered Rings,Mica,Guidotti Biotite RA-293-66 3mil 3-23-88,Guidotti, Charles,295.0
04072917,Native Elements and Alloys,Metal,Fe foil  4 mm-s,n/a,270.0
07070502,Sheets of Six-Membered Rings,Pyrophyllite-Talc,Talc FTA-12-R1 J.C.C. 6-12-06,Jenkins, David,295.0
07101901,Insular SiO4 Groups Only,Garnet,Garnet, grossular 103089 marble layer intercalated in metapelites, Phippsburg, ME,Dyar, Darby,295.0
06071201,Insular SiO4 Groups Only,Garnet,Garnet WGR-IR,Taran, Michail,295.0
10120401,N/A,Terrestrial Samples,Basalt, altered HYD-5 Atacama Desert ,Greenberger, Rebecca,295.0
11021301,N/A,Terrestrial Samples,Sandstone PNF-4-8 (3),Schoonen, Martin,295.0
13091101,Sheets of Six-Membered Rings,Smectite,Nontronite Nau-1 Shocked 25.2 GPa ,Michalski, Joe,295.0
w4923x,Single-Width Unbranched Chains W=1,Pyroxene,Peridotite H299-23 OPX 119.83 6mil 6-22-95,McGuire, Anne,295.0
15021202,Double-Width Unbranched Chains W=2,Amphibole,Amphibole 6D,Jenkins, David,295.0
14101001,N/A,Glass,Glass, synthetic KOM-4 Air,McCanta, Molly,295.0
12041603,Simple Oxides,Oxide,Hematite 763 7-8,Breves, Elly,295.0
04122301,Insular SiO4 Groups Only,Olivine,Olivine, synthetic Fo90 ,Lindsley, Donald,120.0
05102303,Insular SiO4 Groups Only,Olivine,Olivine, synthetic Fo20 Zhou,Lindsley, Donald,293.0
06121409,Sheets of Six-Membered Rings,Mica,Glauconite Hurricane Mountain, NH,Dyar, Darby,200.0
04090101,Insular SiO4 Groups Only,Olivine,Olivine, synthetic Fo20,Lindsley, Donald,145.0
10112901,Native Elements and Alloys,Industrial Samples,Steel Y,Gupta, Ratnesh,295.0
07041805,Single-Width Unbranched Chains W=1,Pyroxene,Pyroxene, synthetic Wo20En20Fs20 055,Lindsley, Donald,275.0
aab4866,Sheets of Six-Membered Rings,Mica,Guidotti Biotite Ra-B48-66 2mil 10-13-87,Guidotti, Charles,295.0
10070101,N/A,Biogeochemical Mineralogical By-Products,Chimney EG09-2 "inside" dried,Holden, Jim,295.0
18061501,N/A,Glass,Glass, space-weathered, S62.5R - Noble,Noble, Sarah,295.0
16021603,N/A,Biogeochemical Mineralogical By-Products,Sully Su06 Dry Ferrihydrite FH 0C 2-12-16 ,Holden, Jim,220.0
05102801,Insular SiO4 Groups Only,Olivine,Olivine, synthetic Fo20 Zhou,Lindsley, Donald,25.0
05102101,Hydrated Sulfates Containing Hydroxyl or Halogen,Sulfate,Copiapite SPT 125 dry,Cloutis, Edward,20.0
13031702,Hydrated Sulfates Containing Hydroxyl or Halogen,Sulfate,Amarantite G3775 Los Pintados, Chile,Dyar, Darby,275.0
13060402,Sheets of Six-Membered Rings,Kaolinite-Serpentine,Serpentine MLC QV1-140-Mdkgrn URI,Stander, Amy,295.0
05112201,Insular SiO4 Groups Only,Olivine,Olivine, synthetic Fo60 Hartzman,Lindsley, Donald,75.0
07112004,Single-Width Unbranched Chains W=1,Pyroxene,Pyroxene, synthetic Wo50En0Fs50 083,Lindsley, Donald,30.0
17060601,N/A,Industrial Samples,Fe1Ca2 #3 yellow  University of Wyoming,Sun, Zhao,300.0
pmfay2,Insular SiO4 Groups Only,Olivine,Mackwell Fayalite Fay#2 12mil 7-14-92,Mackwell, Steve,295.0
18010602,N/A,Biogeochemical Mineralogical By-Products,P. delaneyi Akaganeite AKAG102315 no heat-no cells annoxically dried,Kashyap, Srishti,295.0
07061902,Single-Width Unbranched Chains W=1,Pyroxene,Pyroxene, synthetic Wo50En40Fs10 033,Lindsley, Donald,60.0
11030604,Simple Oxides,Oxide,Magnetite III.1 70nm,Nyiro-Kosa, Ilona,200.0
15082701,N/A,Biogeochemical Mineralogical By-Products,Islandicum 8-15 Wet Ferrihydrite FH Control Final,Holden, Jim,6.0
06100701,Hydrated Sulfates Containing Hydroxyl or Halogen,Sulfate,Metahomannite R12495 dry,Dyar, Darby,295.0
11122201,N/A,Biogeochemical Mineralogical By-Products,Chimney EG09-1-2 "outside" dried,Holden, Jim,295.0
13073001,N/A,Glass,Glass, synthetic BAS-2 QFM,McCanta, Molly,295.0
05083002,Single-Width Unbranched Chains W=1,Pyroxene,Diopside, shocked 3493 (1.249km-s,358Kbs),McCanta, Molly,295.0
11071302,N/A,Biogeochemical Mineralogical By-Products,Roane July 2011, inoculated + incubated 92C 100h,Holden, Jim,130.0
10020301,Sheets of Six-Membered Rings,Kaolinite-Serpentine,Antigorite BM 1922,651,Evans, Bernard,295.0
ngm350,Sheets of Six-Membered Rings,Mica,Guidotti Ra-a29-66 Muscovite 52mil 5-15-92,Guidotti, Charles,295.0
11110102,N/A,Terrestrial Samples,Sandstone, Caspian Sea PNF 10-2, grey ss, no acetone,Schoonen, Martin,295.0
13052301,N/A,Biogeochemical Mineralogical By-Products,Chimney Dante ALV 4441 9-1-08,Holden, Jim,4.0
10062501,N/A,Mixtures,Forsterite -- Nontronite -- Magnesite 20:40:40 mix JB-966,Bishop, Janice,295.0
09051502,Simple Oxides,Oxide,Wustite, synthetic A Fe-saturated,Lindsley, Donald,245.0
07030901,Simple Oxides,Oxide,Magnetite MV1,Li, Y.-L.,295.0
04083101,Insular SiO4 Groups Only,Olivine,Olivine, synthetic Fo20,Lindsley, Donald,60.0
04071601,Hydrated Acid and Sulfates,Sulfate,Voltaite 85769,Dyar, Darby,295.0
11032605,Simple Oxides,Oxide,Maghemite VI.2 100nm,Nyiro-Kosa, Ilona,30.0
05120406,Insular SiO4 Groups Only,Olivine,Olivine, synthetic Fo40 Zhou,Lindsley, Donald,200.0
xjkb1tu,Six-Membered Rings,Tourmaline,Kerrich Bevcon #1 Tourmaline 17mil 2-14-91,Dyar, Darby,295.0
05101102,Native Elements and Alloys,Metal,Fe foil  12 mm-s,n/a,270.0
16021605,N/A,Biogeochemical Mineralogical By-Products,Sully Su06 Dry Ferrihydrite FH 0C 2-12-16 ,Holden, Jim,80.0
05101105,Native Elements and Alloys,Metal,Fe foil  12 mm-s,n/a,220.0
ny25ha,Double-Width Unbranched Chains W=2,Amphibole,Harper Blue Amphibole Y-35 24mil 6-2-92,unknown,295.0
08010307,Single-Width Unbranched Chains W=1,Pyroxene,Pyroxene, synthetic Wo15En6.8Fs78.2 A 054,Lindsley, Donald,295.0
06072004,Anhydrous Sulfates Containing Hydroxyl or Halogen,Alunite,Jarosite, synthetic K0.62Na0.12Fe2.72,Dyar, Darby,295.0
06120602,Sheets of Six-Membered Rings,Chlorite,Chlorite, clinochlore West Chester PA,Dyar, Darby,125.0
06081702,Double-Width Unbranched Chains W=2,Amphibole,Amphibole USGS-20,Gunter, Mickey,295.0
03081303,Simple Oxides,Oxide,Ferrihydrite, synthetic JB-46 (RBG-Sherman) <45mm ,Bishop, Janice,185.0
15010501,Double-Width Unbranched Chains W=2,Amphibole,Amphibole 93.72H,Barnes, Cal,295.0
20071401,Sheets of Six-Membered Rings,Talc,Gunter Talc #128, CT_Fisher, Univ. of Idaho,Gunter, Mickey,295.0
10121502,Simple Oxides,Oxide,Ferrihydrite, nanophase 1GOE 07-2010,Bosch, Julian,12.0
04120701,Insular SiO4 Groups Only,Olivine,Olivine, synthetic Fo30 ,Lindsley, Donald,75.0
gh16il,Simple Oxides,Oxide,Hunt Valley Ilmenite HV-116 7mil 6-19-89,Lang, Helen,295.0
13040301,Sulfides, including Selenides and Tellurides,Sulfite,Chalcopyrite CHA 101 Temegami, Ontario,Cloutis, Edward,80.0
13072501,N/A,Glass,Glass, synthetic AND-3 QFM,McCanta, Molly,295.0
13041503,Hydrated Acid and Sulfates,Sulfate,Coquimbite G2677,Dyar, Darby,4.0
11011001,N/A,Glass,Glass, synthetic Gardner 924,Gardner, Jim,295.0
07052201,Double-Width Unbranched Chains W=2,Amphibole,Kaersutite Fr-12,Dyar, Darby,30.0
05111904,Insular SiO4 Groups Only,Olivine,Olivine, synthetic Fo80 Podpara,Lindsley, Donald,20.0
10051901,N/A,Mixtures,Forsterite -- Magnesite 50:50 mix JB-955,Bishop, Janice,295.0
08010103,Single-Width Unbranched Chains W=1,Pyroxene,Pyroxene, synthetic Wo10En13.5Fs76.5 048,Lindsley, Donald,125.0
07122102,Single-Width Unbranched Chains W=1,Pyroxene,Pyroxene, synthetic Wo10Fs90 088,Lindsley, Donald,150.0
03121802,Hydroxides and Oxides Containing Hydroxyl,Hydroxide,Schwertmannite, natural JB-130,Bishop, Janice,220.0
rcnl25,Sheets of Six-Membered Rings,Mica,Copeland NL25 Muscovite 58mil 3-23-93,Copeland, Peter,295.0
16020801,N/A,Terrestrial Samples,Ocean sediment 185 1149 16H3 116-118 32-125mm ,Anderson, Chloe,295.0
11070703,N/A,Industrial Samples,Coal Fly Ash Sample T Fe6+,Fan, Mahoung,150.0
05121005,Insular SiO4 Groups Only,Olivine,Olivine, synthetic Fo10,Lindsley, Donald,200.0
ihj7,Sheets of Six-Membered Rings,Kaolinite-Serpentine,O'Hanley J7 Lizardite  B  M 151mil 5-14-90,O'Hanley, David,295.0
07050901,Single-Width Unbranched Chains W=1,Pyroxene,Pyroxene, synthetic Wo30En49Fs21 067,Lindsley, Donald,18.0
10011702,Sheets of Six-Membered Rings,Kaolinite-Serpentine,Antigorite BM 1912,392,Evans, Bernard,295.0
11033001,Simple Oxides,Oxide,MaghemiteVI.4 12nm,Nyiro-Kosa, Ilona,12.0
15031301,N/A,Glass,Glass, synthetic DAC-5 AIR,McCanta, Molly,295.0
09090601,N/A,Terrestrial Samples,Basalt Mid-Atlantic Ridge 171-4,Reynolds, Valerie,295.0
05101001,Hydroxides and Oxides Containing Hydroxyl,Hydroxide,Green Rust #5,Mazeina, Lena,14.6
07113001,Single-Width Unbranched Chains W=1,Pyroxene,Pyroxene, synthetic Wo20En56Fs24 019,Lindsley, Donald,175.0
07112701,Single-Width Unbranched Chains W=1,Pyroxene,Pyroxene, synthetic Wo50En25Fs25 039,Lindsley, Donald,250.0
15033103,N/A,Terrestrial Samples,Core U1424A 1-3-87 WHOI,Gosan, Liviu,250.0
07122307,Single-Width Unbranched Chains W=1,Pyroxene,Pyroxene, Synthetic Wo20Fs80 SynPx087 ,Lindsley, Donald,250.0
07022105,Simple Oxides,Oxide,Ilmenite zone 4 Ra-a65 66 HF sep,Guidotti, Charles,295.0
m30mcx,Single-Width Unbranched Chains W=1,Pyroxene,CVL 30M CPX 16mil 11-18-91,unknown,295.0
08010208,Single-Width Unbranched Chains W=1,Pyroxene,Pyroxene, synthetic Wo30Fs70 085,Lindsley, Donald,80.0
15060702,Simple Oxides,Oxide,Hematite MOD22_22 magnetic separates,McEnroe, Suzanne,30.0
dbaopx,Insular SiO4 Groups Only,Olivine,Dish Hill, CA Olivine Ba-2-3 OPX,McGuire, Anne,295.0
07111601,Single-Width Unbranched Chains W=1,Pyroxene,Pyroxene, synthetic En90 Fs10GDL-CMP-065,Lindsley, Donald,30.0
07061305,Single-Width Unbranched Chains W=1,Pyroxene,Pyroxene, synthetic Wo10En45Fs45 009,Lindsley, Donald,12.0
11032405,Simple Oxides,Oxide,Maghemite VI.1 70nm,Nyiro-Kosa, Ilona,200.0
07112405,Single-Width Unbranched Chains W=1,Pyroxene,Pyroxene, synthetic En80Fs20 002,Lindsley, Donald,295.0
16092001,Hydroxides and Oxides Containing Hydroxyl,Hydroxide,Goethite, synthetic, nanophase GOET030216 freeze dried,Sklute, Elizabeth,10.0
04042401,Anhydrous Sulfates Containing Hydroxyl or Halogen,Sulfate,Romerite SPT 127,Cloutis, Edward,195.0
xvrut17,Six-Membered Rings,Tourmaline,Metamorphic Ru-T17-92 Tourmaline 31.79 19mil 11-5-94,Dyar, Darby,295.0
12021402,Hydroxides and Oxides Containing Hydroxyl,Hydroxide,Goethite HMM 119377 Florissant Co., CO,Dyar, Darby,200.0
04081915,Simple Oxides,Oxide,Hematite, synthetic,Dyar, Darby,120.0
18092102,Double-Width Unbranched Chains W=2,Amphibole,Amphibole Tony Law G6,Dyar, Darby,295.0
t1486g,Double-Width Unbranched Chains W=2,Amphibole,Goodge Hornblende 14-86 15mil 2-18-94,Goodge, John,295.0
05121503,Insular SiO4 Groups Only,Olivine,Fayalite, synthetic Fo0,Lindsley, Donald,85.0
07102601,Insular SiO4 Groups Only,Garnet,Garnet, grossular AH-UN unknown provenance,Hofmeister, Anne,295.0
04072908,Native Elements and Alloys,Metal,Fe foil  4 mm-s,n/a,225.0
10062101,N/A,Mixtures,Forsterite -- Nontronite 10:90 mix JB-964,Bishop, Janice,295.0
07051102,Single-Width Unbranched Chains W=1,Pyroxene,Pyroxene, synthetic Wo40En30Fs30 079,Lindsley, Donald,175.0
11070704,N/A,Industrial Samples,Coal Fly Ash Sample T Fe6+,Fan, Mahoung,175.0
13041103,Hydroxides and Oxides Containing Hydroxyl,Hydroxide,Schwertmannite VZO 119-120 Nagyborzsony, Hungary,Bishop, Janice,45.0
19111201,Sheets of Six-Membered Rings,Talc,Gunter Talc #45, USA_NC_Murphy_149, Univ. of Idaho,Gunter, Mickey,295.0
18070501,N/A,Biogeochemical Mineralogical By-Products,Ice Mamba M1-5 Blood Falls culture, live cells, air, ferrihydrite, oxically dried,Mickuchi, Jill,150.0
09051202,Simple Oxides,Oxide,Wustite, synthetic D intermediate very slightly magnetic,Lindsley, Donald,235.0
04041103,Insular SiO4 Groups Only,Olivine,Fayalite, synthetic Fe0,Menzies, Olwyn,270.0
13062601,Sheets of Six-Membered Rings,Kaolinite-Serpentine,Serpentine PHL_PB_2_Mix A. URI,Stander, Amy,295.0
16041401,N/A,Glass,Glass, synthetic AKL +0,Cannon, Kevin,295.0
10091105,N/A,Biogeochemical Mineralogical By-Products,Hyperthermus butylicus log growth 8-19-10 mounted dry,Holden, Jim,210.0
13062501,Sheets of Six-Membered Rings,Kaolinite-Serpentine,Serpentine MLC QV1-140 M-B Mix B URI,Stander, Amy,295.0
04082903,Insular SiO4 Groups Only,Olivine,Olivine, synthetic Fo40,Lindsley, Donald,245.0
10011103,N/A,Terrestrial Samples,Basalt Mid-Atlantic Ridge 206-1,Reynolds, Valerie,295.0
07052901,Single-Width Unbranched Chains W=1,Pyroxene,Pyroxene, synthetic Wo20En64Fs16 017,Lindsley, Donald,45.0
17042401,Unbranched Chains with W>2,Smectite,Saponite, shocked SapCa-2 20.6 GPa ,Michalski, Joe,300.0
15111401,Simple Oxides,Oxide,Maghemite, synthetic, nanophase MAGH061815,Sklute, Elizabeth,295.0
12102401,Multiple Oxides,Multiple Oxide,Spinel FeSp6_3,Cheek, Leah,295.0
11081201,Simple Oxides,Oxide,Ferrihydrite 4 22 1,Estes, Emily,4.0
jlp6bt,Sheets of Six-Membered Rings,Mica,LP-6 Biotite 20mil 1-23-91,Guidotti, Charles,295.0
15081701,N/A,Biogeochemical Mineralogical By-Products,Sully 7-15 Wet Ferrihydrite FH Control initial ,Holden, Jim,220.0
07112906,Single-Width Unbranched Chains W=1,Pyroxene,Pyroxene, synthetic Wo20En56Fs24 019,Lindsley, Donald,250.0
06092403,Sulfides, including Selenides and Tellurides,Sulfide,Pyrrhotite PRH 104,Cloutis, Edward,295.0
18011401,N/A,Biogeochemical Mineralogical By-Products,P. delaneyi Lepidocrocite no heat- no cells anoxically dried,Kashyap, Srishti,295.0
07041906,Single-Width Unbranched Chains W=1,Pyroxene,Pyroxene, synthetic Wo20En20Fs20 055,Lindsley, Donald,80.0
10070201,N/A,Biogeochemical Mineralogical By-Products,Chimney EG09-1-2 "outside" dried,Holden, Jim,295.0
10081301,Sheets of Six-Membered Rings,Kaolinite-Serpentine,Antigorite R070228,Evans, Bernard,295.0
05060601,Sheets of Six-Membered Rings,Chlorite,Chlorite P3,Guidotti, Charles,295.0
10090804,N/A,Biogeochemical Mineralogical By-Products,Roane 8-19-10 mounted dry,Holden, Jim,94.0
07061006,Single-Width Unbranched Chains W=1,Pyroxene,Pyroxene, synthetic Wo40En15Fs45 070,Lindsley, Donald,24.0
07042806,Single-Width Unbranched Chains W=1,Pyroxene,Pyroxene, synthetic En17Fs83C 024,Lindsley, Donald,295.0
12052701,N/A,Terrestrial Samples,Halemaumau H10-6,McCanta, Molly,295.0
15121502,Simple Oxides,Oxide,Ferrihydrite FH-40-3-A,Dehouck, Erwin,295.0
15012903,Simple Oxides,Oxide,Magnetite Balmat Gouverneur NY,Hanchar, John,295.0
04012901,N/A,Fulgurite,Fulgurite West Virginia glass,Sheffer, Abigail,295.0
07122206,Single-Width Unbranched Chains W=1,Pyroxene,Pyroxene, synthetic Wo20En40Fs40 051,Lindsley, Donald,100.0
08070904,Anhydrous Sulfates Containing Hydroxyl or Halogen,Alunite,Jarosite, synthetic 0.7Na 40Fe 140°C not exchanged,Basciano, Laurel,295.0
03071802,Simple Oxides,Oxide,Ferrihydrite 96214 Smedley's Iron Mine ,Dyar, Darby,70.0
12062201,N/A,Biogeochemical Mineralogical By-Products,Sully_4 inoculated + incubated at 92C for 100h past stationary phase  ,Holden, Jim,12.0
07021501,Sheets of Six-Membered Rings,Chlorite,Clinochlore West Chester, PA,Dyar, Darby,4.0
12051801,N/A,Industrial Samples,Coal fly ash 3% Fe coal devolatilized 800C + 10 min H2O,Fan, Maohong,250.0
13033101,N/A,Biogeochemical Mineralogical By-Products,Sully_3 10-02-12  ,Holden, Jim,275.0
18022701,N/A,Industrial Samples,A-2 NiNiO FeFe etc University of Wyoming,Yao, Yi,295.0
17032601,Insular SiO4 Groups Only,Olivine,Montticellite NMNH 13639, Italy, whole sample not pure but maybe only one Fe bearing phase,Dyar, Darby,225.0
15021401,Insular SiO4 Groups Only,Garnet,Garnet 6.16H,Barnes, Cal,295.0
11071601,N/A,Industrial Samples,Coal Fly Ash FeOOH 25C,Fan, Maohoung,18.0
07041102,Single-Width Unbranched Chains W=1,Pyroxene,Pyroxene, synthetic Wo5En47.5Fs47.5 012,Lindsley, Donald,18.0
07042205,Single-Width Unbranched Chains W=1,Pyroxene,Pyroxene, synthetic Wo50En0Fs50,Lindsley, Donald,24.0
04041803,Hydrated Acid and Sulfates,Sulfate,Szomolnokite 560,Dyar, Darby,245.0
11072807,Hydrated Phosphates, Arsenates, and Vanadates containing Hydroxyl or Halogen,Phosphate,Mg-Rockbridgeite DD272,Dyar, Darby,295.0
18083001,Single-Width Unbranched Chains W=1,Pyroxene,Pyroxene Ba-2-101B cpx,Dyar, Darby,295.0
15073002,Insular SiO4 Groups Only,Olivine,Olivine KI-3005 Fo10.5 Kiglapait,Morse, S. A.,295.0
06121003,Sheets of Six-Membered Rings,Mica,Zinnwaldite ZW-C GIT-IWG,Dyar, Darby,100.0
18010401,N/A,Biogeochemical Mineralogical By-Products,P. delaneyi Akaganeite AKAG102315 no heat-no cells annoxically dried,Kashyap, Srishti,80.0
10110901,Simple Oxides,Oxide,Hematite, nanophase Alfa Aesar 07-2010,Holden, Jim,175.0
10071901,N/A,Industrial Samples,Steel A,Gupta, Ratnesh,295.0
12072601,Multiple Oxides,Multiple Oxide,Spinel FeSp6_7,Cheek, Leah,295.0
trab41,Insular SiO4 Groups Only,Garnet,Guidotti: Garnet 7u-Ra-b41-66 Garnet 27mil 3-23-94,Guidotti, Charles,295.0
07121204,Single-Width Unbranched Chains W=1,Pyroxene,Pyroxene, synthetic Wo20En32Fs48 057,Lindsley, Donald,12.0
16012901,Six-Membered Rings,Beryl,Bazzite M Taran,Taran, Michail,295.0
19091002,Double-Width Unbranched Chains W=2,Amphibole,Hastingsite 20KDC,Jenkins, David,295.0
w2fsh7,N/A,Industrial Samples,91979-100 Fly Ash 57.60 18mil 6-7-95,unknown,295.0
07052703,Single-Width Unbranched Chains W=1,Pyroxene,Pyroxene, synthetic Wo20En64Fs16 017,Lindsley, Donald,225.0
07010801,Hydrated Sulfates Containing Hydroxyl or Halogen,Sulfate,Coconinoite G106,Dyar, Darby,295.0
fb0vhb,Double-Width Unbranched Chains W=2,Amphibole,Dish Hill Ba-2-100 vein hornblende 1mil 5-22-89,McGuire, Anne,295.0
08120401,Hydrated Sulfates Containing Hydroxyl or Halogen,Sulfate,Copiapite Rio Tinto <125μm,Bishop, Janice,295.0
04061803,Hydrated Acid and Sulfates,Sulfate,Rozenite JB-626-B Iron Mountain <125mm,Dyar, Darby,245.0
09012701,Hydroxides and Oxides Containing Hydroxyl,Hydroxide,Schwertmannite Hyde,King, Penny,295.0
07052601,Double-Width Unbranched Chains W=2,Amphibole,Kaersutite DL-7,Dyar, Darby,18.0
10121204,Simple Oxides,Oxide,Ferrihydrite, nanophase 1GOE 07-2010,Bosch, Julian,225.0
04040701,Insular SiO4 Groups Only,Olivine,Fayalite, synthetic Fe0,Menzies, Olwyn,12.0
07052301,Double-Width Unbranched Chains W=2,Amphibole,Kaersutite DL-7,Dyar, Darby,275.0
07042304,Insular SiO4 Groups Only,Olivine,Olivine, synthetic Fo89.5 New,Lindsley, Donald,275.0
17120401,Simple Oxides,Ilmenite,Ilmenite Ilm100 #10 Brown U.,Tolke, Leif,300.0
06091602,Hydrated Acid and Sulfates,Sulfate,Lausenite 102923,Dyar, Darby,295.0
11051102,N/A,Industrial Samples,Nanoporous FeOOH 20% NHF 100C, NaHCO3 on FeOOH,Fan, Maohong,295.0
07042705,Insular SiO4 Groups Only,Olivine,Olivine, synthetic Fo70 New,Lindsley, Donald,125.0
cna293,Sheets of Six-Membered Rings,Mica,Guidotti Biotite RA-293-66 3mil 3-26-88,Guidotti, Charles,295.0
11050402,N/A,Industrial Samples,Nanoporous FeOOH 20% NHF 100C, NaHCO3 on FeOOH,Fan, Maohong,4.0
10110602,Simple Oxides,Oxide,Hematite, nanophase Alfa Aesar 07-2010,Holden, Jim,250.0
08122902,N/A,Mixtures,Ferrihydrite -- Hematite 75:25 mix JB-JLB-813,Bishop, Janice,295.0
19110301,N/A,weathered steel,OH 7701 993 #2,None,4.0
13071401,Sheets of Six-Membered Rings,Kaolinite-Serpentine,Serpentine McL_M81-313_356 to 356.6_B38_B_Bulk, A. URI,Stander, Amy,295.0
07121206,Single-Width Unbranched Chains W=1,Pyroxene,Pyroxene, synthetic Wo20En32Fs48 057,Lindsley, Donald,4.0
10110106,Simple Oxides,Oxide,Ferrihydrite, nanophase 1GOE 03-2010,Bosch, Julian,200.0
v2mx37,Single-Width Unbranched Chains W=1,Pyroxene,Smyth CPX XM37 21.88 13mil 4-9-95,McGuire, Anne,295.0
07121501,Single-Width Unbranched Chains W=1,Pyroxene,Pyroxene, synthetic Wo40En24Fs36 071,Lindsley, Donald,8.0
19082201,Single-Width Unbranched Chains W=1,Pyroxene,McCanta shocked pyroxene 3499,Dyar, Darby,295.0
08100101,Hydrated Sulfates Containing Hydroxyl or Halogen,Sulfate,Uklonskovit 2430,Dyar, Darby,295.0
12011301,N/A,Biogeochemical Mineralogical By-Products,Sully_4 inoculated + incubated at 92C for 100h past stationary phase  ,Holden, Jim,130.0
12042801,Hydroxides and Oxides Containing Hydroxyl,Hydroxide,Goethite 125086 "limonite" Red River, Louisiana,Dyar, Darby,4.0
14021001,Unbranched Chains with W>2,Smectite,Saponite, shocked 9.7GPa 3653 J,Michalski, Joe,295.0
07032806,Single-Width Unbranched Chains W=1,Pyroxene,Pyroxene, synthetic Wo8En46Fs46 013,Lindsley, Donald,225.0
15032201,N/A,Biogeochemical Mineralogical By-Products,Sully March innoculation time point 6, series C (control) no acetone,Holden, Jim,295.0
18040102,N/A,Terrestrial Samples,Lake Towuti sediment RS0286 Brown Univerisity,Sheppard, Rachel,295.0
07052902,Single-Width Unbranched Chains W=1,Pyroxene,Pyroxene, synthetic Wo20En64Fs16 017,Lindsley, Donald,30.0
12062501,Hydrated Phosphates, Arsenates, and Vanadates containing Hydroxyl or Halogen,Phosphate,Vivianite DD171,Dyar, Darby,12.0
20010601,Sheets of Six-Membered Rings,Talc,Gunter Talc #63, USA_MT_Treasure_G3, Univ. of Idaho,Gunter, Mickey,295.0
05121501,Insular SiO4 Groups Only,Olivine,Fayalite, synthetic Fo0,Lindsley, Donald,75.0
10010102,N/A,Biogeochemical Mineralogical By-Products,Islandicum grown on Fe Gel, dehydrate 1 11-17-09,Holden, Jim,55.0
13083001,N/A,Glass,Glass, synthetic AND-1 Air,McCanta, Molly,295.0
14090201,N/A,Glass,Glass, synthetic BAA-3 CO2,McCanta, Molly,295.0
05072301,Single-Width Unbranched Chains W=1,Pyroxene,Pyroxene, re-equilibrated MPYX-1,McCanta, Molly,295.0
00112901,Al-Si Frameworks,Feldspar,Feldspar 1007012,McEnroe, Suzanne,295.0
06121603,Sheets of Six-Membered Rings,Smectite,Nontronite Sampor smectite JB-175 ,Bishop, Janice,250.0
10062701,N/A,Mixtures,Forsterite -- Nontronite -- Magnesite 20:20:60 mix JB-967,Bishop, Janice,295.0
05120101,Insular SiO4 Groups Only,Olivine,Olivine, Meteorite NWA 2737 45-125 mm,Treiman, Allan,14.6
10010801,N/A,Biogeochemical Mineralogical By-Products,Islandicum grown on Fe Gel, dehydrate 1 11-17-09,Holden, Jim,4.0
jb8020,Insular SiO4 Groups Only,Garnet,Brady I Alm80Pyp20 5mil 2-5-91,Brady, John,295.0
03031001,N/A,Mixtures,Clinopyroxene -- Forsterite 10:1 mix repeat,Dyar, Darby,295.0
ic25ol,Insular SiO4 Groups Only,Olivine,Cima,CA 4mil  1-20-90,McGuire, Anne,295.0
14020802,Anhydrous Sulfates Containing Hydroxyl or Halogen,Sulfate,Amorphous ferric sulfate 012414ACch,Sklute, Elizabeth,295.0
06051901,N/A,Meteorite,Meteorite EETA 7900IB-480,Dyar, Darby,295.0
07052805,Single-Width Unbranched Chains W=1,Pyroxene,Pyroxene, synthetic Wo20En64Fs16 017,Lindsley, Donald,60.0
07060101,Double-Width Unbranched Chains W=2,Amphibole,Kaersutite Fa-86-1,Dyar, Darby,125.0
07042204,Single-Width Unbranched Chains W=1,Pyroxene,Pyroxene, synthetic Wo50En0Fs50,Lindsley, Donald,30.0
11051105,N/A,Industrial Samples,Nanoporous FeOOH 20% NHF 180C, NaHCO3 on FeOOH,Fan, Maohong,295.0
06071302,Insular SiO4 Groups Only,Garnet,Garnet 2152,Taran, Michail,295.0
15080503,Insular SiO4 Groups Only,Olivine,Olivine, hortonolite NY, Orange Co, NY NMNH 9140,Dyar, Darby,295.0
dstf90,Insular SiO4 Groups and O, OH, F, and H2O,Staurolite,Staurolite Fe90-1 Rice 11mil 9-16-88,Rice, Jack,295.0
17061503,Simple Oxides,Biogeochemical Mineralogical By-Products,Geobacter Ferrihydrite heat+cells, filtered then dried anaerobically 6-5-17,Valvur, Helena,295.0
16010101,N/A,Biogeochemical Mineralogical By-Products,Sully Wet Ferrihydrite FH 0C FROZEN,Holden, Jim,80.0
cb5366,Sheets of Six-Membered Rings,Mica,Guidotti Biotite Ra-b53-66 4mil 6-20-88,Guidotti, Charles,295.0
18092601,Single-Width Unbranched Chains W=1,Pyroxene,Pyroxene ALH 77256,175 ,Dyar, Darby,295.0
05111403,Insular SiO4 Groups Only,Olivine,Olivine, synthetic Fo70 Hartzman,Lindsley, Donald,175.0
knl59b,Sheets of Six-Membered Rings,Mica,NL59B Biotite 3mil 5-1-91,unknown,295.0
11032703,Simple Oxides,Oxide,Maghemite VI.2 100nm,Nyiro-Kosa, Ilona,100.0
06072108,Anhydrous Sulfates Containing Hydroxyl or Halogen,Alunite,Alunite NaFeAl2 T14,Dyar, Darby,295.0
10121303,Simple Oxides,Oxide,Ferrihydrite, nanophase 1GOE 07-2010,Bosch, Julian,125.0
10120901,Hydroxides and Oxides Containing Hydroxyl,Hydroxide,Akaganeite, nanophase 1GOE 07-2010 ,Bosch, Julian,60.0
pseb2t,Six-Membered Rings,Tourmaline,Igneous Tourmaline SEBGR-2 Black Tourmaline 12mil 8-20-92,Dyar, Darby,295.0
05112204,Insular SiO4 Groups Only,Olivine,Olivine, synthetic Fo60 Hartzman,Lindsley, Donald,30.0
07032603,Anhydrous Sulfates Containing Hydroxyl or Halogen,Alunite,Jarosite, synthetic EPML-022407,Tosca, Nick,295.0
12010602,N/A,Biogeochemical Mineralogical By-Products,Sully_3 inoculated + incubated at 92C until stationary phase  ,Holden, Jim,200.0
05082201,Insular SiO4 Groups Only,Zircon,Zircon, synthetic Batch 47 Fe+p,Hanchar, John,295.0
07012501,Anhydrous Acid and Sulfates,Sulfate,Millosevichite G2537-1 Messina, Italy,Dyar, Darby,295.0
13041504,Hydrated Acid and Sulfates,Sulfate,Coquimbite G2677,Dyar, Darby,80.0
kzz2bi,Sheets of Six-Membered Rings,Mica,Zhou Z2 Biotite 7mil 6-16-91,Zhou, Fuxing,295.0
04121802,Insular SiO4 Groups Only,Olivine,Olivine, synthetic Fo10 ,Lindsley, Donald,270.0
15080801,N/A,Biogeochemical Mineralogical By-Products,Sully 7-15 Wet Ferrihydrite FH Initial A ,Holden, Jim,220.0
17021501,Six-Membered Rings,Beryl,Beryl, synthetic Fe-4-51,Taran, Michail,4.0
10011201,N/A,Terrestrial Samples,Basalt Mid-Atlantic Ridge 182-1,Reynolds, Valerie,295.0
15082602,N/A,Biogeochemical Mineralogical By-Products,Islandicum 8-15 Wet Ferrihydrite FH Control Final,Holden, Jim,295.0
12050302,N/A,Biogeochemical Mineralogical By-Products,Chimney Ba 08-1 4438 8-21-08,Holden, Jim,80.0
06112703,Insular SiO4 Groups Only,Zircon,Zircon 47,Hanchar, John,4.0
ud204h,Single-Width Unbranched Chains W=1,Pyroxene,Dish Hill Cpx DH-204 92.50 7mil 7-17-94,Dyar, Darby,295.0
09021701,Sheets of Six-Membered Rings,Kaolinite-Serpentine,Antigorite Tilly Foster Mine,Evans, Bernard,295.0
jh63bi,Sheets of Six-Membered Rings,Mica,Holdaway Assemblage5 6-3 Biotite 3mil 3-26-91,Holdaway, Michael,295.0
12041805,Simple Oxides,Oxide,Ferrihydrite JA-499 Iceland,Bishop, Janice,295.0
11022501,N/A,Terrestrial Samples,Cobble Coating Rio Tinto,Preston, Louisa,140.0
15070303,N/A,Biogeochemical Mineralogical By-Products,Islandicum KPO4 buffer control final,Holden, Jim,80.0
09051402,Simple Oxides,Oxide,Wustite, synthetic A Fe-saturated,Lindsley, Donald,275.0
04071501,Hydrated Acid and Sulfates,Sulfate,Voltaite 129313,Dyar, Darby,295.0
15082202,N/A,Biogeochemical Mineralogical By-Products,Sully Wet Ferrihydrite FH Control Initial,Holden, Jim,80.0
07060701,Hydroxides and Oxides Containing Hydroxyl,Hydroxide,Goethite np A1,Tosca, Nick,295.0
10080902,N/A,Biogeochemical Mineralogical By-Products,Islandicum grown 6-18-10 dried anaerobically 7-15-10,Holden, Jim,100.0
11012702,Anhydrous Phosphates, Arsenates, and Vanadates containing Hydroxyl or Halogen,Phosphate,Frondelite DD130,Dyar, Darby,295.0
10072201,N/A,Industrial Samples,Steel #6,Gupta, Ratnesh,295.0
17080101,Native Elements and Alloys,Metal,Fe foil  4 mm-s,Dyar, Darby,300.0
fhs203,Insular SiO4 Groups and O, OH, F, and H2O,Staurolite,Holdaway Staurolite 203 4mil 5-1-89,Holdaway, Michael,295.0
07110101,Insular SiO4 Groups Only,Mixtures,Garnet standard mix #2 20mg Fort Wrangell almandine and 20mg Val Malenko andradite,Dyar, Darby,295.0
07060301,Double-Width Unbranched Chains W=2,Amphibole,Kaersutite Fa-86-1,Dyar, Darby,4.0
10082702,Hydroxides and Oxides Containing Hydroxyl,Hydroxide,Goethite, nanophase C1 07-20-10 m.08-23-10,Tosca, Nick,139.0
07041203,Single-Width Unbranched Chains W=1,Pyroxene,Pyroxene, synthetic Wo10En36Fs54 011,Lindsley, Donald,175.0
04062301,Anhydrous Sulfates Containing Hydroxyl or Halogen,Sulfate,Romerite SPT 110,Cloutis, Edward,120.0
07042007,Single-Width Unbranched Chains W=1,Pyroxene,Pyroxene, synthetic Wo20En20Fs20 055,Lindsley, Donald,4.0
d6566,Sheets of Six-Membered Rings,Mica,Guidotti Biotite Ra-a65-66 1mil 7-8-88,Guidotti, Charles,295.0
06042601,Double-Width Unbranched Chains W=2,Amphibole,Amphibole N4,Gunter, Mickey,295.0
17120901,Simple Oxides,Ilmenite,Ilmenite Ilm100_2 #11 Brown U.,Tolke, Leif,300.0
ib1ehb,Double-Width Unbranched Chains W=2,Amphibole,DH-101-E Hornblende 48mil 6-7-90,McGuire, Anne,295.0
08070802,Anhydrous Sulfates Containing Hydroxyl or Halogen,Alunite,Jarosite, synthetic 0.05 Na 0.45 k, Jan 5 25 mg (K),Basciano, Laurel,295.0
03120501,Simple Oxides,Oxide,Ilmenite KI-2193,Morse, S.A.,165.0
07112203,Single-Width Unbranched Chains W=1,Pyroxene,Pyroxene, synthetic Wo10En72Fs18 018,Lindsley, Donald,175.0
16022301,N/A,Biogeochemical Mineralogical By-Products,Sully Su06 Dry Ferrihydrite FH B 2-12-16 ,Holden, Jim,220.0
12082801,Anhydrous Phosphates, Arsenates, and Vanadates containing Hydroxyl or Halogen,Phosphate,Brazilianite ML-P10,Lane, Melissa,295.0
18062101,N/A,Biogeochemical Mineralogical By-Products,Ice Mamba M1-4 Blood Falls culture, live cell, ferrihydrite, anoxically dried ,Mickuchi, Jill,150.0
06080502,Anhydrous Sulfates Containing Hydroxyl or Halogen,Alunite,Jarosite, synthetic T10 KFe1Al2,Tosca, Nick,295.0
04030603,Insular SiO4 Groups Only,Olivine,Forsterite standard H131929,Dyar, Darby,60.0
20082201,Sheets of Six-Membered Rings,Talc,Gunter Talc #113, BRA_Bahia_core, Univ. of Idaho,Dyar, Darby,295.0
16031501,N/A,Terrestrial Samples,Siltstone, sandy JL 161-4 unheated,Li, June,295.0
12042102,Simple Oxides,Oxide,Wustite, synthetic D intermediate very slightly magnetic,Lindsley, Donald,80.0
01091301,N/A,Meteorite,Meteorite #6,Bland, Phil,295.0
09012801,Anhydrous Sulfates Containing Hydroxyl or Halogen,Alunite,Jarosite, synthetic Hyde,King, Penny,295.0
16100402,Native Elements and Alloys,Metal,Fe foil  10 mm-s,n/a,295.0
09021201,Sheets of Six-Membered Rings,Kaolinite-Serpentine,Antigorite Coleman 94-NZ-62 ,Evans, Bernard,295.0
05101107,Native Elements and Alloys,Metal,Fe foil  12 mm-s,n/a,190.0
02073001,Sheets of Six-Membered Rings,Smectite,Montmorillonite MON 102,Cloutis, Edward,295.0
ujcm3t,Six-Membered Rings,Tourmaline,Jack Creek JC-3 Tourmaline 59.94 4mil 10-7-94,Dyar, Darby,295.0
05080901,Anhydrous Sulfates Containing Hydroxyl or Halogen,Alunite,Jarosite, synthetic 14B heated to 300C,Brophy, Gerald,295.0
06072105,Anhydrous Sulfates Containing Hydroxyl or Halogen,Alunite,Jarosite, synthetic #6Na.68H3O.32(Fe2.66Al.07),Tosca, Nick,295.0
07061303,Single-Width Unbranched Chains W=1,Pyroxene,Pyroxene, synthetic Wo10En45Fs45 009,Lindsley, Donald,24.0
11080301,N/A,Biogeochemical Mineralogical By-Products,Fe gel media July 2011 uninoculated unincubated,Holden, Jim,4.0
04030703,Insular SiO4 Groups Only,Olivine,Forsterite standard H131929,Dyar, Darby,130.0
06080607,Anhydrous Sulfates Containing Hydroxyl or Halogen,Alunite,Jarosite, synthetic T12,Tosca, Nick,295.0
11100303,N/A,Terrestrial Samples,Dolerite MS10_BV_04_ext Beacon Valley, Antarctica no acetone,Salvatore, Mark,295.0
07051302,Single-Width Unbranched Chains W=1,Pyroxene,Pyroxene, synthetic Wo40En30Fs30 079,Lindsley, Donald,30.0
rzhf16,Sheets of Six-Membered Rings,Mica,Zhou Annite F-16 52mil 4-17-93,Zhou, Fuxing,295.0
15042001,Simple Oxides,Oxide,Ferrihydrite, synthetic test (freeze dried),Sklute, Elizabeth,4.0
15041610,Simple Oxides,Oxide,Hematite, synthetic, nanophase HEM022015,Sklute, Elizabeth,80.0
jh347c,Single-Width Unbranched Chains W=1,Pyroxene,H312-47 pure CPX 24mil 3-1-91,McGuire, Anne,295.0
07032601,Sheets of Six-Membered Rings,Mica,Annite Cape Ann,Burns, Roger,4.0
15061402,Single-Width Unbranched Chains W=1,Pyroxene,Orthopyroxene SCOFe3-2 SWIR,Gaetani, Glenn,295.0
09081201,N/A,Terrestrial Samples,Basalt Mid-Atlantic Ridge 236-2,Reynolds, Valerie,295.0
12031302,Simple Oxides,Oxide,Wustite, synthetic A Fe-saturated,Lindsley, Donald,80.0
07033005,Single-Width Unbranched Chains W=1,Pyroxene,Pyroxene, synthetic Wo8En46Fs46 013,Lindsley, Donald,12.0
04050201,N/A,Fulgurite,Fulgurite West Virginia,Sheffer, Abby,12.0
07112703,Single-Width Unbranched Chains W=1,Pyroxene,Pyroxene, synthetic Wo50En25Fs25 039,Lindsley, Donald,200.0
04072602,Insular SiO4 Groups Only,Olivine,Olivine, synthetic Fo80,Menzies, Olywn,245.0
ilm427,Sheets of Six-Membered Rings,Mica,Lee-Guidotti Muscovite 427 58mil 2-9-90,Guidotti, Charles,295.0
07052305,Double-Width Unbranched Chains W=2,Amphibole,Kaersutite DL-7,Dyar, Darby,175.0
02121202,N/A,Terrestrial Samples,Acid Saline Lake KCB 2,Benison, Kathy,295.0
07122004,Single-Width Unbranched Chains W=1,Pyroxene,Pyroxene, synthetic En50Fs50 SynPx004,Lindsley, Donald,8.0
xuhs18t,Six-Membered Rings,Tourmaline,Macon Co. HS#18796 Tourmaline 54.59 10mil 9-24-94,Dyar, Darby,295.0
ubmt7t,Six-Membered Rings,Tourmaline,Blk. Mtn. Pegmatite BMT-75 Tourmaline 72.30 5mil 9-14-94,Dyar, Darby,295.0
10103002,Simple Oxides,Oxide,Ferrihydrite, nanophase 1GOE 06-2008,Bosch, Julian,80.0
08010109,Single-Width Unbranched Chains W=1,Pyroxene,Pyroxene, synthetic Wo10En13.5Fs76.5 048,Lindsley, Donald,24.0
20111101,N/A,Terrestrial Samples,AK17 Lep heat + cells (1),Elizabeth Sklute,220.0
15060402,N/A,Meteorite,Meteorite Allende APL,Hibbitts, Karl,295.0
04082901,Insular SiO4 Groups Only,Olivine,Olivine, synthetic Fo40,Lindsley, Donald,195.0
xjks3tu,Six-Membered Rings,Tourmaline,Kerrich Sigma-3 Tourmaline 12mil 2-20-91,Dyar, Darby,295.0
07101303,N/A,Mixtures,Garnet standards mix (almandine and andradite),Dyar, Darby,100.0
12041301,Simple Oxides,Oxide,Wustite, synthetic B,Lindsley, Donald,130.0
bnac1,Sheets of Six-Membered Rings,Mica,Guidotti Biotite Ra-c1-66 2mil 12-10-87,Guidotti, Charles,295.0
03011801,N/A,Terrestrial Samples,Acid Saline Lake KCB 6,Benison, Kathy,295.0
13052401,N/A,Biogeochemical Mineralogical By-Products,Chimney Dante ALV 4441 9-1-08,Holden, Jim,45.0
07121603,Single-Width Unbranched Chains W=1,Pyroxene,Pyroxene, synthetic En30Fs70 SynPx 023,Lindsley, Donald,100.0
13070202,Sheets of Six-Membered Rings,Kaolinite-Serpentine,Serpentine PHL-PB-4, A. URI,Stander, Amy,295.0
10033101,Hydrated Phosphates, Arsenates, and Vanadates containing Hydroxyl or Halogen,Phosphate,Jahnsite DD193,Dyar, Darby,295.0
lus191,Sheets of Six-Membered Rings,Mica,Earley CuBiFeOx-1 USBM Biotite 4mil 8-27-91,Earley, Drummond,295.0
dhbopx,Single-Width Unbranched Chains W=1,Pyroxene,al Kishb, SA H30-B2 OPX 8-2-88,McGuire, Anne,295.0
l3d81c,Sheets of Six-Membered Rings,Chlorite,Guidotti Chlorite zone 3 Ra-d81-66 11mil 10-19-91,Guidotti, Charles,295.0
04040403,Anhydrous Sulfates Containing Hydroxyl or Halogen,Sulfate,Melanterite SPT 130,Cloutis, Edward,170.0
12022302,Hydroxides and Oxides Containing Hydroxyl,Hydroxide,Goethite nanophase np-Gt A1,Tosca, Nick,4.0
11092801,N/A,Terrestrial Samples,Sandstone PNF-9-2 (10) altered,Schoonen, Martin,295.0
18010402,N/A,Biogeochemical Mineralogical By-Products,P. delaneyi Akaganeite AKAG102315 no heat-no cells annoxically dried,Kashyap, Srishti,150.0
07112001,Single-Width Unbranched Chains W=1,Pyroxene,Pyroxene, synthetic Wo50En0Fs50 083,Lindsley, Donald,80.0
07112702,Single-Width Unbranched Chains W=1,Pyroxene,Pyroxene, synthetic Wo50En25Fs25 039,Lindsley, Donald,225.0
15051503,Simple Oxides,Oxide,Ilmenite 711,unkwn,295.0
09022102,Simple Oxides,Oxide,Wustite, synthetic D intermediate very slightly magnetic,Lindsley, Donald,295.0
06090801,Hydrated Acid and Sulfates,Sulfate,Ferrinatrite VZO 105-106 Sierra Gorda Chile,Dyar, Darby,295.0
12061404,Hydrated Phosphates, Arsenates, and Vanadates containing Hydroxyl or Halogen,Phosphate,Vivianite DD311,Dyar, Darby,24.0
15011901,Hydrated Acid and Sulfates,Sulfate,Gypsum IPC Fe679ppm S20527-31B Cytec,Larkin, Peter,295.0
07121006,Single-Width Unbranched Chains W=1,Pyroxene,Pyroxene, synthetic Wo20En32Fs48 057,Lindsley, Donald,225.0
04082003,Simple Oxides,Oxide,Hematite, synthetic,Dyar, Darby,60.0
02062901,Simple Oxides,Oxide,Ilmenite KI-2193,Morse S. A.,12.0
07121804,Single-Width Unbranched Chains W=1,Pyroxene,Pyroxene, synthetic Fs100 DL-CMP-061,Lindsley, Donald,45.0
aaaa21d,Sheets of Six-Membered Rings,Mica,Biotite (Moeller21D) 1mil 10-27-87,Guidotti, Charles,295.0
11080701,N/A,Terrestrial Samples,Oil sand, MC (marine clay) Athabasca,Osacky, Marek,130.0
15070703,N/A,Biogeochemical Mineralogical By-Products,Islandicum KPO4 buffer control initial,Holden, Jim,80.0
10110801,Simple Oxides,Oxide,Hematite, nanophase Alfa Aesar 07-2010,Holden, Jim,200.0
07031301,Anhydrous Phosphates, Arsenates, and Vanadates containing Hydroxyl or Halogen,Phosphate,Arrojadite P25 locality unknown,Dyar, Darby,295.0
05090301,N/A,Fulgurite,Fulgurite Monohans Texas sand MS1 ,Sheffer, Abigail,295.0
11031803,Simple Oxides,Oxide,Magnetite V.2,Nyiro-Kosa, Ilona,24.0
06122204,Sheets of Six-Membered Rings,Smectite,Montmorillonite Swa-1 JB-170,Bishop, Janice,4.0
08071101,Anhydrous Sulfates Containing Hydroxyl or Halogen,Alunite,Argentojarosite Tintic Nevada 1780mg >125μm,Brophy, Gerald,295.0
12071001,N/A,Biogeochemical Mineralogical By-Products,Roane_3 July 2011 inoculated + incubated until stationary phase,Holden, Jim,295.0
08072101,Anhydrous Sulfates Containing Hydroxyl or Halogen,Alunite,Alunite 95969 620mg >125μm,Brophy, Gerald,295.0
13040105,Hydrated Acid and Sulfates,Sulfate,Coquimbite S63 Atacama, CA,Lane, Melissa,130.0
10110401,Simple Oxides,Oxide,Ferrihydrite, nanophase 1GOE 03-2010,Bosch, Julian,24.0
06110603,Hydrated Acid and Sulfates,Sulfate,Voltaite 137958,Dyar, Darby,10.0
06080907,Double-Width Unbranched Chains W=2,Amphibole,Amphibole HP2B,King, Penny,295.0
06100301,Anhydrous Sulfates Containing Hydroxyl or Halogen,Sulfate,Tochilinite VZO 126,Dyar, Darby,295.0
02041201,Double-Width Unbranched Chains W=2,Amphibole,Holmquisite ,Law, Tony,12.0
02050401,Double-Width Unbranched Chains W=2,Amphibole,Holmquisite ,Law, Tony,290.0
12041002,Simple Oxides,Oxide,Wustite, synthetic B,Lindsley, Donald,295.0
07092401,Simple Oxides,Oxide,Ferrihydrite JA-499 Iceland,Bishop, Janice,80.0
r2161b,N/A,Terrestrial Samples,Zhou T161B Biotite+Magnetite 46mil 5-4-93,Zhou, Fuxing,295.0
05080602,Anhydrous Sulfates Containing Hydroxyl or Halogen,Alunite,Jarosite, synthetic 7B heated to 300C,Brophy, Gerald,295.0
10090703,N/A,Biogeochemical Mineralogical By-Products,Roane 8-19-10 mounted dry,Holden, Jim,210.0
13100101,Sheets of Six-Membered Rings,Kaolinite-Serpentine,Kaolinite, shocked 10.3 GPa,Michalski, Joe,295.0
v2cp82,Single-Width Unbranched Chains W=1,Pyroxene,Spinel Peridotite H30-82-8 CPX 58.98 9mil 4-21-95,McGuire, Anne,295.0
13071005,Sheets of Six-Membered Rings,Kaolinite-Serpentine,Serpentine McL_M81-313_318_B34_B_Bulk, A. URI,Stander, Amy,295.0
14031401,N/A,Industrial Samples,Coal fly ash Zhang #1,Fan, Maohong,295.0
vkbh41,Insular SiO4 Groups Only,Olivine,KBH-94-1 Olivine 64.35 1mil 12-5-94,McGuire, Anne,295.0
03091901,Al-Si Frameworks,Feldspar,Feldspar Bushveld BS1,Tegner, Christian,295.0
03111601,Simple Oxides,Oxide,Ferrihydrite, synthetic JB46,Bishop, Janice,295.0
20100301,N/A,Terrestrial Samples,AX17 Bioreduced Fh Heat + Cells (1A),Elizabeth Sklute,220.0
19011301,N/A,Glass,McCanta Glass PDCV-5 IW AP17 O,McCanta, Molly,295.0
h160_k,Al-Si Frameworks,Feldspar,Housely 160,Housely, Robert,160.0
11091904,N/A,Meteorite,Meteorite QUE 93005,Howard, Kieran,295.0
14061201,N/A,Glass,Glass, synthetic BAS-6 AIR,McCanta, Molly,295.0
21022101,N/A,Terrestrial Samples,AX17 grown on Lepidocrocite 2 heat - no cells,Elizabeth Sklute,295.0
13060501,Sheets of Six-Membered Rings,Kaolinite-Serpentine,Serpentine MLC QV1-140 Tserpmud-A URI,Stander, Amy,295.0
05120601,Insular SiO4 Groups Only,Olivine,Olivine, synthetic Fo40 Zhou,Lindsley, Donald,75.0
12042403,Hydroxides and Oxides Containing Hydroxyl,Hydroxide,Goethite 83831 Bavaria,Dyar, Darby,200.0
12022602,N/A,Biogeochemical Mineralogical By-Products,Roane-Sully 1, Fe gel media uninoculated + unincubated, prepared Dec 2011,Holden, Jim,200.0
18020101,Anhydrous Borates,Phosphate,Vonsenite John Hughes,Dyar, Darby,150.0
11110901,Single-Width Unbranched Chains W=1,Pyroxene,Orthopyroxene BRZ-Bulk,Klima, Rachel,295.0
16080101,Insular SiO4 Groups Only,Garnet,Garnet F11-4,Bucholz, Claire,295.0
05092601,N/A,Fulgurite,Fulgurite CT sample #2,Sheffer, Abigail,295.0
12051501,N/A,Industrial Samples,Coal, raw,Fan, Mahoung,295.0
07122202,Single-Width Unbranched Chains W=1,Pyroxene,Pyroxene, synthetic Wo20En40Fs40 051,Lindsley, Donald,200.0
11010603,Anhydrous Sulfates Containing Hydroxyl or Halogen,Alunite,Jarosite, natural RT5MTHS dry,Loiselle, Liane,295.0
15052803,N/A,Meteorite,Meteorite MIL 07700,13,Hibbitts, Karl,295.0
13091303,N/A,Miscellaneous,Green Tea B 1Fe:2GT disc mount,Oakes, Jacqueline,4.0
10122001,N/A,Terrestrial Samples,Basalt, altered HYD-9 Atacama Desert,Greenberger, Rebecca,295.0
19062601,N/A,Terrestrial Samples,Blood Falls sample ES26 frozen fluid,Mikucki, Jill,4.0
16011701,N/A,Biogeochemical Mineralogical By-Products,Sully Dry Ferrihydrite FH 0C FROZEN,Holden, Jim,7.0
09042001,Simple Oxides,Oxide,Ferrihydrite 4: 22B+1 80,Estes, Emily,295.0
07123106,Single-Width Unbranched Chains W=1,Pyroxene,Pyroxene, synthetic Wo10En13.5Fs76.5 048,Lindsley, Donald,275.0
18043001,N/A,Biogeochemical Mineralogical By-Products,P. Islandicum Ferrihydrite heat + cells anoxically dried ,Kashyap, Srishti,295.0
08010104,Single-Width Unbranched Chains W=1,Pyroxene,Pyroxene, synthetic Wo10En13.5Fs76.5 048,Lindsley, Donald,100.0
09063001,Sheets of Six-Membered Rings,Kaolinite-Serpentine,Antigorite ATG 75-34,Evans, Bernard,295.0
w4cp68,Single-Width Unbranched Chains W=1,Pyroxene,Peridotite H-366-89 CPX 67.16 9mil 6-14-95,McGuire, Anne,295.0
06072001,Anhydrous Sulfates Containing Hydroxyl or Halogen,Alunite,Natrojarosite NAJ 2-3 UC Davis,Bishop, Janice,295.0
04041603,Hydrated Acid and Sulfates,Sulfate,Szomolnokite 560,Dyar, Darby,95.0
10041401,Simple Oxides,Biogeochemical Mineralogical By-Products,Islandicum, anaerobically dried,Holden, Jim,295.0
jgbj73,Sheets of Six-Membered Rings,Mica,Guidotti Biotite o-j-73 12mil 9-25-90,Guidotti, Charles,295.0
11091101,N/A,Terrestrial Samples,Oil sand ES<2,Osacky, Marek,4.0
14012002,N/A,Glass,Glass, synthetic Fa-Plag Lazareva-Lindsley 1.301,Lazareva, Lena,295.0
09090201,N/A,Terrestrial Samples,Basalt Mid-Atlantic Ridge 277-2,Reynolds, Valerie,295.0
11062804,N/A,Industrial Samples,Coal Fly Ash Sample M Fe6+,Fan, Mahoung,275.0
05110402,Insular SiO4 Groups Only,Olivine,Olivine, synthetic Fa10.5,Nabalek, Peter,13.1
08070902,Anhydrous Sulfates Containing Hydroxyl or Halogen,Alunite,Jarosite, synthetic 0.25Na-0.25K Jan 5 (M),Basciano, Laurel,295.0
09060301,Single-Width Unbranched Chains W=1,Pyroxene,Pyroxene, Meteorite Y 984028 interior,Dyar, Darby,295.0
05102502,Insular SiO4 Groups Only,Olivine,Olivine, synthetic Fo20 Zhou,Lindsley, Donald,175.0
16111201,Native Elements and Alloys,Metal,Fe foil  4 mm-s,n/a,295.0
02043001,Double-Width Unbranched Chains W=2,Amphibole,Holmquisite ,Law, Tony,230.0
jgmra4,Sheets of Six-Membered Rings,Mica,Guidotti Muscovite Ra-a14-66 112mil 10-21-90,Guidotti, Charles,295.0
17061801,Simple Oxides,Biogeochemical Mineralogical By-Products,Geobacter Ferrihydrite heat-no cells, filtered then dried anaerobically 6-5-17,Ross, Laura,295.0
07042601,Insular SiO4 Groups Only,Olivine,Olivine, synthetic Fo89.5 New,Lindsley, Donald,24.0
05012001,Six-Membered Rings,Tourmaline,Tourmaline Him3,Ertl, Andreas,295.0
ilm548,Sheets of Six-Membered Rings,Mica,Lee-Guidotti Muscovite 548 48mil 3-16-90,Guidotti, Charles,295.0
15090102,N/A,Biogeochemical Mineralogical By-Products,Islandicum 8-15 Dry Ferrihydrite FH Initial Control,Holden, Jim,80.0
05111701,Insular SiO4 Groups Only,Olivine,Olivine, synthetic Fo70 Hartzman,Lindsley, Donald,12.6
15100201,N/A,Terrestrial Samples,Siltstone, sandy JL109-10 coarse,Li, June,295.0
15070602,N/A,Biogeochemical Mineralogical By-Products,Islandicum KPO4 buffer control initial,Holden, Jim,295.0
07030702,N/A,Terrestrial Samples,Rusticle 6514-2,Lunze, Jason,295.0
05103101,Insular SiO4 Groups Only,Olivine,Olivine, synthetic Fa10.5,Nabalek, Peter,250.0
10103005,Simple Oxides,Oxide,Ferrihydrite, nanophase 1GOE 06-2008,Bosch, Julian,150.0
12021201,Sheets of Six-Membered Rings,Smectite,Smectite SCB-W bulk rock,Harding, Sherie,295.0
15091101,N/A,Glass,Glass, synthetic RHY-2 CO2,McCanta, Molly,295.0
07022802,Hydrated Phosphates, Arsenates, and Vanadates containing Hydroxyl or Halogen,Phosphate,Souzalite-Gormanite MDD13 Big Fish River, Yukon, Canada,Dyar, Darby,295.0
13070801,Multiple Oxides,Multiple Oxide,Spinel Tanz Brown U.,Cheek, Leah,295.0
07042303,Insular SiO4 Groups Only,Olivine,Olivine, synthetic Fo89.5 New,Lindsley, Donald,295.0
12052901,N/A,Terrestrial Samples,Halemaumau H10-7,McCanta, Molly,295.0
11100503,N/A,Terrestrial Samples,Dolerite MS10_BV_04_ext Beacon Valley, Antarctica no acetone,Salvatore, Mark,295.0
xuhp51t,Six-Membered Rings,Tourmaline,Harney Peak 5-1 Tourmaline 47.07 2mil 10-1-94,Dyar, Darby,295.0
02071001,Single-Width Unbranched Chains W=1,Pyroxene,Pyroxene PYX 166 Augite,Cloutis, Edward,295.0
15063002,N/A,Biogeochemical Mineralogical By-Products,Islandicum Pipes buffer time point 6 run A,Holden, Jim,220.0
12040501,Simple Oxides,Oxide,Ilmenite 20724JB 1-05,Riner, Miriam,80.0
12070602,N/A,Biogeochemical Mineralogical By-Products,Roane_3 July 2011 inoculated + incubated until stationary phase,Holden, Jim,295.0
15082801,N/A,Biogeochemical Mineralogical By-Products,Islandicum 8-15 Wet Ferrihydrite FH Initial A,Holden, Jim,6.0
01080202,N/A,Terrestrial Samples,Basalt JB-447 dry (rerun not good),Bishop, Janice,295.0
w4ep37,Single-Width Unbranched Chains W=1,Pyroxene,Peridotite Ep-3-7A CPX 56.33 13mil 6-12-95,McGuire, Anne,295.0
15121402,Simple Oxides,Oxide,Ferrihydrite FH-40-1-A,Dehouck, Erwin,295.0
16090801,Sheets of Six-Membered Rings,Mica,Biotite 43A 54 degrees ambient,Bucholz, Claire,285.0
19120401,Sheets of Six-Membered Rings,Talc,Gunter Talc #47, USA_CA_Grantham, Univ. of Idaho,Gunter, Mickey,295.0
21021301,Single-Width Unbranched Chains W=1,pyroxene,Aegirine 130320 Harvard Magnet Cove, AR,Dyar, Darby,295.0
11091502,N/A,Biogeochemical Mineralogical By-Products,Roane old sample inoculated + incubated at 92°C until stationary phase,Holden, Jim,200.0
11031502,Simple Oxides,Oxide,Magnetite V.1 62nm,Nyiro-Kosa, Ilona,45.0
11111401,Hydrated Phosphates, Arsenates, and Vanadates containing Hydroxyl or Halogen,Phosphate,Wavellite DD333,Dyar, Darby,295.0
11012703,Anhydrous Normal Phosphates, Arsenates, and Vanadates,Phosphate,Graftonite P24 38.3.3.1,Dyar, Darby,295.0
k1371m,Sheets of Six-Membered Rings,Mica,Holdaway Assm. 5 137-1 Muscovite 13mil 7-24-91,Holdaway, Michael,295.0
07122604,Single-Width Unbranched Chains W=1,Pyroxene,Pyroxene, synthetic Wo40En48Fs12 075,Lindsley, Donald,30.0
ud208h,Single-Width Unbranched Chains W=1,Pyroxene,Dish Hill Cpx DH-208 54.06 7mil 7-21-94,Dyar, Darby,295.0
11030803,Simple Oxides,Oxide,Magnetite III.1 70nm,Nyiro-Kosa, Ilona,60.0
depcpx,Single-Width Unbranched Chains W=1,Pyroxene,Ep-1-13 CPX Potrillo Maar, NM 4mil 7-5-88,McGuire, Anne,295.0
06092302,Sulfides, including Selenides and Tellurides,Sulfide,Chalcopyrite CHA 101 Temegami, Ontario,Cloutis, Edward,295.0
04081816,Simple Oxides,Oxide,Hematite, synthetic,Dyar, Darby,230.0
pstrg2,Six-Membered Rings,Tourmaline,Igneous Tourmaline STRGR-2 Black Tourmaline 7mil 8-19-92,Dyar, Darby,295.0
16041301,N/A,Glass,Glass, synthetic ALK -1,Cannon, Kevin,295.0
20052901,Sheets of Six-Membered Rings,Talc,Gunter Talc #73, CHI_Guangxi_GuiLin_200, Univ. of Idaho,Gunter, Mickey,295.0
07041207,Single-Width Unbranched Chains W=1,Pyroxene,Pyroxene, synthetic Wo10En36Fs54 011,Lindsley, Donald,80.0
04053102,Simple Oxides,Oxide,Maghemite, synthetic JB-301,Bishop, Janice,150.0
04081002,Insular SiO4 Groups Only,Olivine,Olivine, synthetic Fo60,Menzies, Olywn,75.0
04090204,Insular SiO4 Groups Only,Olivine,Olivine, synthetic Fo20,Lindsley, Donald,270.0
l4a48c,Sheets of Six-Membered Rings,Chlorite,Guidotti Chlorite Zone 4 Ra-a48-66 11mil 10-21-91,Guidotti, Charles,295.0
11070102,N/A,Industrial Samples,Coal Fly Ash Sample M Fe6+,Fan, Mahoung,45.0
11091501,N/A,Terrestrial Samples,Oil sand EC<2,Osacky, Marek,130.0
16052801,N/A,Industrial Samples,Coal fly ash 4Fe 500C Py coal Bang Xu,Fan, Maohong,295.0
07060302,Single-Width Unbranched Chains W=1,Pyroxene,Pyroxene, synthetic Wo30En17.5F252.5 066,Lindsley, Donald,295.0
17012701,N/A,Terrestrial Samples,Palagonite tuff SB125-01,Farrand, Bill,295.0
11022404,N/A,Terrestrial Samples,Cobble Coating Rio Tinto,Preston, Louisa,80.0
07051603,Double-Width Unbranched Chains W=2,Amphibole,Kaersutite Tm,Dyar, Darby,200.0
06121307,Sheets of Six-Membered Rings,Mica,Biotite mica-Fe CRPG Geostandard,Dyar, Darby,30.0
10111602,N/A,Biogeochemical Mineralogical By-Products,Islandicum inoculated 11-08-2010,Holden, Jim,200.0
v2sp17,Single-Width Unbranched Chains W=1,Pyroxene,Spinel Peridotite Ba-1-74 CPX 28.10 18mil 2-6-95,McGuire, Anne,295.0
15040203,N/A,Terrestrial Samples,Core U1425B 1-4-16 WHOI,Gosan, Liviu,250.0
07060801,Hydroxides and Oxides Containing Hydroxyl,Hydroxide,Goethite 7nm,Tosca, Nick,295.0
07032803,Single-Width Unbranched Chains W=1,Pyroxene,Pyroxene, synthetic Wo8En46Fs46 013,Lindsley, Donald,295.0
10110102,Simple Oxides,Oxide,Ferrihydrite, nanophase 1GOE 03-2010,Bosch, Julian,295.0
18081601,Single-Width Unbranched Chains W=1,Pyroxene,Pyroxene GRO-95555,55,Dyar, Darby,295.0
11013001,N/A,Terrestrial Samples,Cobble Coating Rio Tinto,Preston, Louisa,295.0
h70_k,Al-Si Frameworks,Feldspar,Housely Fe2+ Anorthite 70K,Housely, Robert,70.0
15041608,Simple Oxides,Oxide,Hematite, synthetic, nanophase HEM022015,Sklute, Elizabeth,150.0
lscarh,Double-Width Unbranched Chains W=2,Amphibole,Wilshire San Carlos Hornblende 6mil 8-15-91,Wilshire, Howard,295.0
03070201,Simple Oxides,Oxide,Hematite, synthetic ,Dyar, Darby,160.0
15032501,N/A,Biogeochemical Mineralogical By-Products,Sully March innoculation time point 1, series B no acetone,Holden, Jim,295.0
21042101,N/A,rock,Hendrix JSC-1a treatment LHS-1,Hendrix, Donald,295.0
07052203,Double-Width Unbranched Chains W=2,Amphibole,Kaersutite Fr-12,Dyar, Darby,18.0
03030101,N/A,Mixtures,Clinoyroxene -- Forsterite 1:1 mix,Dyar, Darby,295.0
s294bt,Sheets of Six-Membered Rings,Mica,Barnes Biotite 94 11mil 11-10-93,Barnes, Calvin,295.0
ehs62u,Insular SiO4 Groups and O, OH, F, and H2O,Staurolite,Holdaway Staurolite 71-62u 1mil 10-12-88,Holdaway, Michael,295.0
07121602,Single-Width Unbranched Chains W=1,Pyroxene,Pyroxene, synthetic En30Fs70 SynPx 023,Lindsley, Donald,125.0
16011702,N/A,Biogeochemical Mineralogical By-Products,Sully Dry Ferrihydrite FH 0C FROZEN,Holden, Jim,80.0
11112902,N/A,Fulgurite,Tektite T-3 Philipinite, Philippines,Nottke, Tony,295.0
04030202,Insular SiO4 Groups Only,Olivine,Olivine Dish Hill DH-101 E,Dyar, Darby,295.0
17030401,Insular SiO4 Groups Only,Olivine,Montticellite NMNH 13639, Italy, whole sample not pure but maybe only one Fe bearing phase,Dyar, Darby,4.0
06051801,N/A,Meteorite,Meteorite EETA 7900IA-472,Dyar, Darby,295.0
05102602,Insular SiO4 Groups Only,Olivine,Olivine, synthetic Fo20 Zhou,Lindsley, Donald,100.0
07051602,Double-Width Unbranched Chains W=2,Amphibole,Kaersutite Tm,Dyar, Darby,225.0
04100502,Double-Width Unbranched Chains W=2,Amphibole,Amphibole Mo-2B,Moore, Paulus,295.0
18012501,N/A,Biogeochemical Mineralogical By-Products,P. islandicum Akaganeite no heat-no cells anoxically dried,Kashyap, Srishti,220.0
19062901,N/A,Terrestrial Samples,Blood falls sample ES26 air dried sediment mostly sample,Mikucki, Jill,4.0
nsp300,Single-Width Unbranched Chains W=1,Pyroxene,Spinel Peridotite OPX H30-b3 23mil 6-7-92,McGuire, Anne,295.0
07070701,N/A,Meteorite,Meteorite MAC 02522,7 eucrite unheated,Elkinton, Hannah,295.0
07111102,Single-Width Unbranched Chains W=1,Pyroxene,Pyroxene, synthetic Wo40En55F55 Px077,Lindsley, Donald,18.0
02022201,Al-Si Frameworks,Feldspar,Anorthite Fe3+ 57Fe ,Housely, Robert,35.0
jlitbi,Sheets of Six-Membered Rings,Mica,Litchfield, ME Biotite 9mil 1-21-91,Guidotti, Charles,295.0
13100802,Sheets of Six-Membered Rings,Kaolinite-Serpentine,Kaolinite, shocked KGa-1b 25.1 GPa,Michalski, Joe,295.0
07070401,Sheets of Six-Membered Rings,Pyrophyllite-Talc,Talc FTA-3-R1 J.C.C. 3-10-06,Jenkins, David,295.0
12081701,Sheets of Six-Membered Rings,Clay,Clay, Sea Cliff Dive,Michalski, Joe,295.0
13042103,Hydrated Sulfates Containing Hydroxyl or Halogen,Sulfate,Fibroferrite SPT 121,Cloutis, Edward,45.0
07122801,Single-Width Unbranched Chains W=1,Pyroxene,Pyroxene, synthetic Wo50En15Fs35 037,Lindsley, Donald,100.0
05052701,Single-Width Unbranched Chains W=1,Pyroxene,Clinopyroxene, Meteorite MIL 03346,49 SNC,Dyar, Darby,16.0
06090802,Hydrated Acid and Sulfates,Sulfate,Ferrinatrite R6214 Sierra Gorda Chile,Dyar, Darby,295.0
08021401,Hydrated Acid and Sulfates,Sulfate,Rozenite FeSO4 4H20 JPL,Coleman, Max,295.0
12032704,Native Elements and Alloys,Metal,Fe foil  10 mm-s,n/a,295.0
15120303,Hydroxides and Oxides Containing Hydroxyl,Hydroxide,Goethite, synthetic, nanophase GOET011515,Sklute, Elizabeth,220.0
07121701,Single-Width Unbranched Chains W=1,Pyroxene,Pyroxene, synthetic En30Fs70 SynPx 023,Lindsley, Donald,8.0
13061001,N/A,Biogeochemical Mineralogical By-Products,Chimney, Cauldron (Hot Harold) cd-08 4450,Holden, Jim,295.0
03102102,N/A,Mixtures,Hematite -- Ilmenite KI-2193 Mix #3,Bishop, Janice,190.0
11061001,N/A,Terrestrial Samples,Oil sand ES<2,Osacky, Marek,295.0
18081902,Single-Width Unbranched Chains W=1,Pyroxene,Pyroxene Wo10 x=30 I Lindsley pigeonite #4,Dyar, Darby,295.0
k1291b,Sheets of Six-Membered Rings,Mica,Holdaway Assemblage 4 129-1 Biotite 7mil 4-12-91,Holdaway, Michael,295.0
02031001,Single-Width Unbranched Chains W=1,Pyroxene,Orthopyroxene Bushveld B1,Tegnar, Christian,295.0
h240_k,Al-Si Frameworks,Feldspar,Housely Anorthite Fe3+ 240K,Housely, Robert,240.0
11031902,Simple Oxides,Oxide,Magnetite V.2,Nyiro-Kosa, Ilona,60.0
17022701,N/A,Terrestrial Samples,Palagonite tuff PBB-08,Farrand, Bill,295.0
07060306,Single-Width Unbranched Chains W=1,Pyroxene,Pyroxene, synthetic Wo30En17.5F252.5 066,Lindsley, Donald,200.0
15041803,Simple Oxides,Oxide,Lepidocrocite, synthetic, nanophase LEP030415,Sklute, Elizabeth,4.0
07051903,Double-Width Unbranched Chains W=2,Amphibole,Kaersutite Tm,Dyar, Darby,4.0
05011105,Insular SiO4 Groups Only,Olivine,Olivine, synthetic Fe70,Lindsley, Donald,250.0
r291bt,Sheets of Six-Membered Rings,Mica,Guidotti Biotite SBG-91 37mil 6-6-93,Guidotti, Charles,295.0
07120211,Single-Width Unbranched Chains W=1,Pyroxene,Pyroxene, synthetic En70Fs30 SynPx 026A,Lindsley, Donald,18.0
08050701,Hydrated Acid and Sulfates,Sulfate,Rhomboclase Dehydrated (?) ,Coleman, Max,295.0
14011101,N/A,Glass,Glass, synthetic BAS-5 IW,McCanta, Molly,295.0
11072602,Hydrated Phosphates, Arsenates, and Vanadates containing Hydroxyl or Halogen,Phosphate,Stewartite DD295,Dyar, Darby,295.0
15062901,N/A,Biogeochemical Mineralogical By-Products,Islandicum Pipes buffer time point 6 run A,Holden, Jim,5.0
07071601,N/A,Terrestrial Samples,Martite-rich 4NW,Thomson, Bradley,295.0
jmckch,Sheets of Six-Membered Rings,Chlorite,McKibben Chlorite 4mil 3-8-91,McKibben, Mike,295.0
06082501,Hydrated Acid and Sulfates,Sulfate,Kornelite 140175 White Mountain, Mono Co. CA,Dyar, Darby,295.0
12050602,N/A,Biogeochemical Mineralogical By-Products,Chimney Ba 08-2 4438 8-21-08,Holden, Jim,200.0
07033102,Single-Width Unbranched Chains W=1,Pyroxene,Pyroxene, synthetic Wo5En66.5Fs28.5 015,Lindsley, Donald,275.0
smoh56,Sheets of Six-Membered Rings,Mica,Guidotti Muscovite 7* O-H-56 125mil 8-31-93,Guidotti, Charles,295.0
08010207,Single-Width Unbranched Chains W=1,Pyroxene,Pyroxene, synthetic Wo30Fs70 085,Lindsley, Donald,100.0
05081003,Anhydrous Sulfates Containing Hydroxyl or Halogen,Alunite,Jarosite, synthetic 19B heated to 300C,Brophy, Gerald,295.0
kn91cb,Sheets of Six-Membered Rings,Mica,Holdaway Assm. 4A N-91C Biotite 8mil 6-22-91,Holdaway, Michael,295.0
jgbb42,Sheets of Six-Membered Rings,Mica,Guidotti Biotite Ra-b42-66 10mil 9-26-90,Guidotti, Charles,295.0
06070602,Insular SiO4 Groups Only,Garnet,Garnet, grossular 123017 Cal-silicate deposit, Day Hill, Cornish, York Co., ME,Dyar, Darby,295.0
12062504,Hydrated Phosphates, Arsenates, and Vanadates containing Hydroxyl or Halogen,Phosphate,Vivianite DD171,Dyar, Darby,80.0
06081101,Single-Width Unbranched Chains W=1,Pyroxene,Pyroxene, shocked 3501,McCanta, Molly,295.0
14121401,N/A,Fulgurite,Tektite #12 2014,Nottke, Tony,295.0
04072401,Insular SiO4 Groups Only,Olivine,Olivine, synthetic Fo80,Menzies, Olywn,120.0
11011003,Anhydrous Sulfates Containing Hydroxyl or Halogen,Alunite,Jarosite, natural RT 7WKS dry,Loiselle, Liane,295.0
07120408,Single-Width Unbranched Chains W=1,Pyroxene,Pyroxene, synthetic Wo30En35Fs35 073,Lindsley, Donald,45.0
05072002,Insular SiO4 Groups Only,Olivine,Fayalite Fe2SiO4,Ferre, Eric,295.0
07121907,Single-Width Unbranched Chains W=1,Pyroxene,Pyroxene, synthetic En50Fs50 SynPx004,Lindsley, Donald,60.0
04051101,Sheets of Six-Membered Rings,Kaolinite-Serpentine,Antigorite JA-563,Bishop, Janice,150.0
15081901,N/A,Biogeochemical Mineralogical By-Products,Sully 7-15 Dry Ferrihydrite FH Final A ,Holden, Jim,150.0
18043002,N/A,Biogeochemical Mineralogical By-Products,P. Islandicum Ferrihydrite heat + cells anoxically dried ,Kashyap, Srishti,295.0
02071101,Double-Width Unbranched Chains W=2,Amphibole,Edenite PBM-2,Moore, Paulus,295.0
08050901,Hydrated Sulfates Containing Hydroxyl or Halogen,Sulfate,Copiapile-Mg (oil),Coleman, Max,295.0
11032104,Simple Oxides,Oxide,Magnetite V.2,Nyiro-Kosa, Ilona,275.0
07121607,Single-Width Unbranched Chains W=1,Pyroxene,Pyroxene, synthetic En30Fs70 SynPx 023,Lindsley, Donald,30.0
aok8r,Sheets of Six-Membered Rings,Mica,Guidotti biotite O-K-8 1mil 10-19-87,Guidotti, Charles,295.0
13122301,N/A,Glass,Glass, synthetic AND-2 IW,McCanta, Molly,295.0
07053104,Double-Width Unbranched Chains W=2,Amphibole,Kaersutite Fa-86-1,Dyar, Darby,150.0
20110501,N/A,Terrestrial Samples,AX17 AK heat no cells (2),Elizabeth Sklute,150.0
05100603,Anhydrous Sulfates Containing Hydroxyl or Halogen,Sulfate,Romerite SPT 110 dry,Cloutis, Edward,30.0
05020201,N/A,Fulgurite,Fulgurite Black Rock Utah country rock,Sheffer, Abigail,295.0
04102603,Double-Width Unbranched Chains W=2,Amphibole,Amphibole L-40,Lupulescu, Marian,295.0
08121501,Hydrated Sulfates Containing Hydroxyl or Halogen,Sulfate,Copiapite FAC-1 JB-839,Bishop, Janice,295.0
19021301,N/A,Glass,McCanta Glass BHVO-2 QFM PDCV-3,McCanta, Molly,295.0
07061204,Single-Width Unbranched Chains W=1,Pyroxene,Pyroxene, synthetic Wo10En45Fs45 009,Lindsley, Donald,125.0
07020801,Sheets of Six-Membered Rings,Chlorite,Clinochlore West Chester, PA,Dyar, Darby,175.0
hba3ol,Insular SiO4 Groups Only,Olivine,Dish Hill,CA OL Ba-2-1 A3 2mil 10-1-89,McGuire, Anne,295.0
16011801,N/A,Biogeochemical Mineralogical By-Products,Sully Dry Ferrihydrite FH 0C FROZEN,Holden, Jim,220.0
d116st,Insular SiO4 Groups and O, OH, F, and H2O,Staurolite,Hunt Valley Staurolite HV-116 7-24-88,Lang, Helen,295.0
ed04bt,Sheets of Six-Membered Rings,Mica,Hunt Valley Biotite HV-4 6mil 12-27-88,Lang, Helen,295.0
07123002,Single-Width Unbranched Chains W=1,Pyroxene,Pyroxene, synthetic Wo30En28Fs42 068,Lindsley, Donald,100.0
pmfay1,Insular SiO4 Groups Only,Olivine,Mackwell fayalite  Fay#1 15mil 7-16-92,Mackwell, Steve,295.0
08091501,Hydrated Sulfates Containing Hydroxyl or Halogen,Sulfate,Aluminite G2802,Dyar, Darby,295.0
07060203,Double-Width Unbranched Chains W=2,Amphibole,Kaersutite Fa-86-1,Dyar, Darby,18.0
10103104,Simple Oxides,Oxide,Ferrihydrite, nanophase 1GOE 06-2008,Bosch, Julian,275.0
hwgrun,Double-Width Unbranched Chains W=2,Amphibole,Whipple Grunerite 5mil 10-5-89,Burns, Roger,295.0
17102301,Sheets of Six-Membered Rings,Allophane,Allophane #112816 JB-1649A <125mm,Bishop, Janice,300.0
05111002,Insular SiO4 Groups Only,Olivine,Olivine, synthetic Fo50,Lindsley, Donald,12.0
06092101,Simple Oxides,Oxide,Ferrihydrite 2nm,Michel, F. Marc,295.0
07052401,Double-Width Unbranched Chains W=2,Amphibole,Kaersutite DL-7,Dyar, Darby,150.0
07120204,Single-Width Unbranched Chains W=1,Pyroxene,Pyroxene, synthetic En70Fs30 SynPx 026A,Lindsley, Donald,125.0
16111001,Sheets of Six-Membered Rings,Kaolinite-Serpentine,Kaolinite, shocked Kga-1b 39.6 GPa,Michalski, Joe,295.0
20100801,N/A,Terrestrial Samples,AX17 Bioreduced Fh Heat no Cells (2A),Elizabeth Sklute,220.0
07050601,Single-Width Unbranched Chains W=1,Pyroxene,Pyroxene, synthetic Wo30En49Fs21 067,Lindsley, Donald,200.0
07112607,Single-Width Unbranched Chains W=1,Pyroxene,Pyroxene, synthetic Wo50En25Fs25 039,Lindsley, Donald,295.0
19091402,Double-Width Unbranched Chains W=2,Amphibole,Hastingsite FR-830W,Jenkins, David,295.0
12040802,Multiple Oxides,Oxide,Hercynite 96710 Kongsberg, Bohemia,Dyar, Darby,130.0
18100801,N/A,Terrestrial Samples,Lake Towuti Sediment RS0238 Brown University,Sheppard, Rachel,4.0
v2srv1,Insular SiO4 Groups Only,Garnet,Smyth Garnet SRV-1 67.07 4mil 4-3-95,Smyth, Joe,295.0
04041703,Hydrated Acid and Sulfates,Sulfate,Szomolnokite 560,Dyar, Darby,170.0
10091101,N/A,Biogeochemical Mineralogical By-Products,Roane 8-19-10 mounted dry,Holden, Jim,8.0
03121801,Hydroxides and Oxides Containing Hydroxyl,Hydroxide,Schwertmannite, natural JB-130,Bishop, Janice,190.0
04041602,Hydrated Acid and Sulfates,Sulfate,Szomolnokite 560,Dyar, Darby,75.0
05100202,Anhydrous Sulfates Containing Hydroxyl or Halogen,Sulfate,Romerite SPT 110 dry,Cloutis, Edward,293.0
01091101,Al-Si Frameworks,Feldspar,Feldspar Bushveld BT33-b,Tegnar, Christian,295.0
11081603,N/A,Meteorite,Meteorite QUE 97990,Howard, Kieran,295.0
10030601,Simple Oxides,Oxide,Ferrihydrite 5 Ken 1-1,Estes, Emily,295.0
15020301,N/A,Terrestrial Samples,Ocean sediment 329-U1370D-7-6-70 BU,Anderson, Chloe,295.0
01122601,Al-Si Frameworks,Feldspar,Plagioclase Bushveld BT9,Tegnar, Christian,295.0
02121201,N/A,Terrestrial Samples,Acid Saline Lake KCB-1,Benison, Kathy,295.0
07120502,Single-Width Unbranched Chains W=1,Pyroxene,Pyroxene, synthetic Wo30En35Fs35 073,Lindsley, Donald,24.0
08031901,Al-Si Frameworks,Feldspar,Feldspar B-137 Hildreth,Hildreth, Wes,295.0
jhr18b,Sheets of Six-Membered Rings,Chlorite,Harper (WC4) R18b 6mil 1-15-91,Harper, Greg,295.0
04092902,Double-Width Unbranched Chains W=2,Amphibole,Amphibole Mo-5,Moore, Paulus,295.0
18041901,N/A,Biogeochemical Mineralogical By-Products,P. delaneyi Ferrihydrite heat + cells anoxically dried ,Kashyap, Srishti,80.0
bmra95,Sheets of Six-Membered Rings,Mica,Guidotti Biotite Ra-a95-66 1mil 1-13-88,Guidotti, Charles,295.0
ibg650,Insular SiO4 Groups Only,Glass,Brady Glass  14mil 2-28-90,Brady, John,295
15083002,N/A,Biogeochemical Mineralogical By-Products,Islandicum 8-15 Dry Ferrihydrite FH Control Final,Holden, Jim,80
11100301,N/A,Terrestrial Samples,Sandstone, Moenkopi B,Schoonen, Martin,295
tcw54f,Sheets of Six-Membered Rings,Kaolinite-Serpentine,O'Hanley Chrysotile W54 Chrasb. 85mil 4-15-94,O'Hanley, David,295
11082401,Anhydrous Phosphates, Arsenates, and Vanadates containing Hydroxyl or Halogen,Phosphate,Rockbridgeite DD277-287,Dyar, Darby,295
14110501,N/A,Terrestrial Samples,Core U1429A 6-1-145 WHOI,Gosan, Liviu,295
20110601,N/A,Terrestrial Samples,AX17 AK heat no cells (2),Elizabeth Sklute,220
11070603,N/A,Industrial Samples,Coal Fly Ash Sample T Fe6+,Fan, Mahoung,60
07042707,Insular SiO4 Groups Only,Olivine,Olivine, synthetic Fo70 New,Lindsley, Donald,80
15100601,N/A,Terrestrial Samples,Siltstone, sandy BS 7.60,Li, June,295
15060501,N/A,Meteorite,Meteorite Cola Bikkeveld USNM 1002 APL,Hibbitts, Karl,295
18072201,Si2O7 Groups, Generally with No Additional Anions,Pyroxene,Pyroxene BA-2-101-D opx,Dyar, Darby,295
04072901,Native Elements and Alloys,Metal,Fe foil  4 mm-s,n/a,190
06013101,Anhydrous Sulfates Containing Hydroxyl or Halogen,Alunite,Jarosite, synthetic EPm L1-B,Tosca, Nick,295
07102503,Insular SiO4 Groups Only,Garnet,Garnet, almandine AK97-29 Treadway Mountain Formation, Rte. 8, east of Brandt Lake, NY,Dyar, Darby,295
02080401,N/A,Meteorite,Meteorite ALHA 77005,159 whole rock,Dyar, Darby,295
00100501,Double-Width Unbranched Chains W=2,Amphibole,Amphibole 30% Fe,Jenkins, David,295
07040704,Single-Width Unbranched Chains W=1,Pyroxene,Pyroxene, synthetic Wo10En63Fs27 010,Lindsley, Donald,100
16022202,N/A,Biogeochemical Mineralogical By-Products,Sully Su06 Dry Ferrihydrite FH B 2-12-16 ,Holden, Jim,150
11102601,N/A,Terrestrial Samples,Sandstone, Caspian Sea PNF 10-9, grey ss,Schoonen, Martin,295
07032301,Sheets of Six-Membered Rings,Mica,Annite Cape Ann,Burns, Roger,125
07122104,Single-Width Unbranched Chains W=1,Pyroxene,Pyroxene, synthetic Wo10Fs90 088,Lindsley, Donald,100
18071302,N/A,Glass,Glass MSNJ17,McCanta, Molly,295
02011501,Double-Width Unbranched Chains W=2,Amphibole,Holmquisite ,Law, Tony,50
04061602,Hydrated Acid and Sulfates,Sulfate,Rozenite JB-626-B Iron Mountain <125mm,Dyar, Darby,75
04061802,Hydrated Acid and Sulfates,Sulfate,Rozenite JB-626-B Iron Mountain <125mm,Dyar, Darby,220
11032501,Simple Oxides,Oxide,Maghemite VI.1 70nm,Nyiro-Kosa, Ilona,250
04040303,Anhydrous Sulfates Containing Hydroxyl or Halogen,Sulfate,Melanterite SPT 130,Cloutis, Edward,95
trhf41,Insular SiO4 Groups Only,Garnet,Guidotti: Garnet 7-Ra-b41-66 HF-sep Garnet 43mil 3-26-94,Guidotti, Charles,295
06100801,Single-Width Unbranched Chains W=1,Pyroxene,Pyroxene, shocked MPX-6,McCanta, Molly,295
h21_k,Al-Si Frameworks,Feldspar,Housely Fe2+ Anorthite 21K,Housely, Robert,21
02022401,Al-Si Frameworks,Feldspar,Anorthite Fe3+ 57Fe ,Housely, Robert,70
06090701,Simple Oxides,Oxide,Ferrihydrite synthetic JB-46 (RBG-Sherman) <45mm,Bishop, Janice,295
06121802,Sheets of Six-Membered Rings,Smectite,Nontronite Sampor smectite JB-175 ,Bishop, Janice,60
10072801,N/A,Glass,Glass, synthetic Yellow,Gillis-Davis, Jeff,295
14092301,N/A,Glass,Glass, synthetic AND-5 CO2,McCanta, Molly,295
05111602,Insular SiO4 Groups Only,Olivine,Olivine, synthetic Fo70 Hartzman,Lindsley, Donald,30
13050201,Al-Si Frameworks,Feldspar,Feldspar, labradorite 1-12 plagioclase,Cheek, Leah,295
05102603,Insular SiO4 Groups Only,Olivine,Olivine, synthetic Fo20 Zhou,Lindsley, Donald,75
13031301,Hydrated Sulfates Containing Hydroxyl or Halogen,Sulfate,Amarantite G3775 Los Pintados, Chile,Dyar, Darby,4
09051003,Simple Oxides,Oxide,Wustite, synthetic D intermediate very slightly magnetic,Lindsley, Donald,75
18031502,N/A,Terrestrial Samples,Dolorite PRR-25633 surface,Salvatore, Mark,295
03121201,Simple Oxides,Oxide,Magnetite JB-307,Bishop, Janice,295
06111802,Sheets of Six-Membered Rings,Kaolinite-Serpentine,Serpentine, chrysotile C-200 one fiber,Gunter, Mickey,295
05101201,Hydroxides and Oxides Containing Hydroxyl,Hydroxide,Green Rust #1,Mazeina, Lena,295
04121701,Insular SiO4 Groups Only,Olivine,Olivine, synthetic Fo10 ,Lindsley, Donald,195
01090601,N/A,Meteorite,Meteorite #4,Bland, Phil,295
07101801,Single-Width Unbranched Chains W=1,Pyroxene,Diopside Bajasthan,Dyar, Darby,295
13071204,Sheets of Six-Membered Rings,Kaolinite-Serpentine,Serpentine McL_M81-309_105_B11_B2, A. URI,Stander, Amy,295
18091101,Double-Width Unbranched Chains W=2,Amphibole,Amphibole Tony Law O14-3,Dyar, Darby,295
20030101,N/A,Terrestrial Samples,ES27 Blood Falls Sediment supernatant,Mikucki, Jill,80
04121102,Insular SiO4 Groups Only,Olivine,Olivine, synthetic Fo30 ,Lindsley, Donald,270
08010701,Six-Membered Rings,Tourmaline,Tourmaline HIM5,Ertl, Andreas,295
18082204,Single-Width Unbranched Chains W=1,Pyroxene,Pyroxene Wo8 x=20 G Lindsley pigeonite #1,Dyar, Darby,295
18072301,Si2O7 Groups, Generally with No Additional Anions,Pyroxene,Pyroxene Ep1-42A cpx,Dyar, Darby,295
03030301,N/A,Mixtures,Clinopyroxene -- Forsterite 1:1 mix,Dyar, Darby,295
09051702,Simple Oxides,Oxide,Wustite, synthetic A Fe-saturated,Lindsley, Donald,4
19091602,Double-Width Unbranched Chains W=2,Amphibole,Hastingsite Er-700s,Jenkins, David,295
06102103,N/A,Mixtures,Forsterite Fo0 and andradite stacked, Fo0 on top,Dyar, Darby,295
20050801,Sheets of Six-Membered Rings,Talc,Gunter Talc #40, USA_NC_Murphy_129, Univ. of Idaho,Gunter, Mickey,295
06020401,Hydroxides and Oxides Containing Hydroxyl,Hydroxide,Green rust#5,Mazeina, Lena,15K
00121201,Double-Width Unbranched Chains W=2,Amphibole,Amphibole 4 Libby, MT,Gunter, Mickey,295
07103101,Insular SiO4 Groups Only,Garnet,Garnet, grossular 123017 Cal-silicate deposit, Day Hill, Cornish, York Co., ME,Dyar, Darby,295
11111601,Sheets of Six-Membered Rings,Kaolinite-Serpentine,Serpentine, unshocked <2mm,Michalski, Joe,295
15020401,Single-Width Unbranched Chains W=1,Pyroxene,Clinopyroxene 93.45H,Barnes, Cal,295
ud211h,Single-Width Unbranched Chains W=1,Pyroxene,Dish Hill Cpx DH-211 54.43 3mil 7-28-94,Dyar, Darby,295
pfa861,Double-Width Unbranched Chains W=2,Amphibole,Cosca Sample FA86-1 HBL 15mil 8-7-92,Dyar, Darby,295
18012304,N/A,Biogeochemical Mineralogical By-Products,P. delaneyi Lepidocrocite heat- no cells anoxically dried,Kashyap, Srishti,220
15090204,N/A,Biogeochemical Mineralogical By-Products,Islandicum 8-15 Wet Ferrihydrite FH Initial Control,Holden, Jim,150
11031504,Simple Oxides,Oxide,Magnetite V.1 62nm,Nyiro-Kosa, Ilona,24
02041701,Double-Width Unbranched Chains W=2,Amphibole,Holmquisite ,Law, Tony,50
14060801,N/A,Glass,Glass, synthetic BAA-2 Ar,McCanta, Molly,295
07061103,Single-Width Unbranched Chains W=1,Pyroxene,Pyroxene, synthetic Wo10En45Fs45 009,Lindsley, Donald,295
14081601,N/A,Glass,Glass, synthetic BAS-3 CO2,McCanta, Molly,295
12041903,Simple Oxides,Oxide,Maghemite, synthetic JB-301 <45mm,Bishop, Janice,80
12052302,Hydroxides and Oxides Containing Hydroxyl,Hydroxide,Schwertmannite, natural JB-130 <125mm,Bishop, Janice,295
15020302,Single-Width Unbranched Chains W=1,Pyroxene,Clinopyroxene 05.07H ,Barnes, Cal,295
11082301,Anhydrous Phosphates, Arsenates, and Vanadates containing Hydroxyl or Halogen,Phosphate,Triplite DD302,Dyar, Darby,295
04050301,Hydrated Acid and Sulfates,Sulfate,Rozenite JB-626-B Iron Mountain <125mm,Dyar, Darby,20
15061302,Insular SiO4 Groups Only,Olivine,Olivine SCOFe3-2 ,Gaetani, Glenn,295
17120502,Simple Oxides,Ilmenite,Geikielite Ilm40 #7 Brown U.,Tolke, Leif,300
13041301,Hydrated Sulfates Containing Hydroxyl or Halogen,Sulfate,Copiapite R6254-B,Dyar, Darby,130
07122301,Single-Width Unbranched Chains W=1,Pyroxene,Pyroxene, synthetic Wo20En40Fs40 051,Lindsley, Donald,18
16090101,Sheets of Six-Membered Rings,Mica,Biotite 21c 54 degrees ambiet,Bucholz, Claire,285
19122901,N/A,Terrestrial Samples,DLR 1847 Granite,Dyar, Darby,295
04070802,Anhydrous Sulfates Containing Hydroxyl or Halogen,Sulfate,Romerite SPT 110,Cloutis, Edward,220
g112bt,Sheets of Six-Membered Rings,Mica,Hunts Valley Bt HV-112 18mil 8-16-89,Lang, Helen,295
08111401,N/A,Biogeochemical Mineralogical By-Products,Chimney Ba 08-1 4438 8-21-08,Holden, Jim,295
05100503,Anhydrous Sulfates Containing Hydroxyl or Halogen,Sulfate,Romerite SPT 110 dry,Cloutis, Edward,22
07040907,Single-Width Unbranched Chains W=1,Pyroxene,Pyroxene, synthetic Wo5En47.5Fs47.5 012,Lindsley, Donald,200
ilm428,Sheets of Six-Membered Rings,Mica,Lee-Guidotti Muscovite 428 72mil 2-17-90,Guidotti, Charles,295
07072901,Sheets of Six-Membered Rings,Pyrophyllite-Talc,Talc FTA-16-R1 J.C.C 7-10-06,Jenkins, David,295
16121703,Insular SiO4 Groups Only,Olivine,Forsterite Dyar 89 CH-194,Dyar, Darby,295
04072802,Native Elements and Alloys,Metal,Fe foil  4 mm-s,n/a,12
10011801,Two-Dimensional Infinite Sheets with Other Than Six-Membered Rings,Clay,Illite IMt-1 JB-782 <45mm,Bishop, Janice,295
05083102,Single-Width Unbranched Chains W=1,Pyroxene,Diopside, shocked 3495 (1.365km-s,594Kbs),McCanta, Molly,295
12031501,Simple Oxides,Oxide,Hematite 22-30nm iron(III) Oxide, gamma Alfa Aesar CAS #1309-37-3,Breves, Elly,4
11022001,N/A,Terrestrial Samples,Sandstone PNF-7-4 (9),Schoonen, Martin,295
11010601,Anhydrous Sulfates Containing Hydroxyl or Halogen,Alunite,Jarosite, synthetic orange dry,Loiselle, Liane,295
15042303,Simple Oxides,Oxide,Maghemite, synthetic, nanophase MAGH041415,Sklute, Elizabeth,295
19091502,Double-Width Unbranched Chains W=2,Amphibole,Hastingsite 10KDC,Jenkins, David,295
11062902,N/A,Industrial Samples,Coal Fly Ash Sample M Fe6+,Fan, Mahoung,225
12082301,Sheets of Six-Membered Rings,Clay,Clay Turtle Pits,Michalski, Joe,295
05110101,Insular SiO4 Groups Only,Olivine,Olivine, synthetic Fa10.5,Nabalek, Peter,175
jsufpm,Sheets of Six-Membered Rings,Chlorite,Saccocia Ultm Fire Products Mich-300-500 97mil 10-29-90,Saccocia, Peter,295
00110501,Simple Oxides,Oxide,Ilmenite PK,Dyar, Darby,295
10060201,Insular SiO4 Groups Only,Olivine,Forsterite JB-945a,Bishop, Janice,295
03042401,N/A,Glass,Glass, synthetic MSNJ 25,McCanta, Mollly,295
06030401,Single-Width Unbranched Chains W=1,Pyroxene,Jadeite IB NMNH SSO416B,Sorenson, Sorena,295
17032101,Insular SiO4 Groups Only,Olivine,Montticellite NMNH 13639, Italy, whole sample not pure but maybe only one Fe bearing phase,Dyar, Darby,125
16101401,Simple Oxides,Oxide,Hematite, synthetic, nanophase HEM030216,Sklute, Elizabeth,10
05061701,Six-Membered Rings,Tourmaline,Tourmaline UE-4 (with vibration),Oyman, Tolga,295
15120502,Simple Oxides,Oxide,Magnetite, synthetic, nanophase MAG041415 cation deficient,Sklute, Elizabeth,80
15080901,N/A,Biogeochemical Mineralogical By-Products,Sully 7-15 Wet Ferrihydrite FH Initial A ,Holden, Jim,7
07060903,Single-Width Unbranched Chains W=1,Pyroxene,Pyroxene, synthetic Wo40En15Fs45 070,Lindsley, Donald,200
16121702,Insular SiO4 Groups Only,Olivine,Forsterite Dyar 89 CH-190,Dyar, Darby,295
15082003,N/A,Biogeochemical Mineralogical By-Products,Sully 7-15 Dry Ferrihydrite FH Control Initial ,Holden, Jim,6
07122402,Single-Width Unbranched Chains W=1,Pyroxene,Pyroxene, Synthetic Wo20Fs80 SynPx087 ,Lindsley, Donald,125
08120801,Hydrated Sulfates Containing Hydroxyl or Halogen,Sulfate,Copiapite FAC-3 JB-840,Bishop, Janice,295
13052001,N/A,Miscellaneous,Green Tea 1Fe:10GT mounted dry,Oakes, Jacqueline,4
w4lv25,Insular SiO4 Groups Only,Olivine,Peridotite H-312-50 0livine 54.49 42mil 6-17-95,McGuire, Anne,295
02022801,Al-Si Frameworks,Feldspar,Anorthite Fe3+ 57Fe ,Housely, Robert,170
07112704,Single-Width Unbranched Chains W=1,Pyroxene,Pyroxene, synthetic Wo50En25Fs25 039,Lindsley, Donald,175
13122101,N/A,Glass,Glass, synthetic KOM-3 QFM,McCanta, Molly,295
12021504,N/A,Biogeochemical Mineralogical By-Products,Roane-Sully 2, Fe gel media uninoculated + incubated 92C overnight, prepared Dec 2011 ,Holden, Jim,200
07103002,Insular SiO4 Groups Only,Garnet,Garnet, grossular 5183 BPM 27,Hofmeister, Anne,295
11101101,N/A,Terrestrial Samples,Sandstone, Caspian Sea <180mm, grey ss, no acetone,Schoonen, Martin,295
12012601,N/A,Biogeochemical Mineralogical By-Products,Chimney EG09 inside scraped Jan 2012,Holden, Jim,295
03051901,Simple Oxides,Oxide,Hemo-ilmenite 004-3 repeat,McEnroe, Suzanne,295
15112402,Simple Oxides,Oxide,Hematite, synthetic, nanophase, HEM100915,Sklute, Elizabeth,150
07032502,Sheets of Six-Membered Rings,Mica,Annite Cape Ann,Burns, Roger,35
07070302,Sheets of Six-Membered Rings,Pyrophyllite-Talc,Talc FTA-22-R2 J.C.C 10-2-06,Jenkins, David,295
18090602,Double-Width Unbranched Chains W=2,Amphibole,Amphibole Tony Law G9,Dyar, Darby,295
12083001,Sheets of Six-Membered Rings,Clay,Clay VA3 150-153,Michalski, Joe,295
05041501,N/A,Glass,Glass, space-weathered S6256R,Noble, Sarah,295
11071202,N/A,Biogeochemical Mineralogical By-Products,Roane July 2011, inoculated + incubated 92C 100h,Holden, Jim,18
07040705,Single-Width Unbranched Chains W=1,Pyroxene,Pyroxene, synthetic Wo10En63Fs27 010,Lindsley, Donald,80
05020301,N/A,Fulgurite,Fulgurite Mount Ararat glass NMNH-52093,Sheffer, Abigail,295
gba3hb,Double-Width Unbranched Chains W=2,Amphibole,Dish Hill HBL Ba-2-1 A-3 21mil 9-7-89,McGuire, Anne,295
12010401,Al-Si Frameworks,Feldspar,Feldspar, annealed ~IW for 90 h low fO2 <125mm,Cheek, Leah,295
16040601,N/A,Glass,Glass, synthetic  VUL-2,Cannon, Kevin,295
12032501,Hydrated Phosphates, Arsenates, and Vanadates containing Hydroxyl or Halogen,Phosphate,Lazulite DD208,Dyar, Darby,295
11032003,Simple Oxides,Oxide,Magnetite V.2,Nyiro-Kosa, Ilona,175
s2exp1,Sheets of Six-Membered Rings,Mica,Earley Biotite 1 8mil 10-2-93,Earley, Drummond,295
05011001,Anhydrous Sulfates Containing Hydroxyl or Halogen,Sulfate,Romerite SPT 110,Cloutis, Edward,270
10120701,Hydroxides and Oxides Containing Hydroxyl,Hydroxide,Akaganeite, nanophase 1GOE 07-2010 ,Bosch, Julian,8
11122004,Anhydrous Carbonates,Carbonate,Siderite Brendt Hyde,King, Penny,130
09042701,Simple Oxides,Oxide,Ferrihydrite 1 DB B+1 20,Estes, Emily,295
15060801,Simple Oxides,Oxide,Hematite MOD22_22 magnetic separates,McEnroe, Suzanne,6
15041001,N/A,Biogeochemical Mineralogical By-Products,Sully March innoculation time point 6, series A no acetone,Holden, Jim,100
11111701,Sheets of Six-Membered Rings,Clay,Montmorillonite <2mm,Glotch, Tim,295
07112503,Single-Width Unbranched Chains W=1,Pyroxene,Pyroxene, synthetic En80Fs20 007,Lindsley, Donald,175
04071801,Six-Membered Rings,Tourmaline,Tourmaline UE-2,Oyman, Tolga,295
15081102,N/A,Biogeochemical Mineralogical By-Products,Sully 7-15 Wet Ferrihydrite FH Final A ,Holden, Jim,295
h100_k,Al-Si Frameworks,Feldspar,Housely Fe2+ Anorthite 100K,Housely, Robert,100
hk16ol,Insular SiO4 Groups Only,Olivine, Cima,CA Olivine Ki-5-16 7mil 9-27-89,McGuire, Anne,295
04042403,Anhydrous Sulfates Containing Hydroxyl or Halogen,Sulfate,Romerite SPT 129,Cloutis, Edward,245
05113001,Simple Oxides,Oxide,Ferrihydrite Iceland JB-499,Bishop, Janice,14
05082505,Anhydrous Sulfates Containing Hydroxyl or Halogen,Alunite,Jarosite, synthetic 2B heated to 300C,Brophy, Gerald,220
jn41bi,Sheets of Six-Membered Rings,Mica,Holdaway Assmeblage5 N-41 Biotite 3mil 3-27-91,Holdaway, Michael,295
lsc152,Insular SiO4 Groups Only,Olivine,Mackwell Olivine sc152 10mil 8-26-91,Mackwell, Steve,295
h250_k,Al-Si Frameworks,Feldspar,Housely Anorthite Fe3+ 250K,Housely, Robert,250
14060601,N/A,Glass,Glass, synthetic BAS-3 QFM,McCanta, Molly,295
07040905,Single-Width Unbranched Chains W=1,Pyroxene,Pyroxene, synthetic Wo5En47.5Fs47.5 012,Lindsley, Donald,250
11100603,N/A,Terrestrial Samples,Dolerite MS10_BV_12_ext Beacon Valley, Antarctica no acetone,Salvatore, Mark,295
ilb506,Sheets of Six-Membered Rings,Mica,Lee-Guidotti Biotite 506 51mil 2-23-90,Guidotti, Charles,295
07021701,Insular SiO4 Groups and O, OH, F, and H2O,Staurolite,Staurolite O-C-44,Guidotti, Charles,295
16011001,N/A,Biogeochemical Mineralogical By-Products,Sully Dry Ferrihydrite FH C FROZEN,Holden, Jim,8
03101702,N/A,Mixtures,Hematite -- Lepidocrocite Mix #1,Bishop, Janice,220
06071202,Insular SiO4 Groups Only,Garnet,Garnet GTF 90-33,Taran, Michail,295
13040502,Sulfides, including Selenides and Tellurides,Sulfite,Chalcopyrite CHA 101 Temegami, Ontario,Cloutis, Edward,250
19041601,N/A,Industrial Samples,Ferric hydroxide and Ferric Citrate JC2386003 dry mount,Williams, Simon,295
03022801,N/A,Mixtures,Clinoyroxene -- Forsterite 1:10 mix,Dyar, Darby,295
13031701,Hydrated Sulfates Containing Hydroxyl or Halogen,Sulfate,Amarantite G3775 Los Pintados, Chile,Dyar, Darby,250
18071101,N/A,Glass,Glass, MSNJ24   ,McCanta, Molly,295
13112001,N/A,Glass,Glass, synthetic AND-5 IW,McCanta, Molly,295
08060601,Si2O7 with Additional O, H, F and H2O,Axinite,Axinite IZ-227,Oyman, Tolga,295
07061602,Single-Width Unbranched Chains W=1,Pyroxene,Pyroxene, synthetic Wo50En40Fs10 033,Lindsley, Donald,175
10120402,N/A,Terrestrial Samples,Basalt, altered HYD-0 Atacama Desert ,Greenberger, Rebecca,295
10080301,N/A,Mixtures,Forsterite -- Magnesite 10:90 mix JB-958,Bishop, Janice,295
07110301,N/A,Meteorite,Meteorite eucrite experiment 1190º RD2-6 failed,Elkinton, Hannah,295
l2d86c,Sheets of Six-Membered Rings,Chlorite,Guidotti Chlorite Zone 2 Ra-d86-66 12mil 10-17-91,Guidotti, Charles,295
09051401,Simple Oxides,Oxide,Wustite, synthetic A Fe-saturated,Lindsley, Donald,295
03072703,Simple Oxides,Oxide,Hematite, specular 83421 Westphalia ,Dyar, Darby,90
16121501,Insular SiO4 Groups Only,Olivine,Forsterite Dyar 89 CDH-194,Dyar, Darby,295
16092801,Simple Oxides,Oxide,Magnetite, synthetic, nanophase MAG060516 dried and mounted in glove box,Sklute, Elizabeth,220
11071702,N/A,Industrial Samples,Coal Fly Ash FeOOH 25C,Fan, Maohoung,80
15021702,Insular SiO4 Groups Only,Olivine,Olivine San Carlos Dosed CO2 @120K Heated to 647K BLI,Hibbitts, Karl,295
02012401,Al-Si Frameworks,Feldspar,Anorthite Fe2+ ,Housely, Robert,50
05080501,Anhydrous Sulfates Containing Hydroxyl or Halogen,Alunite,Jarosite, synthetic 3B heated to 300C,Brophy, Gerald,295
19041901,N/A,Industrial Samples,Ferric Citrate JC23685005,Williams, Simon,4
19021901,N/A,Glass,McCanta Glass BHVO-2 QFM PDCV-3 repeat,McCanta, Molly,295
17051101,Unbranched Chains with W>2,Smectite,Kaolinite, shocked Kga-1b 25.1 GPa ,Michalski, Joe,300
nze26s,Sheets of Six-Membered Rings,Mica,Zhou E26 synthetic 24mil 4-29-92,Zhou, Fuxing,295
04030503,Insular SiO4 Groups Only,Olivine,Forsterite standard H131929,Dyar, Darby,20
11100602,N/A,Terrestrial Samples,Dolerite MS10_BV_10_ext Beacon Valley, Antarctica no acetone,Salvatore, Mark,295
06091101,Hydrated Acid and Sulfates,Sulfate,Starkeyite S65 Canada,Dyar, Darby,295
pzp26a,Sheets of Six-Membered Rings,Mica,Zhou P26 Annite 32mil 7-18-92,Zhou, Fuxing,295
07060504,Single-Width Unbranched Chains W=1,Pyroxene,Pyroxene, synthetic Wo30En17.5F252.5 066,Lindsley, Donald,12
11092201,N/A,Terrestrial Samples,Sandstone PNF-9-0 (7) altered,Schoonen, Martin,295
14120201,N/A,Fulgurite,Tektite #11 2014,Nottke, Tony,295
03012601,Simple Oxides,Oxide,Hematite 92649 (O standard),Dyar, Darby,295
05042401,Simple Oxides,Oxide,Hematite UT-04-sdh 13B Mars,Chan, Marjorie,295
jh45bi,Sheets of Six-Membered Rings,Mica,Holdaway Assemblage5 4-5 Biotite 3mil 3-25-91,Holdaway, Michael,295
06122201,Sheets of Six-Membered Rings,Smectite,Montmorillonite Swa-1 JB-170,Bishop, Janice,24
05110102,Insular SiO4 Groups Only,Olivine,Olivine, synthetic Fa10.5,Nabalek, Peter,150
12082803,Sheets of Six-Membered Rings,Clay,Clay VA22 583-586,Michalski, Joe,295
gc83op,Single-Width Unbranched Chains W=1,Pyroxene,Cima Spinel Perid OPX Ci-1-83 9mil 8-25-89,McGuire, Anne,295
07081501,Insular SiO4 Groups and O, OH, F, and H2O,Titanite,Titanite, green,King, Penny,295
01011101,Double-Width Unbranched Chains W=2,Amphibole,Hornblende LH-4,Qunke,295
07060405,Single-Width Unbranched Chains W=1,Pyroxene,Pyroxene, synthetic Wo30En17.5F252.5 066,Lindsley, Donald,80
10120302,N/A,Terrestrial Samples,Basalt, altered HYD-5 outside Atacama Desert ,Greenberger, Rebecca,295
19041602,N/A,Industrial Samples,Ferric hydroxide and Ferric Citrate JC2386003 dry mount,Williams, Simon,4
13033001,N/A,Biogeochemical Mineralogical By-Products,Sully_3 10-02-12  ,Holden, Jim,225
10061601,N/A,Mixtures,Forsterite -- Magnesite 90:10 mix JB-957,Bishop, Janice,295
03070801,Simple Oxides,Oxide,Hematite, synthetic ,Dyar, Darby,235
09101501,Sheets of Six-Membered Rings,Kaolinite-Serpentine,Antigorite 90-WR,Evans, Bernard,295
04062202,Anhydrous Sulfates Containing Hydroxyl or Halogen,Sulfate,Romerite SPT 110,Cloutis, Edward,75
15071701,N/A,Glass,Glass, synthetic RHY-1 CO2,McCanta, Molly,295
xuhs46t,Six-Membered Rings,Tourmaline,Davis Gulch #12146 Tourmaline 30.66 14mil 9-19-94,Dyar, Darby,295
13071602,N/A,Industrial Samples,Coal fly ash 3Fe 1Na Pyrolysis,Fan, Maohong,295
00082901,Sheets of Six-Membered Rings,Mica,Phlogopite WI,Rossman, George,295
12042701,Simple Oxides,Oxide,Magnetite GS152 H2-N2 headgas,Li, Y.-L.,130
10011401,Sheets of Six-Membered Rings,Kaolinite-Serpentine,Antigorite IM-1B,Evans, Bernard,295
17051801,N/A,Terrestrial Samples,Palagonite tuff NmB12-08 ,Farrand, Bill,300
19071001,N/A,Terrestrial Samples,Blood falls sample ES24 air dried sediment mostly sample,Mikucki, Jill,4
06080405,Anhydrous Sulfates Containing Hydroxyl or Halogen,Alunite,Jarosite, synthetic T13,Tosca, Nick,295
20110101,N/A,Terrestrial Samples,AX17 AK no heat no cells (3),Elizabeth Sklute,295
jhl39d,Insular SiO4 Groups Only,Olivine,Harrell Olivine Ep-3-139D 10mil 9-20-90,McGuire, Anne,295
15040401,N/A,Terrestrial Samples,Core U1427B 2-1-70 WHOI,Gosan, Liviu,250
10033001,Hydrated Phosphates, Arsenates, and Vanadates containing Hydroxyl or Halogen,Phosphate,Roscherite DD274,Dyar, Darby,295
00042802,Double-Width Unbranched Chains W=2,Amphibole,Dyar Grunerite 1-K  T=80K  V3 WEB Research Co. TK,Grant, Christopher,80
07052403,Double-Width Unbranched Chains W=2,Amphibole,Kaersutite DL-7,Dyar, Darby,100
vh863t,Six-Membered Rings,Tourmaline,Harvard Misc. HS#86321 Clear Tourmaline SN .9 5mil 11-14-94,Dyar, Darby,295
09051302,Simple Oxides,Oxide,Wustite, synthetic D intermediate very slightly magnetic,Lindsley, Donald,215
18022302,N/A,Industrial Samples,Ca2Fe2O5, reduced #2 University of Wyoming,Sun, Zhao,295
16032201,N/A,Terrestrial Samples,Ocean sediment 185 1149 8H5 115-117 >125mm BU,Anderson, Chloe,295
h40_k,Al-Si Frameworks,Feldspar,Housely Fe2+ Anorthite 40,Housely, Robert,40
h180_k,Double-Width Unbranched Chains W=2,Amphibole,Tony Law Holmquistite 180K,Law, Tony,180
04040103,Anhydrous Sulfates Containing Hydroxyl or Halogen,Sulfate,Melanterite SPT 130,Cloutis, Edward,15
17060401,N/A,Industrial Samples,FeKa #2 yellow University of Wyoming,Sun, Zhao,300
18062301,N/A,Biogeochemical Mineralogical By-Products,Ice Mamba M1-4 Blood Falls culture, live cell, ferrihydrite, anoxically dried ,Mickuchi, Jill,295
04071201,Six-Membered Rings,Beryl,Beryl, blue #56,Groat, Lee,80
18041601,N/A,Biogeochemical Mineralogical By-Products,P. delaneyi Ferrihydrite heat-no cells anoxically dried ,Kashyap, Srishti,5
16060901,Simple Oxides,Oxide,Ferrihydrite, reacted FH-40-2-A,Dehouck, Eric,7
05121202,Insular SiO4 Groups Only,Olivine,Olivine, synthetic Fo10,Lindsley, Donald,60
10082601,Hydroxides and Oxides Containing Hydroxyl,Hydroxide,Goethite, nanophase C1 07-20-10 m.08-23-10,Tosca, Nick,186
05112101,Insular SiO4 Groups Only,Olivine,Olivine, synthetic Fo60 Hartzman,Lindsley, Donald,225
07051601,Double-Width Unbranched Chains W=2,Amphibole,Kaersutite Tm,Dyar, Darby,250
11022401,Hydroxides and Oxides Containing Hydroxyl,Hydroxide,Goethite, nanophase C1 07-20-10 m.08-23-10,Tosca, Nick,295
jhc39d,Single-Width Unbranched Chains W=1,Pyroxene,Harrell Clinopyroxene Ep-3-139D 92mil 10-13-90,McGuire, Anne,295
10090601,Hydroxides and Oxides Containing Hydroxyl,Hydroxide,Goethite, nanophase C1 07-20-10 m.08-23-10,Tosca, Nick,7
17010801,N/A,Terrestrial Samples,Basalt PEL 1525 Locality unknown,Helbert, Joern,295
15092301,Unbranched Chains with W>2,Smectite,Saponite, shocked 24.9 GPa,Michalski, Joe,295
19050802,N/A,Terrestrial Samples,Dacite Mt. St. Helens (MSHD) DLR Dyar-McCanta,Dyar, Darby,295
20081301,Sheets of Six-Membered Rings,Talc,Gunter Talc #113, USA_NC_Kinsey, Univ. of Idaho,Dyar, Darby,295
crad60,Sheets of Six-Membered Rings,Mica,Guidotti Biotite Re-Sep. Ra-d60-66 2mil 5-31-88,Guidotti, Charles,295
06120904,Sheets of Six-Membered Rings,Mica,Zinnwaldite ZW-C GIT-IWG,Dyar, Darby,175
04072905,Native Elements and Alloys,Metal,Fe foil  4 mm-s,n/a,210
11100504,Simple Oxides,Oxide,Ferrihydrite DB B+1 20 cm,Estes, Emily,295
11081604,N/A,Meteorite,Meteorite SCO 06043 ,Howard, Kieran,295
18062502,N/A,Biogeochemical Mineralogical By-Products,Ice Mamba M1-3 Blood Falls culture, live cell, no carbon source, ferrihydrite, anoxically dried ,Mickuchi, Jill,220
nsc153,Insular SiO4 Groups Only,Olivine,Mackwell Synthetic Olv. sc15-3 25mil 5-28-92,Mackwell, Steve,295
upmp41,Insular, Mixed, Single, and Larger Tetrahedral Groups,Pumpellyite,NMNH 125041 Julgoldite 87.01 4mil 8-29-94,Voci, Christopher,295
18081701,Single-Width Unbranched Chains W=1,Pyroxene,Pyroxene ALH 77256,175 ,Dyar, Darby,295
15120501,Simple Oxides,Oxide,Magnetite, synthetic, nanophase MAG041415 cation deficient,Sklute, Elizabeth,150
03021101,Insular SiO4 Groups Only,Olivine,Olivine San Carlos SC151,Dyar, Darby,295
14060201,N/A,Glass,Glass, synthetic BAS-6 QFM,McCanta, Molly,295
g29gto,Insular SiO4 Groups Only,Garnet,Gt.Perid. Garnet Kb-12-29 3mil 6-28-89,McGuire, Anne,295
07020502,Sheets of Six-Membered Rings,Chlorite,Clinochlore West Chester, PA,Dyar, Darby,295
14032601,N/A,Glass,Glass, synthetic KOM-4 QFM Glass,McCanta, Molly,295
v2sp62,Single-Width Unbranched Chains W=1,Pyroxene,Spinel Peridotite Ki-5-62 CPX 16.72 22mil 2-24-95,McGuire, Anne,295
n409bt,Sheets of Six-Membered Rings,Mica,Earley 409-2726 Biotite 13mil 5-8-92,Earley, Drummond,295
07030501,Insular SiO4 Groups Only,Olivine,Sand 270,Schaefer, Martha,295
ba29366,N/A,Terrestrial Samples,(STU) Heavies 2mil 12-6-87,Guidotti, Charles,295
11092301,N/A,Biogeochemical Mineralogical By-Products,Butylicus old sample inoculated + incubated at 92°C until stationary phase,Holden, Jim,295
10050701,Sheets of Six-Membered Rings,Mica,Biotite Code 74 Argentina,unkwn,295
10091303,N/A,Biogeochemical Mineralogical By-Products,Hyperthermus butylicus log growth 8-19-10 mounted dry,Holden, Jim,44
12020304,Hydrated Acid and Sulfates,Sulfate,Rhomboclase ML-S85,Lane, Melissa,295
09051301,Simple Oxides,Oxide,Wustite, synthetic D intermediate very slightly magnetic,Lindsley, Donald,245
ud206h,Single-Width Unbranched Chains W=1,Pyroxene,Dish Hill Cpx DH-206 98.72 9mil 7-19-94,Dyar, Darby,295
11011301,N/A,Glass,Glass, synthetic Gardner 920,Gardner, Jim,295
00092001,Sheets of Six-Membered Rings,Mica,Anandite,Waychunas, Glenn,295
05111302,Insular SiO4 Groups Only,Olivine,Olivine, synthetic Fo70 Hartzman,Lindsley, Donald,275
07092201,Simple Oxides,Oxide,Ferrihydrite JA-499 Iceland,Bishop, Janice,200
06112903,Six-Membered Rings,Beryl,Beryl, blue #38,Groat, Lee,4
v2cds4,Single-Width Unbranched Chains W=1,Pyroxene,Smyth CPX SDC-4 41.45 6mil 4-14-95,McGuire, Anne,295
06011302,Single-Width Unbranched Chains W=1,Pyroxene,Pyroxene, synthetic En50fs50 f004,Lindsley, Donald,295
15012501,N/A,Industrial Samples,Coal fly ash Zhang #2,Fan, Maohong,295
07050101,Single-Width Unbranched Chains W=1,Pyroxene,Pyroxene, synthetic Wo10En22.5Fs67.5 053,Lindsley, Donald,250
02013101,Al-Si Frameworks,Feldspar,Anorthite Fe2+ ,Housely, Robert,80
17011201,N/A,Terrestrial Samples,Rhyolite PEL 1846 Seiser Alm, Italy,Helbert, Joern,295
07122501,Single-Width Unbranched Chains W=1,Pyroxene,Pyroxene, synthetic Wo40En48Fs12 075,Lindsley, Donald,225
nf89zh,Sheets of Six-Membered Rings,Mica,Zhou F89 samples 10mil 4-29-92,Zhou, Fuxing,295
h6ol,Insular SiO4 Groups Only,Olivine,S. Africa Gt. Perid Kb-12-6 Olivine 13mil 9-13-89,McGuire, Anne,295
15082302,N/A,Biogeochemical Mineralogical By-Products,Islandicum 8-15 Dry Ferrihydrite FH Final A,Holden, Jim,80
l6471b,Sheets of Six-Membered Rings,Biotite,Holdaway Assm. 6 47-1 Biotite 6mil 8-7-91,Holdaway, Michael,295
jgraa3,Sheets of Six-Membered Rings,Mica,Guidotti Biotite Ra-a31-66 5 19mil 11-10-90,Guidotti, Charles,295
06082402,Sheets of Six-Membered Rings,Chlorite,Chamosite CHM102 NMNH R4558,Dyar, Darby,295
10033102,Hydrated Phosphates, Arsenates, and Vanadates containing Hydroxyl or Halogen,Phosphate,Schoonerite DD298,Dyar, Darby,295
14071601,N/A,Glass,Glass, synthetic DAC-7 Mo-MoO2,McCanta, Molly,295
04102902,Multiple Oxides,Multiple Oxide,Spinel SG-18,Choi, Sung Hi,295
fh10bt,Sheets of Six-Membered Rings,Mica,Hunt Valley Biotite HV-10 2mil 5-30-89,Lang, Helen,295
04060402,Anhydrous Sulfates Containing Hydroxyl or Halogen,Sulfate,Romerite SPT 134,Cloutis, Edward,60
07121605,Single-Width Unbranched Chains W=1,Pyroxene,Pyroxene, synthetic En30Fs70 SynPx 023,Lindsley, Donald,60
17012801,N/A,Terrestrial Samples,Palagonite tuff PB 13-05B,Farrand, Bill,295
g60ol,Insular SiO4 Groups Only,Olivine,S. Africa Gt.Perid Olivine Kb-12-60 12? 1mil 7-6-91,McGuire, Anne,295
13040103,Hydrated Acid and Sulfates,Sulfate,Coquimbite S63 Atacama, CA,Lane, Melissa,4
10121203,Simple Oxides,Oxide,Ferrihydrite, nanophase 1GOE 07-2010,Bosch, Julian,250
08010203,Single-Width Unbranched Chains W=1,Pyroxene,Pyroxene, synthetic Wo30Fs70 085,Lindsley, Donald,200
11072504,Hydrated Phosphates, Arsenates, and Vanadates containing Hydroxyl or Halogen,Phosphate,Phosphosiderite DD326,Dyar, Darby,295
07091401,Hydroxides and Oxides Containing Hydroxyl,Hydroxide,Lepidocrocite, synthetic JB-50,Bishop, Janice,295
15041405,Hydroxides and Oxides Containing Hydroxyl,Hydroxide,Akageneite, synthetic, nanophase AKAG020515,Sklute, Elizabeth,4
07090901,Double-Width Unbranched Chains W=2,Amphibole,Amphibole 84-BR,Dyar, Darby,30
pspb4x,Single-Width Unbranched Chains W=1,Pyroxene,Spinel Peridotite H30-64-OPX 17mil 6-20-92,McGuire, Anne,295
12041003,Simple Oxides,Oxide,Wustite, synthetic B,Lindsley, Donald,200
04072813,Native Elements and Alloys,Metal,Fe foil  4 mm-s,n/a,170
s221bt,Sheets of Six-Membered Rings,Mica,Barnes Biotite 21 9mil 11-12-93,Barnes, Calvin,295
18010803,N/A,Biogeochemical Mineralogical By-Products,P. delaneyi Akaganeite AKAG102315 heat-no cells annoxically dried,Kashyap, Srishti,295
18062402,N/A,Biogeochemical Mineralogical By-Products,Ice Mamba M1-3 Blood Falls culture, live cell, no carbon source, ferrihydrite, anoxically dried ,Mickuchi, Jill,80
l1d75c,Sheets of Six-Membered Rings,Chlorite,Guidotti Zone 1 Ra-d75-66 Chlorite 10mil 10-3-91,Guidotti, Charles,295
07050201,Single-Width Unbranched Chains W=1,Pyroxene,Pyroxene, synthetic Wo10En22.5Fs67.5 053,Lindsley, Donald,30
10110402,Simple Oxides,Oxide,Ferrihydrite, nanophase 1GOE 03-2010,Bosch, Julian,18
04081202,Insular SiO4 Groups Only,Olivine,Olivine, synthetic Fo60,Menzies, Olywn,170
06122002,Sheets of Six-Membered Rings,Smectite,Montmorillonite Swa-1 JB-170,Bishop, Janice,295
04072910,Native Elements and Alloys,Metal,Fe foil  4 mm-s,n/a,235
02050101,Double-Width Unbranched Chains W=2,Amphibole,Holmquisite ,Law, Tony,250
hc83ol,Insular SiO4 Groups Only,Olivine,Cima,CA Olivine Ci-1-183 6mil 9-27-89,McGuire, Anne,295
15083001,N/A,Biogeochemical Mineralogical By-Products,Islandicum 8-15 Dry Ferrihydrite FH Control Final,Holden, Jim,7
16050301,Simple Oxides,Oxide,Ferrihydrite, reacted SG FH-150-1-A,Dehouck, Erwin,295
04081909,Simple Oxides,Oxide,Hematite, synthetic,Dyar, Darby,180
05121104,Insular SiO4 Groups Only,Olivine,Olivine, synthetic Fo10,Lindsley, Donald,100
15113001,Simple Oxides,Oxide,Hematite, synthetic, nanophase, HEM100915,Sklute, Elizabeth,8
07050207,Single-Width Unbranched Chains W=1,Pyroxene,Pyroxene, synthetic En40Fs60 with metal blebs 005A ,Lindsley, Donald,275
16101601,Simple Oxides,Oxide,Hematite, synthetic, nanophase HEM030216,Sklute, Elizabeth,150
06112705,Insular SiO4 Groups Only,Zircon,Zircon, synthetic 48 57Fe+p,Hanchar, John,80
17021701,Six-Membered Rings,Beryl,Beryl, synthetic Fe-4-51,Taran, Michail,295
k4422b,Sheets of Six-Membered Rings,Mica,Holdaway Assm. 4 42-2 Biotite 6mil 7-10-91,Holdaway, Michael,295
10070701,N/A,Industrial Samples,Steel A12,Gupta, Ratnesh,295
19101701,N/A,na,Fe+Al doped ZnO Fe-57 0.6%,Enes Buz,295
12052204,Hydroxides and Oxides Containing Hydroxyl,Hydroxide,Schwertmannite, natural JB-130 <125mm,Bishop, Janice,80
05081102,Anhydrous Sulfates Containing Hydroxyl or Halogen,Alunite,Jarosite, synthetic 3V heated to 248C,Brophy, Gerald,295
04083001,Insular SiO4 Groups Only,Olivine,Olivine, synthetic Fo40,Lindsley, Donald,270
uhs98t,Six-Membered Rings,Tourmaline,Minas Gerias? HS#98144 Tourmaline 68.87 2mil 9-24-94,Dyar, Darby,295
06072301,Anhydrous Sulfates Containing Hydroxyl or Halogen,Alunite,Jarosite, synthetic T8 KFe0.5Al2.5,Tosca, Nick,295
04081901,Simple Oxides,Oxide,Hematite, synthetic,Dyar, Darby,220
05092401,Insular SiO4 Groups Only,Olivine,Olivine 2737 NWA SNC Meteorite 45-125mm,Pieters, Carle,12.5
18090502,Double-Width Unbranched Chains W=2,Amphibole,Amiphibole Tony Law G4,Dyar, Darby,295
16010801,N/A,Biogeochemical Mineralogical By-Products,Sully Dry Ferrihydrite FH C FROZEN,Holden, Jim,80
13051501,N/A,Miscellaneous,Green Tea 1Fe:5GT mounted dry,Oakes, Jacqueline,295
15062701,N/A,Biogeochemical Mineralogical By-Products,Islandicum Pipes buffer time point 6 control,Holden, Jim,7
13102301,N/A,Miscellaneous,Green Tea FeCl3.6H2O,Oakes, Jacqueline,295
05080801,Anhydrous Sulfates Containing Hydroxyl or Halogen,Alunite,Jarosite, synthetic 10B heated to 300C,Tosca, Nick,295
02050201,Double-Width Unbranched Chains W=2,Amphibole,Holmquisite ,Law, Tony,265
10120702,Hydroxides and Oxides Containing Hydroxyl,Hydroxide,Akaganeite, nanophase 1GOE 07-2010 ,Bosch, Julian,12
07050703,Single-Width Unbranched Chains W=1,Pyroxene,Pyroxene, synthetic Wo30En49Fs21 067,Lindsley, Donald,80
13051801,N/A,Miscellaneous,Green Tea 1Fe:10GT mounted dry,Oakes, Jacqueline,295
05110702,Insular SiO4 Groups Only,Olivine,Olivine, synthetic Fo50,Lindsley, Donald,200
07122705,Single-Width Unbranched Chains W=1,Pyroxene,Pyroxene, synthetic Wo50En15Fs35 037,Lindsley, Donald,250
02020901,Al-Si Frameworks,Feldspar,Anorthite Fe2+ ,Housely, Robert,175
11042602,Hydrated Normal Phosphates, Arsenates, and Vanadates,Phosphate,Garyanselite P33,Dyar, Darby,295
11110302,Hydrated Phosphates, Arsenates, and Vanadates containing Hydroxyl or Halogen,Phosphate,Vivianite DD312,Dyar, Darby,295
06092301,Sulfides, including Selenides and Tellurides,Sulfide,Pyrrhotite PRH 103,Cloutis, Edward,295
15021201,Double-Width Unbranched Chains W=2,Amphibole,Hastingsite HAST-6-1 Mg rich end member,Jenkins, David,295
11032504,Simple Oxides,Oxide,Maghemite VI.2 100nm,Nyiro-Kosa, Ilona,4
h225_k,Al-Si Frameworks,Feldspar,Housely 225,Housely, Robert,225
11071705,N/A,Industrial Samples,Coal Fly Ash FeOOH 25C,Fan, Maohoung,150
06101402,Anhydrous Sulfates Containing Hydroxyl or Halogen,Alunite,Natrojarosite NAJ7-2 UC Davis,Bishop, Janice,295
11120202,N/A,Fulgurite,Fulgurite T-12 chinite-various, Guangdong PRC,Nottke, Tony,295
18040701,N/A,Terrestrial Samples,Lake Towuti Sediment RS0524 Brown University,Sheppard, Rachel,295
09012301,Hydrated Sulfates Containing Hydroxyl or Halogen,Sulfate,Ferricopiapite Mush Hyde,King, Penny,295
07123007,Single-Width Unbranched Chains W=1,Pyroxene,Pyroxene, synthetic Wo30En28Fs42 068,Lindsley, Donald,24
kzz8bi,Sheets of Six-Membered Rings,Mica,Zhou Z8 Biotite 11mil 6-24-91,Zhou, Fuxing,295
12051601,N/A,Industrial Samples,Coal, raw + 3% Fe,Fan, Mahoung,4
20061001,Sheets of Six-Membered Rings,Talc,Gunter Talc #75, CBRA_Bahia_Tabua, Univ. of Idaho,Gunter, Mickey,295
04020401,Hydrated Acid and Sulfates,Sulfate,Coquimbite 546 Lane,Dyar, Darby,260
05082410,Anhydrous Sulfates Containing Hydroxyl or Halogen,Alunite,Jarosite, synthetic 2B heated to 300C,Brophy, Gerald,55
07041702,Single-Width Unbranched Chains W=1,Pyroxene,Pyroxene, synthetic En8Fs92A 021A,Lindsley, Donald,150
05082414,Anhydrous Sulfates Containing Hydroxyl or Halogen,Alunite,Jarosite, synthetic 2B heated to 300C,Brophy, Gerald,90
17020601,N/A,Terrestrial Samples,Palagonite tuff NMB12-08,Farrand, Bill,4
07061401,Single-Width Unbranched Chains W=1,Pyroxene,Pyroxene, synthetic Wo50En40Fs10 033,Lindsley, Donald,295
03021701,Single-Width Unbranched Chains W=1,Pyroxene,Clinopyroxene, Meteorite ALHA 77005,Dyar, Darby,295
10031601,Simple Oxides,Oxide,Ferrihydrite 7 DB3 fine >74,Estes, Emily,295
19091601,Double-Width Unbranched Chains W=2,Amphibole,Hastingsite 20KDC,Jenkins, David,295
12041001,Multiple Oxides,Oxide,Hercynite 96710 Kongsberg, Bohemia,Dyar, Darby,295
11040301,Simple Oxides,Oxide,Magnetite-Maghemite III.2 120nm,Nyiro-Kosa, Ilona,295
07050303,Single-Width Unbranched Chains W=1,Pyroxene,Pyroxene, synthetic En40Fs60 with metal blebs 005A ,Lindsley, Donald,200
12021102,Sheets of Six-Membered Rings,Smectite,Smectite SCB-W second separate,Harding, Sherie,295
15041604,Simple Oxides,Oxide,Hematite, synthetic, nanophase HEM022015,Sklute, Elizabeth,295
13040104,Hydrated Acid and Sulfates,Sulfate,Coquimbite S63 Atacama, CA,Lane, Melissa,80
06121509,Sheets of Six-Membered Rings,Mica,Glauconite Hurricane Mountain, NH,Dyar, Darby,18
g50pbt,Sheets of Six-Membered Rings,Mica,Synthetic Biotite Phl(50) Ann(50) 4mil 9-2-89,unknown,295
15031101,N/A,Glass,Glass, synthetic DAC-4 CO2,McCanta, Molly,295
07033001,Single-Width Unbranched Chains W=1,Pyroxene,Pyroxene, synthetic Wo8En46Fs46 013,Lindsley, Donald,45
18011102,N/A,Biogeochemical Mineralogical By-Products,P. delaneyi Akaganeite AKAG102315 heat + cells annoxically dried,Kashyap, Srishti,295
phcb1c,Sheets of Six-Membered Rings,Chlorite,Harper B1 Chlorite 15mil 7-24-92,Harper, Greg,295
06110201,Hydrated Acid and Sulfates,Sulfate,Voltaite 137958,Dyar, Darby,275
dkiopx,Single-Width Unbranched Chains W=1,Pyroxene,Cima, CA Ki-5-31 OPX 8-2-88,McGuire, Anne,295
07092801,Simple Oxides,Oxide,Ferrihydrite JA-499 Iceland,Bishop, Janice,4
20012501,Sheets of Six-Membered Rings,Talc,Gunter Talc #94, USA_MT_Treasure_float, Univ. of Idaho,Gunter, Mickey,295
r231bt,Sheets of Six-Membered Rings,Mica,Guidotti 84-31 Biotite 75mil 5-25-93,Guidotti, Charles,295
07060902,Single-Width Unbranched Chains W=1,Pyroxene,Pyroxene, synthetic Wo40En15Fs45 070,Lindsley, Donald,225
07121203,Single-Width Unbranched Chains W=1,Pyroxene,Pyroxene, synthetic Wo20En32Fs48 057,Lindsley, Donald,18
07070902,N/A,Meteorite,Meteorite EET 87520,23 eucrite unheated,Elkinton, Hannah,295
07101201,N/A,Mixtures,Garnet standards mix (almandine and andradite),Dyar, Darby,225
10042201,N/A,Biogeochemical Mineralogical By-Products,Islandicum, anaerobically dried,Holden, Jim,175
16121101,Single-Width Unbranched Chains W=1,Pyroxene,Pyroxene, synthetic pigeonite 1008 x=55d 1075deg C,Lindsley, Donald,295
05100502,Anhydrous Sulfates Containing Hydroxyl or Halogen,Sulfate,Romerite SPT 110 dry,Cloutis, Edward,75
ghsf10,Insular SiO4 Groups and O, OH, F, and H2O,Staurolite,Holdaway Staurolite ER-70 9mil 8-14-89,Holdaway, Michael,295
07122003,Single-Width Unbranched Chains W=1,Pyroxene,Pyroxene, synthetic En50Fs50 SynPx004,Lindsley, Donald,12
18030301,N/A,Terrestrial Samples,Dolerite PRR-26160 surface,Salvatore, Mark,295
04110901,Sheets of Six-Membered Rings,Mica,Biotite Michigan HF-1,Dyar, Darby,295
03101901,N/A,Mixtures,Goethite -- Jarosite 130260 Mix #2,Bishop, Janice,190
11071703,N/A,Industrial Samples,Coal Fly Ash FeOOH 25C,Fan, Maohoung,100
03101701,N/A,Mixtures,Hematite -- Lepidocrocite Mix #1,Bishop, Janice,190
05111503,Insular SiO4 Groups Only,Olivine,Olivine, synthetic Fo70 Hartzman,Lindsley, Donald,75
06072007,Anhydrous Sulfates Containing Hydroxyl or Halogen,Alunite,Natrojarosite NAJ 8-2 UC Davis,Bishop, Janice,295
05121507,Insular SiO4 Groups Only,Olivine,Fayalite, synthetic Fo0,Lindsley, Donald,20
14031001,Sheets of Six-Membered Rings,Kaolinite-Serpentine,Serpentine, shocked 32.1 GPa,Michalski, Joe,295
16012501,N/A,Biogeochemical Mineralogical By-Products,Sully Dry Ferrihydrite FH 0B FROZEN,Holden, Jim,8
07113005,Single-Width Unbranched Chains W=1,Pyroxene,Pyroxene, synthetic Wo20En56Fs24 019,Lindsley, Donald,80
06080404,Insular SiO4 Groups Only,Garnet,Garnet 2152,Taran, Michail,295
05103103,Insular SiO4 Groups Only,Olivine,Olivine, synthetic Fa10.5,Nabalek, Peter,200
07042005,Single-Width Unbranched Chains W=1,Pyroxene,Pyroxene, synthetic Wo20En20Fs20 055,Lindsley, Donald,18
20052902,Sheets of Six-Membered Rings,Talc,Gunter Talc #79, IND_Udaipur_B, Univ. of Idaho,Gunter, Mickey,295
06061001,Simple Oxides,Oxide,Magnetite GC mix,Li, Y.-L.,295
12010501,N/A,Biogeochemical Mineralogical By-Products,Sully_3 inoculated + incubated at 92C until stationary phase  ,Holden, Jim,4
20061301,Sheets of Six-Membered Rings,Talc,Gunter Talc #69, CT_soap_coaster, Univ. of Idaho,Gunter, Mickey,295
07022102,Insular SiO4 Groups Only,Garnet,Garnet 7v-Ra-b41-66,Guidotti, Charles,295
18071001,N/A,Glass,Glass, MSNJ23  ,McCanta, Molly,295
09012601,Hydrated Sulfates Containing Hydroxyl or Halogen,Sulfate,Paracoquimbite Mush Hyde,King, Penny,295
05121004,Insular SiO4 Groups Only,Olivine,Olivine, synthetic Fo10,Lindsley, Donald,225
11070701,N/A,Industrial Samples,Coal Fly Ash Sample T Fe6+,Fan, Mahoung,100
15040802,N/A,Biogeochemical Mineralogical By-Products,Sully March innoculation time point 4, series A no acetone,Holden, Jim,220
18091301,Double-Width Unbranched Chains W=2,Amphibole,Amphibole Tony Law G5-1,Dyar, Darby,295
ih0001,Sheets of Six-Membered Rings,Kaolinite-Serpentine,O'Hanley Lizardite  Mt 88050-0001 108mil 6-5-90,O'Hanley, David,295
11071604,N/A,Industrial Samples,Coal Fly Ash FeOOH 25C,Fan, Maohoung,45
06110402,Hydrated Acid and Sulfates,Sulfate,Voltaite 137958,Dyar, Darby,125
06112103,Sheets of Six-Membered Rings,Chlorite,Chlorite, clinochlore West Chester PA,Dyar, Darby,295
k547ab,Sheets of Six-Membered Rings,Mica,Holdaway Assemblage 4 547-A Biotite 3mil 4-30-91,Holdaway, Michael,295
07052101,Double-Width Unbranched Chains W=2,Amphibole,Kaersutite Fr-12,Dyar, Darby,150
04042301,Anhydrous Sulfates Containing Hydroxyl or Halogen,Sulfate,Romerite SPT 124,Cloutis, Edward,120
05112105,Insular SiO4 Groups Only,Olivine,Olivine, synthetic Fo60 Hartzman,Lindsley, Donald,125
03112502,Simple Oxides,Oxide,Ferrihydrite JB-564 Czech 5005-1,Bishop, Janice,70
g112mu,Sheets of Six-Membered Rings,Mica,Hunts Valley Muscovite HV-112 (2nd) 56mil 8-31-89,Lang, Helen,295
07122906,Single-Width Unbranched Chains W=1,Pyroxene,Pyroxene, synthetic Wo30En28Fs42 068,Lindsley, Donald,200
15032103,N/A,Biogeochemical Mineralogical By-Products,Sully March innoculation time point 0, series A no acetone,Holden, Jim,295
18080501,Single-Width Unbranched Chains W=1,Pyroxene,Omphacite AA UMO,Walters, Jesse,295
12031206,Simple Oxides,Oxide,Wustite, synthetic A Fe-saturated,Lindsley, Donald,200
04081913,Simple Oxides,Oxide,Hematite, synthetic,Dyar, Darby,140
16053103,Native Elements and Alloys,Metal,Fe foil  10 mm-s,n/a,295
05072401,Single-Width Unbranched Chains W=1,Pyroxene,Pyroxene, re-equilibrated MPYX-2,McCanta, Molly,295
10121202,Simple Oxides,Oxide,Ferrihydrite, nanophase 1GOE 07-2010,Bosch, Julian,275
18111901,Sheets of Six-Membered Rings,Talc,Gunter Talc #28, ITA_Rodoretto_B2, Univ. of Idaho,Gunter, Mickey,295
07080501,Insular SiO4 Groups and O, OH, F, and H2O,Titanite,Titanite, brown,King, Penny,295
20072701,Sheets of Six-Membered Rings,Talc,Gunter Talc #125, CT_Malincrodt, Univ. of Idaho,Gunter, Mickey,295
05101702,Hydrated Sulfates Containing Hydroxyl or Halogen,Sulfate,Copiapite SPT 125 dry,Cloutis, Edward,250
01092402,Simple Oxides,Oxide,Hematite 92649,Dyar, Darby,295
11052701,N/A,Glass,Glass, synthetic Gardner 1017B,Gardner, Jim,295
d10gt,Insular SiO4 Groups Only,Garnet,Hunt Valley garnet HV-10 1mil 7-13-88,Lang, Helen,295
08070901,Anhydrous Sulfates Containing Hydroxyl or Halogen,Alunite,Jarosite, synthetic 0.8 Na exchanged 1-15-07 (Q),Basciano, Laurel,295
11072902,Hydrated Phosphates, Arsenates, and Vanadates containing Hydroxyl or Halogen,Phosphate,Barbosalite DD134,Dyar, Darby,295
hbd1ol,Insular SiO4 Groups Only,Olivine,Dish Hill,CA Olivine Ba-2-1 D-1 7mil 9-29-89,McGuire, Anne,295.0
10082401,Hydroxides and Oxides Containing Hydroxyl,Hydroxide,Goethite, nanophase C1 07-20-10 m.08-23-10,Tosca, Nick,274.0
19042201,Anhydrous and Hydrated Halides,Halide,Rokuhnite, Wang sulfate #174, FeCl2.4H2O,Wang, Alian,295.0
cferrl,Hydrated Phosphates, Arsenates, and Vanadates containing Hydroxyl or Halogen,Phosphate,Ferrolauerite Curt Segler 1mil 6-6-88,Segeler, Curt,295.0
08022701,Anhydrous Sulfates Containing Hydroxyl or Halogen,Alunite,Jarosite C 0.1Ng 6.4K,Brophy, Gerald,295.0
12062702,Hydrated Phosphates, Arsenates, and Vanadates containing Hydroxyl or Halogen,Phosphate,Vivianite DD312,Dyar, Darby,24.0
14011501,N/A,Glass,Glass, synthetic Fa-Plag Lazareva-Lindsley 1.103,Lazareva, Lena,295.0
10121401,Simple Oxides,Oxide,Ferrihydrite, nanophase 1GOE 07-2010,Bosch, Julian,45.0
06110302,Hydrated Acid and Sulfates,Sulfate,Voltaite 137958,Dyar, Darby,200.0
ichcas,Sheets of Six-Membered Rings,Chlorite,Saccocia Chlorite Starting Material,CA 11mil 5-29-90,Saccocia, Peter,295.0
14120203,Simple Oxides,Oxide,Ulvospinel 50%Mt20 Usp80 (4-2-78) 50% Ilm80 (4-25-63) Mix 4-1-82,Lindsley, Donald,295.0
04081813,Simple Oxides,Oxide,Hematite, synthetic,Dyar, Darby,245.0
shcg1h,Sheets of Six-Membered Rings,Mica,Grant Hendricksite CG1 89mil 8-23-93,Grant, Christopher,295.0
08031201,Al-Si Frameworks,Feldspar,Feldspar Q-81 Hildreth,Hildreth, Wes,295.0
thchb2,Sheets of Six-Membered Rings,Chlorite,Harper Chlorite B2 49mil 4-29-94,Harper, Greg,295.0
07040801,Single-Width Unbranched Chains W=1,Pyroxene,Pyroxene, synthetic Wo10En63Fs27 010,Lindsley, Donald,45.0
10121102,Hydroxides and Oxides Containing Hydroxyl,Hydroxide,Akaganeite, nanophase 1GOE 07-2010 ,Bosch, Julian,250.0
10051501,Sheets of Six-Membered Rings,Smectite,Nontronite JB-790a,Bishop, Janice,295.0
21040701,N/A,rock,Hendrix JSC-1a treatment LMS-1,Hendrix, Donald,295.0
15022501,N/A,Terrestrial Samples,Ocean sediment KN223-S03-LC1-S18-0-5 BU,Anderson, Chloe,295.0
qg97mu,Sheets of Six-Membered Rings,Mica,Guidotti Muscovite 9-7-21-60 zone 9 40mil 2-3-93,Guidotti, Charles,295.0
tend62,Sheets of Six-Membered Rings,Mica,Doyle Muscovite END 2062 17mil 2-12-94,unknown,295.0
18062501,N/A,Biogeochemical Mineralogical By-Products,Ice Mamba M1-3 Blood Falls culture, live cell, no carbon source, ferrihydrite, anoxically dried ,Mickuchi, Jill,150.0
r290bt,Sheets of Six-Membered Rings,Mica,Guidotti Biotite SBG-90 64mil 6-2-93,Guidotti, Charles,295.0
07052004,Double-Width Unbranched Chains W=2,Amphibole,Kaersutite Fr-12,Dyar, Darby,200.0
15012601,Simple Oxides,Oxide,Magnetite Balmat Gouverneur, NY,Hanchar, John,295.0
12040301,Simple Oxides,Oxide,Magnetite JB-307,Bishop, Janice,4.0
12081301,Hydrated Phosphates, Arsenates, and Vanadates containing Hydroxyl or Halogen,Phosphate,Wardite DD328,Dyar, Darby,295.0
04020201,Hydrated Sulfates Containing Hydroxyl or Halogen,Sulfate,Ferricopiapite 535,Lane, Melissa,260.0
05101301,Hydroxides and Oxides Containing Hydroxyl,Hydroxide,Green Rust #3,Mazeina, Lena,295.0
03102401,N/A,Mixtures,Ferrihydrite -- Magnetite Balmont Mix #4,Bishop, Janice,220.0
12020602,Hydrated Acid and Sulfates,Sulfate,Rhomboclase ML-S89,Lane, Melissa,295.0
10022801,Simple Oxides,Oxide,Ferrihydrite 2: DB Seep Bio,Estes, Emily,295.0
07012201,Hydrated Acid and Sulfates,Sulfate,Szmikite 159189 Hokkaido, Japan,Dyar, Darby,295.0
20120101,Single-Width Unbranched Chains W=1,pyroxene,Aegirine 112566 AMNH Mount Malosi Malawa,Dyar, Darby,295.0
07121610,Single-Width Unbranched Chains W=1,Pyroxene,Pyroxene, synthetic En30Fs70 SynPx 023,Lindsley, Donald,12.0
07112904,Single-Width Unbranched Chains W=1,Pyroxene,Pyroxene, synthetic Wo20En56Fs24 019,Lindsley, Donald,295.0
06122106,Sheets of Six-Membered Rings,Smectite,Montmorillonite Swa-1 JB-170,Bishop, Janice,80.0
19051601,N/A,Glass,McCanta Glass BHVO-2 IW-2 H082,McCanta, Molly,295.0
06121601,Sheets of Six-Membered Rings,Smectite,Nontronite Sampor smectite JB-175 ,Bishop, Janice,295.0
10111901,N/A,Biogeochemical Mineralogical By-Products,Islandicum inoculated 11-08-2010,Holden, Jim,8.0
05050601,Simple Oxides,Oxide,Hematite AZ03-Pg Jn Mars,Chan, Marjorie,295.0
04082902,Insular SiO4 Groups Only,Olivine,Olivine, synthetic Fo40,Lindsley, Donald,220.0
09052401,Simple Oxides,Oxide,Wustite, synthetic CC too much Fe for M+ saturation,Lindsley, Donald,4.0
07042201,Single-Width Unbranched Chains W=1,Pyroxene,Pyroxene, synthetic Wo50En0Fs50,Lindsley, Donald,80.0
15032403,Native Elements and Alloys,Metal,Fe foil  4 mm-s,n/a,295.0
07052002,Double-Width Unbranched Chains W=2,Amphibole,Kaersutite Fr-12,Dyar, Darby,250.0
pdlux1,Six-Membered Rings,Tourmaline,Igneous Tourmaline DLUX #1 Black Tourmaline 7mil 8-24-92,Dyar, Darby,295.0
11031503,Simple Oxides,Oxide,Magnetite V.1 62nm,Nyiro-Kosa, Ilona,30.0
04062201,Anhydrous Sulfates Containing Hydroxyl or Halogen,Sulfate,Romerite SPT 110,Cloutis, Edward,60.0
07021601,Insular SiO4 Groups and O, OH, F, and H2O,Staurolite,Staurolite O-K-57,Guidotti, Charles,295.0
15051801,N/A,Glass,Glass, synthetic RHY-2 Mo-MoO2,McCanta, Molly,295.0
05111804,Insular SiO4 Groups Only,Olivine,Olivine, synthetic Fo80 Podpara,Lindsley, Donald,125.0
13091602,N/A,Miscellaneous,Green Tea C 1Fe: 5GTdisc mount,Oakes, Jacqueline,140.0
l6a96c,Sheets of Six-Membered Rings,Chlorite,Guidotti Chlorite Zone 6 Ra-a96-66 10mil 10-29-91,Guidotti, Charles,295.0
07122808,Single-Width Unbranched Chains W=1,Pyroxene,Pyroxene, synthetic Wo50En15Fs35 037,Lindsley, Donald,12.0
07122502,Single-Width Unbranched Chains W=1,Pyroxene,Pyroxene, synthetic Wo40En48Fs12 075,Lindsley, Donald,200.0
07041209,Single-Width Unbranched Chains W=1,Pyroxene,Pyroxene, synthetic Wo10En36Fs54 011,Lindsley, Donald,45.0
08060901,Si2O7 with Additional O, H, F and H2O,Axinite,Axinite VLM-2,Oyman, Tolga,295.0
11062901,N/A,Industrial Samples,Coal Fly Ash Sample M Fe6+,Fan, Mahoung,250.0
xum293b,Six-Membered Rings,Tourmaline,HS #43293 Buergerite Tourmaline 49.75 5mil 10-12-94,Dyar, Darby,295.0
07042907,Single-Width Unbranched Chains W=1,Pyroxene,Pyroxene, synthetic En17Fs83C 024,Lindsley, Donald,125.0
06121503,Sheets of Six-Membered Rings,Mica,Glauconite Hurricane Mountain, NH,Dyar, Darby,100.0
07122010,Single-Width Unbranched Chains W=1,Pyroxene,Pyroxene, synthetic Wo10Fs90 088,Lindsley, Donald,200.0
06122109,Sheets of Six-Membered Rings,Smectite,Montmorillonite Swa-1 JB-170,Bishop, Janice,30.0
05110602,Insular SiO4 Groups Only,Olivine,Olivine, synthetic Fo50,Lindsley, Donald,275.0
00032905,Double-Width Unbranched Chains W=2,Amphibole,Dyar Grunerite 1-K   50K  V4 tk webresco 3-29-00,Grant, Christopher,50.0
07042708,Insular SiO4 Groups Only,Olivine,Olivine, synthetic Fo70 New,Lindsley, Donald,60.0
07051704,Double-Width Unbranched Chains W=2,Amphibole,Kaersutite Tm,Dyar, Darby,80.0
21032501,Sheets of Six-Membered Rings,Talc,Gunter Talc #72 ICT_Polyguard,Gunter, Mickey,295.0
07042501,Insular SiO4 Groups Only,Olivine,Olivine, synthetic Fo89.5 New,Lindsley, Donald,100.0
08010205,Single-Width Unbranched Chains W=1,Pyroxene,Pyroxene, synthetic Wo30Fs70 085,Lindsley, Donald,150.0
07052802,Single-Width Unbranched Chains W=1,Pyroxene,Pyroxene, synthetic Wo20En64Fs16 017,Lindsley, Donald,125.0
02032501,Al-Si Frameworks,Feldspar,Plagioclase Bushveld B29,Tegnar, Christian,295.0
06123001,N/A,Meteorite,Mica, Meteorite LAP 04840,16,Dyar, Darby,295.0
j1371b,Sheets of Six-Membered Rings,Mica,Holdaway Assemblage5 137-1 Biotite 3mil 3-25-91,Holdaway, Michael,295.0
06061201,Simple Oxides,Oxide,Magnetite Bif-2B,Li, Y.-L.,295.0
14061001,N/A,Glass,Glass, synthetic BAS-5 AIR,McCanta, Molly,295.0
07121502,Single-Width Unbranched Chains W=1,Pyroxene,Pyroxene, synthetic Wo40En24Fs36 071,Lindsley, Donald,4.0
17010201,N/A,Terrestrial Samples,Trachybasalt PEL 1848 Lanzarote Island, Spain,Helbert, Joern,295.0
15080101,Insular SiO4 Groups Only,Olivine,Fayalite Sweden (Uppsala) Osthanmar, Dannemora NMNH 84622,Dyar, Darby,295.0
15101001,N/A,Terrestrial Samples,Siltstone, sandy JL109-3B medium to fine,Li, June,295.0
07041601,Simple Oxides,Oxide,Magnetite MV1,Li, Y.-L.,295.0
12040402,Simple Oxides,Oxide,Magnetite JB-307,Bishop, Janice,200.0
13050901,N/A,Miscellaneous,Green Tea 1Fe:5GT mounted dry,Oakes, Jacqueline,295.0
upmp06,Insular, Mixed, Single, and Larger Tetrahedral Groups,Pumpellyite,118706 Pumpellyite 46.51 9mil 8-16-94,Voci, Christopher,295.0
19062701,N/A,Terrestrial Samples,Blood Falls sample ES26 frozen fluid,Mikucki, Jill,250.0
11032701,Simple Oxides,Oxide,Maghemite VI.2 100nm,Nyiro-Kosa, Ilona,60.0
09050902,Simple Oxides,Oxide,Wustite, synthetic D intermediate very slightly magnetic,Lindsley, Donald,150.0
04112401,Insular SiO4 Groups Only,Olivine,Olivine, synthetic Fo70,Menzies, Olywn,295.0
05083001,Single-Width Unbranched Chains W=1,Pyroxene,Diopside, shocked 3493 (1.249km-s,358Kbs),McCanta, Molly,295.0
07042803,Insular SiO4 Groups Only,Olivine,Olivine, synthetic Fo70 New,Lindsley, Donald,18.0
04042402,Anhydrous Sulfates Containing Hydroxyl or Halogen,Sulfate,Romerite SPT 128,Cloutis, Edward,220.0
s2a29b,Sheets of Six-Membered Rings,Mica,Guidotti Biotite zone 5 Ra-a29-66 10mil 10-4-93,Guidotti, Charles,295.0
14062001,N/A,Glass,Glass, synthetic BAS-2 Air,McCanta, Molly,295.0
10110403,Simple Oxides,Oxide,Ferrihydrite, nanophase 1GOE 03-2010,Bosch, Julian,12.0
04062203,Anhydrous Sulfates Containing Hydroxyl or Halogen,Sulfate,Romerite SPT 110,Cloutis, Edward,95.0
08081202,Hydrated Acid and Sulfates,Sulfate,Metavoltine G2677,Dyar, Darby,295.0
06121303,Sheets of Six-Membered Rings,Mica,Biotite mica-Fe CRPG Geostandard,Dyar, Darby,100.0
07090503,Double-Width Unbranched Chains W=2,Amphibole,Amphibole 84-BR,Dyar, Darby,200.0
04050202,Hydrated Acid and Sulfates,Sulfate,Rozenite JB-626-B Iron Mountain <125mm,Dyar, Darby,12.0
15121201,N/A,Biogeochemical Mineralogical By-Products,Sully Test Wet Ferrihydrite FH B frozen,Sklute, Elizabeth,220.0
07052904,Single-Width Unbranched Chains W=1,Pyroxene,Pyroxene, synthetic Wo20En64Fs16 017,Lindsley, Donald,18.0
12010601,N/A,Biogeochemical Mineralogical By-Products,Sully_3 inoculated + incubated at 92C until stationary phase  ,Holden, Jim,130.0
r2p759,Sheets of Six-Membered Rings,Mica,Guidotti Biotite 27-9-10-59 Bryant Pond 57mil 6-25-93,Guidotti, Charles,295.0
07122405,Single-Width Unbranched Chains W=1,Pyroxene,Pyroxene, Synthetic Wo20Fs80 SynPx087 ,Lindsley, Donald,60.0
11031801,Simple Oxides,Oxide,Magnetite V.2,Nyiro-Kosa, Ilona,12.0
14080401,N/A,Glass,Glass, synthetic BAS-2 CO2,McCanta, Molly,295.0
17022201,N/A,Terrestrial Samples,Palagonite tuff HF-04, 4K ,Farrand, Bill,4.0
06101207,Anhydrous Sulfates Containing Hydroxyl or Halogen,Alunite,Natrojarosite Naj5-2 UC Davis,Bishop, Janice,295.0
11110401,N/A,Terrestrial Samples,Sandstone PNF-9-7 (12) altered,Schoonen, Martin,295.0
18072402,Si2O7 Groups, Generally with No Additional Anions,Pyroxene,Pyroxene Ep-3-137 cpx,Dyar, Darby,295.0
12081003,Sheets of Six-Membered Rings,Clay,Clay VA22 588-591,Michalski, Joe,295.0
20110201,N/A,Terrestrial Samples,AX17 AK no heat no cells (3),Elizabeth Sklute,295.0
20050901,Sheets of Six-Membered Rings,Talc,Gunter Talc #56, USA_MT_CT_Talcron, Univ. of Idaho,Gunter, Mickey,295.0
18080301,Multiple Oxides,Multiple Oxide,Spinel Tanduru Tanzania GA768,Pike, Aaron,295.0
11042001,Anhydrous Normal Phosphates, Arsenates, and Vanadates,Phosphate,Beusite DD129,Dyar, Darby,295.0
12042201,Simple Oxides,Oxide,Wustite, synthetic D intermediate very slightly magnetic,Lindsley, Donald,130.0
17011701,Single-Width Unbranched Chains W=1,Pyroxene,Orthoferrosilite NMNH 134665, Norway, Lofoten Island, Austauguy, Hopen,Dyar, Darby,300.0
18020902,N/A,Biogeochemical Mineralogical By-Products,P. islandicum Lepidocrocite no heat-no cells anoxically dried,Kashyap, Srishti,80.0
03070702,Simple Oxides,Oxide,Hematite, synthetic ,Dyar, Darby,265.0
13081402,N/A,Industrial Samples,Coal fly ash 4Fe:0Na ash,Fan, Maohong,295.0
15081202,N/A,Biogeochemical Mineralogical By-Products,Sully 7-15 Dry Ferrihydrite FH Control Final ,Holden, Jim,80.0
07122308,Single-Width Unbranched Chains W=1,Pyroxene,Pyroxene, Synthetic Wo20Fs80 SynPx087 ,Lindsley, Donald,225.0
11071802,N/A,Industrial Samples,Coal Fly Ash FeOOH 25C,Fan, Maohoung,275.0
07122406,Single-Width Unbranched Chains W=1,Pyroxene,Pyroxene, Synthetic Wo20Fs80 SynPx087 ,Lindsley, Donald,45.0
04051001,N/A,Terrestrial Samples,Basalt JB-392-A Haleakala,Bishop, Janice,12.0
10110902,Simple Oxides,Oxide,Hematite, nanophase Alfa Aesar 07-2010,Holden, Jim,150.0
04041802,Hydrated Acid and Sulfates,Sulfate,Szomolnokite 560,Dyar, Darby,220.0
14031501,N/A,Industrial Samples,Coal fly ash Zhang #2,Fan, Maohong,295.0
18110701,Sheets of Six-Membered Rings,Talc,Gunter Talc #26, ITA_Rodoretto_A3, Univ. of Idaho,Gunter, Mickey,295.0
15040801,N/A,Terrestrial Samples,Core U1425B 1-5-87 WHOI,Gosan, Liviu,250.0
12022401,Hydroxides and Oxides Containing Hydroxyl,Hydroxide,Goethite nanophase np-Gt A1,Tosca, Nick,130.0
uh491t,Six-Membered Rings,Tourmaline,Luaro Mine HS#108491 Tourmaline 82.8 2mil 9-12-94,Dyar, Darby,295.0
06120802,Sheets of Six-Membered Rings,Chlorite,Chlorite, clinochlore West Chester PA,Dyar, Darby,4.0
07031203,Sheets of Six-Membered Rings,Mica,Biotite TUM3,Seaman, Sheila,295.0
13100901,Sheets of Six-Membered Rings,Kaolinite-Serpentine,Kaolinite, shocked KGa-1B 35.6 GPa,Michalski, Joe,295.0
12041801,Simple Oxides,Oxide,Ferrihydrite JA-499 Iceland,Bishop, Janice,4.0
07063001,Sheets of Six-Membered Rings,Pyrophyllite-Talc,Talc FTA-17-R4 J.C.C. 8-29-06,Jenkins, David,295.0
ib1cop,Multiple Oxides,Pyroxene,Dish Hill,CA OPX DH101C 13mil 3-29-90,McGuire, Anne,295.0
02072901,Sheets of Six-Membered Rings,Smectite,Montmorillonite MON 101,Cloutis, Edward,295.0
11052401,N/A,Glass,Glass, synthetic Gardner 1009,Gardner, Jim,295.0
11032602,Simple Oxides,Oxide,Maghemite VI.2 100nm,Nyiro-Kosa, Ilona,12.0
02021101,Al-Si Frameworks,Feldspar,Anorthite Fe2+ ,Housely, Robert,225.0
pzf83i,N/A,Terrestrial Samples,Zhou Bt&Ilm F83 17mil 7-23-92,Zhou, Fuxing,295.0
11011401,N/A,Glass,Glass, synthetic Gardner 919,Gardner, Jim,295.0
08082002,Hydrated Acid and Sulfates,Sulfate,Apjohnite S38,Dyar, Darby,295.0
07090701,Double-Width Unbranched Chains W=2,Amphibole,Amphibole 84-BR,Dyar, Darby,125.0
04072907,Native Elements and Alloys,Metal,Fe foil  4 mm-s,n/a,220.0
05110501,Six-Membered Rings,Beryl,Beryl, blue grade Sample 2 True Blue,Groat, Lee,14.0
05072001,Six-Membered Rings,Tourmaline,Tourmaline UE-2,Oyman, Tolga,295.0
03120502,Simple Oxides,Oxide,Ilmenite KI-2193,Morse, S.A.,295.0
15070702,N/A,Biogeochemical Mineralogical By-Products,Islandicum KPO4 buffer control initial,Holden, Jim,150.0
ehsl11,Insular SiO4 Groups and O, OH, F, and H2O,Staurolite,Holdaway Staurolite 77-55C not pure 1mil 10-27-88,Holdaway, Michael,295.0
13082101,Sheets of Six-Membered Rings,Kaolinite-Serpentine,Serpentine MCL_M81-309_150_15_A_Bulk, A. URI,Stander, Amy,295.0
ilm506,Sheets of Six-Membered Rings,Mica,Lee-Guidotti Muscovite 506 53mil 7-10-90,Guidotti, Charles,295.0
15060502,Simple Oxides,Oxide,Hematite MOD22_22 magnetic separates,McEnroe, Suzanne,295.0
16122401,Single-Width Unbranched Chains W=1,Pyroxene,Orthopyroxene KBH-94-23-B Kilbourne Hole, NM,Dyar, Darby,295.0
05120904,Insular SiO4 Groups Only,Olivine,Olivine, synthetic Fo30,Lindsley, Donald,20.0
04110802,Sheets of Six-Membered Rings,Mica,Biotite Michigan LG-9,Dyar, Darby,295.0
07110502,Single-Width Unbranched Chains W=1,Pyroxene,Pyroxene, synthetic Wo40En55F55 Px077,Lindsley, Donald,295.0
07122706,Single-Width Unbranched Chains W=1,Pyroxene,Pyroxene, synthetic Wo50En15Fs35 037,Lindsley, Donald,225.0
11050302,N/A,Industrial Samples,Coal Fly Ash FeOOH 25C,Fan, Maohoung,295.0
13031503,Hydrated Sulfates Containing Hydroxyl or Halogen,Sulfate,Amarantite G3775 Los Pintados, Chile,Dyar, Darby,125.0
06101902,Anhydrous Sulfates Containing Hydroxyl or Halogen,Alunite,Jarosite, synthetic 14 Na0.5K0.5Fe1.5Al1.5 Tosca,Tosca, Nick,295.0
w2fsh8,N/A,Industrial Samples,91918 Fly Ash 49.099 15mil 6-2-95,unknown,295.0
16092401,Hydroxides and Oxides Containing Hydroxyl,Hydroxide,Goethite, synthetic, nanophase GOET030216 freeze dried,Sklute, Elizabeth,295.0
07120402,Single-Width Unbranched Chains W=1,Pyroxene,Pyroxene, synthetic Wo30En35Fs35 073,Lindsley, Donald,175.0
04071001,Six-Membered Rings,Beryl,Beryl, blue #38,Groat, Lee,80.0
07112804,Single-Width Unbranched Chains W=1,Pyroxene,Pyroxene, synthetic Wo50En25Fs25 039,Lindsley, Donald,30.0
18080801,Single-Width Unbranched Chains W=1,Pyroxene,Pyroxene Dish Hill DH-208,Dyar, Darby,295.0
11112201,Sheets of Six-Membered Rings,Kaolinite-Serpentine,Kaolinite, unshocked <2mm,Michalski, Joe,295.0
11082402,Hydrated Sulfates Containing Hydroxyl or Halogen,Sulfate,Paracoquimbite G2681-2,Dyar, Darby,295.0
04031701,N/A,Fulgurite,Fulgurite Oregon Salt ,Sheffer, Abigail,295.0
d366aa,Double-Width Unbranched Chains W=2,Amphibole,Hornblende H366-A_A no ? 8-17-88,Dyar, Darby,295.0
12010101,Sheets of Six-Membered Rings,Kaolinite-Serpentine,Kaolinite, shocked 20 GPa no acetone,Michalski, Joe,295.0
14031801,N/A,Industrial Samples,Coal fly ash Zhang #5,Fan, Maohong,295.0
v2cdc1,Single-Width Unbranched Chains W=1,Pyroxene,Smyth CPX SDC-1  2.20 7mil 4-25-95,McGuire, Anne,295.0
11112901,N/A,Fulgurite,Fulgurite T1 Egypt,Nottke, Tony,295.0
11081606,N/A,Meteorite,Meteorite ALH 83100,Howard, Kieren,295.0
16022401,N/A,Biogeochemical Mineralogical By-Products,Sully Su06 Dry Ferrihydrite FH B 2-12-16 ,Holden, Jim,295.0
13040202,Sulfides, including Selenides and Tellurides,Sulfite,Chalcopyrite CHA 101 Temegami, Ontario,Cloutis, Edward,4.0
05120902,Insular SiO4 Groups Only,Olivine,Olivine, synthetic Fo30,Lindsley, Donald,40.0
04110303,Multiple Oxides,Multiple Oxide,Spinel SG-16,Choi, Sung Hi,295.0
hlm511,Sheets of Six-Membered Rings,Mica,Lee-Guidotti Muscovite 511 28mil 9-15-89,Guidotti, Charles,295.0
l6301b,Sheets of Six-Membered Rings,Biotite,Holdaway Assm. 6 30-1 Biotite 4mil 8-14-91,Holdaway, Michael,295.0
10030401,Simple Oxides,Oxide,Ferrihydrite 4 22 1,Estes, Emily,295.0
12031301,Simple Oxides,Oxide,Wustite, synthetic A Fe-saturated,Lindsley, Donald,4.0
07060104,Double-Width Unbranched Chains W=2,Amphibole,Kaersutite Fa-86-1,Dyar, Darby,60.0
18010902,N/A,Biogeochemical Mineralogical By-Products,P. delaneyi Akaganeite AKAG102315 heat + cells annoxically dried,Kashyap, Srishti,80.0
ubmt6t,Six-Membered Rings,Tourmaline,Blk.Mtn. Pegmatite BMT-65 Tourmaline 65.56 2mil 9-22-94,Dyar, Darby,295.0
07042003,Single-Width Unbranched Chains W=1,Pyroxene,Pyroxene, synthetic Wo20En20Fs20 055,Lindsley, Donald,30.0
11050303,N/A,Industrial Samples,Nanoporous FeOOH 20% NHF 100C, NaHCO3 on FeOOH,Fan, Maohong,295.0
14080201,N/A,Glass,Glass, synthetic DAC-5 CO2,McCanta, Molly,295.0
03121502,Simple Oxides,Oxide,Maghemite JB-301,Bishop, Janice,295.0
14081801,N/A,Glass,Glass, synthetic BAS-5 CO2,McCanta, Molly,295.0
04042001,Anhydrous Sulfates Containing Hydroxyl or Halogen,Sulfate,Romerite SPT 115,Cloutis, Edward,20.0
16103001,N/A,Terrestrial Samples,Ocean sediment 185-1149 16H03 116-118 bulk BU,Anderson, Chloe,295.0
20113001,N/A,glass,NIST gflass standard 610,Dyar, Darby,295.0
04011601,N/A,Fulgurite,Fulgurite CT sample 2 metal,Sheffer, Abigail,295.0
20012601,Sheets of Six-Membered Rings,Talc,Gunter Talc #95, USA_MT_Yellowstone_LG, Univ. of Idaho,Gunter, Mickey,295.0
15012302,Simple Oxides,Oxide,Magnetite K-1 Kiirunavaara MUN,Hanchar, John,295.0
16120402,Insular SiO4 Groups Only,Olivine,Olivine KI-4030 Fo 52.4 19.0mg,Dyar, Darby,295.0
14020301,Unbranched Chains with W>2,Smectite,Saponite, shocked 10.2 GPa 3654,Michalski, Joe,295.0
13011501,Sheets of Six-Membered Rings,Kaolinite-Serpentine,Serpentine, Nor4-9_back Greenberger-Mustard Brown U.,Greenberger, Rebecca,295.0
20111302,N/A,Terrestrial Samples,AK17 Lep heat + no cells (2b),Elizabeth Sklute,295.0
15122401,N/A,Biogeochemical Mineralogical By-Products,Sully Test Dry Ferrihydrite FH B frozen,Holden, Jim,220.0
ehs62r,Insular SiO4 Groups and O, OH, F, and H2O,Staurolite,Holdaway Staurolite 71-62R 1mil 10-13-88,Holdaway, Michael,295.0
15062601,N/A,Biogeochemical Mineralogical By-Products,Islandicum KPO4 buffer A final,Holden, Jim,150.0
10121201,Simple Oxides,Oxide,Ferrihydrite, nanophase 1GOE 07-2010,Bosch, Julian,295.0
02042101,Double-Width Unbranched Chains W=2,Amphibole,Holmquisite ,Law, Tony,85.0
01012501,Double-Width Unbranched Chains W=2,Amphibole,Hornblende DMP-1,Qunke,295.0
07120304,Single-Width Unbranched Chains W=1,Pyroxene,Pyroxene, synthetic Wo30En35Fs35 073,Lindsley, Donald,295.0
03070103,Simple Oxides,Oxide,Hematite, synthetic ,Dyar, Darby,135.0
15111802,Native Elements and Alloys,Metal,Fe foil  10 mm-s,n/a,295.0
00042905,Double-Width Unbranched Chains W=2,Amphibole,Dyar Grunerite 1-K  T=260K V3 WEB Res. Co. tk,Grant, Christopher,260.0
04050401,Hydrated Acid and Sulfates,Sulfate,Rozenite JB-626-B Iron Mountain <125mm,Dyar, Darby,60.0
19071801,N/A,Terrestrial Samples,Blood falls sample ES25 air dried sediment mostly sample,Mikucki, Jill,295.0
03071602,Simple Oxides,Oxide,Ferrihydrite 96214 Smedley's Iron Mine ,Dyar, Darby,25.0
16060101,Simple Oxides,Oxide,Ferrihydrite, reacted FH-40-0-A,Dehouck, Eric,6.0
06081904,Double-Width Unbranched Chains W=2,Amphibole,Amphibole Libby, MT Float B 6-2-06,Gunter, Mickey,295.0
trab53,Insular SiO4 Groups Only,Garnet,Guidotti Garnet 6-Ra-b53-66 57mil 4-3-94,Guidotti, Charles,295.0
11070801,N/A,Industrial Samples,Coal Fly Ash Sample T Fe6+,Fan, Mahoung,250.0
05100501,Anhydrous Sulfates Containing Hydroxyl or Halogen,Sulfate,Romerite SPT 110 dry,Cloutis, Edward,100.0
07121903,Single-Width Unbranched Chains W=1,Pyroxene,Pyroxene, synthetic En50Fs50 SynPx004,Lindsley, Donald,150.0
05111404,Insular SiO4 Groups Only,Olivine,Olivine, synthetic Fo70 Hartzman,Lindsley, Donald,150.0
02051901,Al-Si Frameworks,Feldspar,Feldspar Bushveld B23,Tegnar, Christian,295.0
06091501,Compound Sulfates,Sulfate,Botryogen DD112,Dyar, Darby,295.0
16122101,Insular SiO4 Groups Only,Olivine,Olivine NMNH 90025, Babson Farm Quarry,Dyar, Darby,295.0
02071401,Single-Width Unbranched Chains W=1,Pyroxene,Hypersthene 186,Cloutis, Edward,295.0
06081110,Double-Width Unbranched Chains W=2,Amphibole,Amphibole PM-1B,King, Penny,295.0
06121505,Sheets of Six-Membered Rings,Mica,Glauconite Hurricane Mountain, NH,Dyar, Darby,60.0
15063001,N/A,Biogeochemical Mineralogical By-Products,Islandicum Pipes buffer time point 6 run A,Holden, Jim,150.0
12042001,Simple Oxides,Oxide,Maghemite, synthetic JB-301 <45mm,Bishop, Janice,200.0
04102901,Multiple Oxides,Multiple Oxide,Spinel SS-1,Choi, Sung Hi,295.0
12070501,N/A,Biogeochemical Mineralogical By-Products,Chimney Sa08 ALV4446 8-29-08,Holden, Jim,200.0
07061202,Single-Width Unbranched Chains W=1,Pyroxene,Pyroxene, synthetic Wo10En45Fs45 009,Lindsley, Donald,175.0
09021301,Sheets of Six-Membered Rings,Kaolinite-Serpentine,Antigorite Uehara N7,Evans, Bernard,295.0
03081402,Simple Oxides,Oxide,Ferrihydrite, synthetic JB-46 (RBG-Sherman) <45mm ,Bishop, Janice,235.0
13040106,Hydrated Acid and Sulfates,Sulfate,Coquimbite S63 Atacama, CA,Lane, Melissa,200.0
03081103,Simple Oxides,Oxide,Ferrihydrite, synthetic JB-46 (RBG-Sherman) <45mm ,Bishop, Janice,60.0
07121506,Single-Width Unbranched Chains W=1,Pyroxene,Pyroxene, synthetic En30Fs70 SynPx 023,Lindsley, Donald,225.0
07110302,N/A,Meteorite,Meteorite eucrite experiment 1180º Rd2-7,Elkinton, Hannah,295.0
04042102,Anhydrous Sulfates Containing Hydroxyl or Halogen,Sulfate,Romerite SPT 119,Cloutis, Edward,30.0
10110101,Simple Oxides,Oxide,Ferrihydrite, nanophase 1GOE 06-2008,Bosch, Julian,295.0
07101502,N/A,Mixtures,Garnet standards mix (almandine and andradite),Dyar, Darby,24.0
12021401,Hydroxides and Oxides Containing Hydroxyl,Hydroxide,Goethite HMM 119377 Florissant Co., CO,Dyar, Darby,130.0
05111202,Simple Oxides,Oxide,Goethite, synthetic JB-54,Bishop, Janice,13.5
h210_k,Al-Si Frameworks,Feldspar,Housely Anorthite Fe3+ 210K,Housely, Robert,210.0
07050107,Single-Width Unbranched Chains W=1,Pyroxene,Pyroxene, synthetic Wo10En22.5Fs67.5 053,Lindsley, Donald,100.0
07121508,Single-Width Unbranched Chains W=1,Pyroxene,Pyroxene, synthetic En30Fs70 SynPx 023,Lindsley, Donald,175.0
17020801,N/A,Terrestrial Samples,Palagonite tuff NMB12-08,Farrand, Bill,295.0
18050702,N/A,Biogeochemical Mineralogical By-Products,P. islandicum Ferrihydrite heat-no cells anoxically dried ,Kashyap, Srishti,295.0
07042903,Single-Width Unbranched Chains W=1,Pyroxene,Pyroxene, synthetic En17Fs83C 024,Lindsley, Donald,225.0
07111802,Single-Width Unbranched Chains W=1,Pyroxene,Pyroxene, synthetic Wo50En0Fs50 083,Lindsley, Donald,295.0
aoc14,Sheets of Six-Membered Rings,Mica,Guidotti Biotite O-C-14 1mil 10-29-87,Guidotti, Charles,295.0
07112802,Single-Width Unbranched Chains W=1,Pyroxene,Pyroxene, synthetic Wo50En25Fs25 039,Lindsley, Donald,60.0
13062101,N/A,Miscellaneous,Green Tea 2Fe:1GT mounted dry,Oakes, Jacqueline,295.0
l6112b,Sheets of Six-Membered Rings,Biotite,Holdaway Assm. 6 112-2 Biotite 4mil 8-9-91,Holdaway, Michael,295.0
01112601,Al-Si Frameworks,Feldspar,Plagioclase Bushveld BT5B,Tegnar, Christian,295.0
02011601,Double-Width Unbranched Chains W=2,Amphibole,Holmquisite ,Law, Tony,150.0
04021401,Six-Membered Rings,Tourmaline,Tourmaline KTV-2,Oyman, Tolga,295.0
03012801,N/A,Terrestrial Samples,Rock RSI-5,Brown, Laurie,295.0
EHSGL6,Insular SiO4 Groups and O, OH, F, and H2O,Staurolite,Holdaway Staurolite 6-3 1mil 10-21-88,Holdaway, Michael,295.0
12062601,Hydrated Phosphates, Arsenates, and Vanadates containing Hydroxyl or Halogen,Phosphate,Vivianite DD312,Dyar, Darby,4.0
07120501,Single-Width Unbranched Chains W=1,Pyroxene,Pyroxene, synthetic Wo30En35Fs35 073,Lindsley, Donald,30.0
jhl39b,Insular SiO4 Groups Only,Olivine,Harrell Olivine Ep-3-139B 11mil 9-19-90,McGuire, Anne,295.0
20101101,N/A,Terrestrial Samples,AX17 Bioreduced Fh no Heat no Cells (3A),Elizabeth Sklute,220.0
01110901,Double-Width Unbranched Chains W=2,Amphibole,Edenite PBM-3,Moore, Paulus,295.0
21012601,Sheets of Six-Membered Rings,Talc,Gunter Talc #77 IND_Haldwani,Gunter, Mickey,295.0
18021001,N/A,Biogeochemical Mineralogical By-Products,P. islandicum Lepidocrocite no heat-no cells anoxically dried,Kashyap, Srishti,220.0
15061202,N/A,Biogeochemical Mineralogical By-Products,Islandicum NaHCO3 buffer control initial,Holden, Jim,6.0
jgbrl8,Sheets of Six-Membered Rings,Mica,Guidotti Biotite RL-8 (60-100) best biotite 19mil 11-11-90,Guidotti, Charles,295.0
04123101,Anhydrous Sulfates Containing Hydroxyl or Halogen,Sulfate,Sulfate JB-633,Bishop, Janice,295.0
11101801,N/A,Terrestrial Samples,Sandstone PNF-9-9 (4) altered,Schoonen, Martin,295.0
10103101,Simple Oxides,Oxide,Ferrihydrite, nanophase 1GOE 06-2008,Bosch, Julian,200.0
20021001,Sheets of Six-Membered Rings,Talc,Gunter Talc #9, CAN_Ontario_Madoc_80, Univ. of Idaho,Gunter, Mickey,295.0
10080801,N/A,Biogeochemical Mineralogical By-Products,Islandicum grown 6-18-10 dried anaerobically 7-15-10,Holden, Jim,30.0
16092701,Simple Oxides,Oxide,Magnetite, synthetic, nanophase MAG060516 dried and mounted in glove box,Sklute, Elizabeth,150.0
15033001,N/A,Glass,Glass, synthetic DAC-2 Air,McCanta, Molly,295.0
06121202,Sheets of Six-Membered Rings,Mica,Zinnwaldite ZW-C GIT-IWG,Dyar, Darby,4.0
15022301,N/A,Terrestrial Samples,Ocean sediment KN223-S10-LC1-S03-0-10 BU,Anderson, Chloe,295.0
06011201,Single-Width Unbranched Chains W=1,Pyroxene,Pyroxene, synthetic En80FS20E-002,Lindsley, Donald,295.0
neox3b,Sheets of Six-Membered Rings,Mica,Earley CuBiFeOx-3 Biotite 17mil 5-6-92,Earley, Drummond,295.0
19110201,N/A,weathered steel,MN 62861 #6,None,130.0
20041501,Sheets of Six-Membered Rings,Talc,Gunter Talc #12, CHI_Shadong_Qixia_85, Univ. of Idaho,Gunter, Mickey,295.0
ichvt3,Sheets of Six-Membered Rings,Chlorite,Saccocia Chlorite Starting Material,VT 10mil 5-30-90,Saccocia, Peter,295.0
19060801,Simple Oxides,Oxide,Hematite Kidney Ore, Cornwall, England, Adams Collection,Sklute, Elizabeth,295.0
04051902,N/A,Oxide,Goethite, synthetic JB-54,Bishop, Janice,150.0
05101203,Hydroxides and Oxides Containing Hydroxyl,Hydroxide,Green Rust #2,Mazeina, Lena,295.0
15021703,Single-Width Unbranched Chains W=1,Pyroxene,Clinopyroxene 06.16H ,Barnes, Calvin,295.0
hba3op,Single-Width Unbranched Chains W=1,Pyroxene,Dish Hill, CA OPX Ba-2-1 A-3 26mil 9-29-89,McGuire, Anne,295.0
04081401,Insular SiO4 Groups Only,Olivine,Olivine, synthetic Fo60,Menzies, Olywn,245.0
14031301,Sheets of Six-Membered Rings,Kaolinite-Serpentine,Serpentine, shocked 38.8 GPa,Michalski, Joe,295.0
04012601,N/A,Fulgurite,Fulgurite West Virginia glass,Sheffer, Abigail,295.0
10111801,N/A,Biogeochemical Mineralogical By-Products,Islandicum inoculated 11-08-2010,Holden, Jim,24.0
12080301,Multiple Oxides,Multiple Oxide,Spinel FeSp6_5,Cheek, Leah,295.0
08120701,N/A,Mixtures,Nontronite Nau-1 JB-JLB-790,Bishop, Janice,295.0
09082901,N/A,Terrestrial Samples,Basalt Mid-Atlantic Ridge 127-1,Reynolds, Valerie,295.0
07092701,Simple Oxides,Oxide,Ferrihydrite JA-499 Iceland,Bishop, Janice,24.0
18092503,Single-Width Unbranched Chains W=1,Pyroxene,Pyroxene Wo8 x=40 E Lindsley pigeonite #5,Dyar, Darby,295.0
07021901,Insular SiO4 Groups and O, OH, F, and H2O,Staurolite,Staurolite O-C-38,Guidotti, Charles,295.0
07042004,Single-Width Unbranched Chains W=1,Pyroxene,Pyroxene, synthetic Wo20En20Fs20 055,Lindsley, Donald,24.0
17062001,N/A,Biogeochemical Mineralogical By-Products,MFE DIS-1 filtered 6-26-17 then frozen ,Ross, Laura,150.0
04103101,Multiple Oxides,Multiple Oxide,Spinel Br-08,Choi, Sung Hi,295.0
18020602,N/A,Biogeochemical Mineralogical By-Products,P. islandicum Lepidocrocite heat-no cells anoxically dried,Kashyap, Srishti,80.0
08112601,Anhydrous Sulfates Containing Hydroxyl or Halogen,Sulfate,Melanterite Brendt Hyde,King, Penny,295.0
l6197b,Sheets of Six-Membered Rings,Biotite,Holdaway Assm. 6 19-7 Biotite 5mil 8-8-91,Holdaway, Michael,295.0
07112902,Single-Width Unbranched Chains W=1,Pyroxene,Pyroxene, synthetic Wo50En25Fs25 039,Lindsley, Donald,4.0
15061901,N/A,Meteorite,Meteorite Murchison,Hibbitts, Karl,295.0
12073101,Multiple Oxides,Multiple Oxide,Spinel FeSp6_2,Cheek, Leah,295.0
16021503,N/A,Biogeochemical Mineralogical By-Products,Sully Su06 Dry Ferrihydrite FH 0B 2-12-16 ,Holden, Jim,295.0
07030802,Simple Oxides,Oxide,Magnetite BIF2 Australia,Li, Y.-L.,295.0
03020501,Sheets of Six-Membered Rings,Kaolinite-Serpentine,Antigorite JA-561,Bishop, Janice,295.0
06031301,Single-Width Unbranched Chains W=1,Pyroxene,Jadeite 7B Jade NMNH KB1010,Sorensen, Sorena,295.0
12051807,N/A,Industrial Samples,Coal fly ash 3% Fe coal devolatilized 800C,Fan, Maohong,250.0
xphs131,Six-Membered Rings,Tourmaline,Igneous Tourmaline HS#131955 Black Tourmaline 10mil 8-25-92,Dyar, Darby,295.0
15120901,N/A,Biogeochemical Mineralogical By-Products,Sully Test Wet Ferrihydrite FH B frozen,Sklute, Elizabeth,7.0
05102701,Insular SiO4 Groups Only,Olivine,Olivine, synthetic Fo20 Zhou,Lindsley, Donald,55.0
vm230d,Six-Membered Rings,Tourmaline,Yinnietharra #43230 Dravite Tourmaline .69 16mil 11-7-94,Dyar, Darby,295.0
ubmt49,Six-Membered Rings,Tourmaline,Blk.Mtn. Pegmatite BLKMTN-49 Tourmaline 46.54 14mil 10-6-94,Dyar, Darby,295.0
10010101,N/A,Biogeochemical Mineralogical By-Products,Islandicum grown on Fe Gel, dehydrate 1 11-17-09,Holden, Jim,75.0
10091401,N/A,Biogeochemical Mineralogical By-Products,Hyperthermus butylicus log growth 8-19-10 mounted dry,Holden, Jim,30.0
04082801,Insular SiO4 Groups Only,Olivine,Olivine, synthetic Fo40,Lindsley, Donald,120.0
04122701,Insular SiO4 Groups Only,Olivine,Olivine, synthetic Fo90 ,Lindsley, Donald,245.0
16042401,N/A,Glass,Glass, synthetic BLK+0,Cannon, Kevin,295.0
07033004,Single-Width Unbranched Chains W=1,Pyroxene,Pyroxene, synthetic Wo8En46Fs46 013,Lindsley, Donald,18.0
04081810,Simple Oxides,Oxide,Hematite, synthetic,Dyar, Darby,260.0
01092502,Simple Oxides,Oxide,Ilmenite MHC 742,Dyar, Darby,295.0
18021501,N/A,Terrestrial Samples,Lake Towuti sediment RS0527 Brown University,Sheppard, Rachel,295.0
07123103,Single-Width Unbranched Chains W=1,Pyroxene,Pyroxene, synthetic Wo30En28Fs42 068,Lindsley, Donald,8.0
12041604,Simple Oxides,Oxide,Hematite 763 7-9,Breves, Elly,4.0
07052704,Single-Width Unbranched Chains W=1,Pyroxene,Pyroxene, synthetic Wo20En64Fs16 017,Lindsley, Donald,200.0
16012001,N/A,Biogeochemical Mineralogical By-Products,Sully Dry Ferrihydrite FH 0B FROZEN,Holden, Jim,220.0
07043004,Single-Width Unbranched Chains W=1,Pyroxene,Pyroxene, synthetic En17Fs83C 024,Lindsley, Donald,24.0
19110401,N/A,weathered steel,OH 7701 993 #2,None,295.0
07032304,Sheets of Six-Membered Rings,Mica,Annite Cape Ann,Burns, Roger,60.0
15081204,N/A,Biogeochemical Mineralogical By-Products,Sully 7-15 Dry Ferrihydrite FH Control Final ,Holden, Jim,220.0
05010301,Anhydrous Sulfates Containing Hydroxyl or Halogen,Sulfate,Sulfate JB-632,Bishop, Janice,295.0
11030901,Simple Oxides,Oxide,Magnetite III.1 70nm,Nyiro-Kosa, Ilona,45.0
07011703,Hydrated Acid and Sulfates,Sulfate,Rhomboclase S85 Chile,Dyar, Darby,295.0
13070903,Sheets of Six-Membered Rings,Kaolinite-Serpentine,Serpentine CSWI 27-28 Shoe-A URI,Stander, Amy,295.0
07092302,Simple Oxides,Oxide,Ferrihydrite JA-499 Iceland,Bishop, Janice,100.0
15111901,Native Elements and Alloys,Metal,Fe foil  10 mm-s,n/a,7.0
dabm2,Single-Width Unbranched Chains W=1,Pyroxene,al Birk, AB-M2 93398-A augite,McGuire, Anne,295.0
11042801,Hydrated Phosphates, Arsenates, and Vanadates containing Hydroxyl or Halogen,Phosphate,Lazulite DD125,Dyar, Darby,295.0
01110501,N/A,Terrestrial Samples,Rock RS6-1-B,Brown, Laurie,295.0
11033006,Simple Oxides,Oxide,MaghemiteVI.4 12nm,Nyiro-Kosa, Ilona,60.0
20121501,Sheets of Six-Membered Rings,Talc,Gunter Talc #89 BRA_Bahia_mill,Gunter, Mickey,295.0
08010107,Single-Width Unbranched Chains W=1,Pyroxene,Pyroxene, synthetic Wo10En13.5Fs76.5 048,Lindsley, Donald,45.0
18020201,Anhydrous Borates,Phosphate,Vonsenite John Hughes,Dyar, Darby,220.0
07022001,Insular SiO4 Groups and O, OH, F, and H2O,Staurolite,Staurolite O-C-38,Guidotti, Charles,295.0
04030102,Insular SiO4 Groups Only,Olivine,Fayalite Rockport,Dyar, Darby,295.0
17060801,Hydroxides and Oxides Containing Hydroxyl,Biogeochemical Mineralogical By-Products,Geobacter Lepidocrocite heat-no cells, filtered then dried anaerobically 6-5-17,Valvur, Helena,4.0
10041301,Sheets of Six-Membered Rings,Mica,Mica, Ti-rich DH508B,Rider, Milan,295.0
ud222h,Single-Width Unbranched Chains W=1,Pyroxene,Dish Hill Cpx Dh-222 76.60 6mil 8-3-94,Dyar, Darby,295.0
ldl9hb,Double-Width Unbranched Chains W=2,Amphibole,Wilshire DL-9 Hornblende 11mil 9-20-91,Wilshire, Howard,295.0
edst03,Insular SiO4 Groups and O, OH, F, and H2O,Staurolite,Dutrow Staurolite FeLi-35-3 3mil 11-30-88,Dutrow, Barbara,295.0
13032202,N/A,Biogeochemical Mineralogical By-Products,Sully_3 10-02-12  ,Holden, Jim,12.0
15082001,N/A,Biogeochemical Mineralogical By-Products,Sully 7-15 Dry Ferrihydrite FH Control Initial ,Holden, Jim,150.0
07032201,Sheets of Six-Membered Rings,Mica,Annite Cape Ann,Burns, Roger,225.0
13071004,Sheets of Six-Membered Rings,Kaolinite-Serpentine,Serpentine McL_M81-313_329, A. URI,Stander, Amy,295.0
15080501,Insular SiO4 Groups Only,Olivine,Monticellite NMNH 13639 Italy not pure, one Fe phase,Dyar, Darby,295.0
19070401,N/A,Terrestrial Samples,Blood falls sample ES26 air dried sediment mostly sample,Mikucki, Jill,295.0
06081109,Double-Width Unbranched Chains W=2,Amphibole,Amphibole CM 1B,King, Penny,295.0
15110402,Native Elements and Alloys,Metal,Fe foil  10 mm-s,n/a,220.0
10103004,Simple Oxides,Oxide,Ferrihydrite, nanophase 1GOE 06-2008,Bosch, Julian,125.0
12060702,N/A,Terrestrial Samples,Halemaumau H10-9 interior 50 mg dry,McCanta, Molly,295.0
06100901,Single-Width Unbranched Chains W=1,Pyroxene,Diopside, shocked #3494,McCanta, Molly,295.0
08051003,Hydrated Acid and Sulfates,Sulfate,Voltaite Light (oil),Coleman, Max,295.0
07112501,Single-Width Unbranched Chains W=1,Pyroxene,Pyroxene, synthetic En80Fs20 005,Lindsley, Donald,225.0
09102701,N/A,Hydroxide,Ferrihydrite, Fe Gel, dehydrated,Holden, Jim,295.0
07053001,Single-Width Unbranched Chains W=1,Pyroxene,Pyroxene, synthetic Wo20En64Fs16 017,Lindsley, Donald,12.0
17062002,N/A,Biogeochemical Mineralogical By-Products,MFE DIS-1 filtered 6-26-17 then frozen ,Ross, Laura,220.0
07061201,Single-Width Unbranched Chains W=1,Pyroxene,Pyroxene, synthetic Wo10En45Fs45 009,Lindsley, Donald,200.0
jc12cu,Sheets of Six-Membered Rings,Mica,Earley Biotite, 12wt% CuSO4 solu 11mil 9-21-90,Earley, Drummond,295.0
12042302,Hydroxides and Oxides Containing Hydroxyl,Hydroxide,Goethite 83831 Bavaria,Dyar, Darby,4.0
08050101,Anhydrous Sulfates Containing Hydroxyl or Halogen,Alunite,Jarosite RP 0.4 Na 0.1K B,Dyar, Darby,295.0
ilm476,Sheets of Six-Membered Rings,Mica,Lee-Guidotti Muscovite 476 54mil 4-18-90,Guidotti, Charles,295.0
09100101,Insular SiO4 Groups Only,Olivine,Olivine, Meteorite Y984028 interior,Dyar, Darby,295.0
07121707,Single-Width Unbranched Chains W=1,Pyroxene,Pyroxene, synthetic Fs100 DL-CMP-061,Lindsley, Donald,200.0
11022702,Al-Si Frameworks,Feldspar,Feldspar, plagioclase PL-15,Cheek, Leah,24.0
v2ba17,Multiple Oxides,Multiple Oxide,Spinel Peridotite Ba-1-74 Spinel 43.99 14mil 1-30-95,McGuire, Anne,295.0
20111001,N/A,Terrestrial Samples,AK17 Lep heat + cells (1),Elizabeth Sklute,150.0
11070601,N/A,Industrial Samples,Coal Fly Ash Sample T Fe6+,Fan, Mahoung,30.0
11030304,Simple Oxides,Oxide,Magnetite I.1 12nm,Nyiro-Kosa, Ilona,175.0
07041903,Single-Width Unbranched Chains W=1,Pyroxene,Pyroxene, synthetic Wo20En20Fs20 055,Lindsley, Donald,150.0
13042001,Hydrated Sulfates Containing Hydroxyl or Halogen,Sulfate,Fibroferrite SPT 121,Cloutis, Edward,200.0
04040402,Anhydrous Sulfates Containing Hydroxyl or Halogen,Sulfate,Melanterite SPT 130,Cloutis, Edward,165.0
10121304,Simple Oxides,Oxide,Ferrihydrite, nanophase 1GOE 07-2010,Bosch, Julian,100.0
05102803,Insular SiO4 Groups Only,Olivine,Olivine, synthetic Fo20 Zhou,Lindsley, Donald,12.0
04012101,N/A,Fulgurite,Fulgurite CT tube with rock,Sheffer, Abigail,295.0
02040901,Al-Si Frameworks,Feldspar,Anorthite 57Fe Fe3+ ,Housely, Robert,275.0
04072803,Native Elements and Alloys,Metal,Fe foil  4 mm-s,n/a,20.0
09070901,Sheets of Six-Membered Rings,Kaolinite-Serpentine,Antigorite Tilly Foster Mine,Evans, Bernard,295.0
11082201,Hydrated Phosphates, Arsenates, and Vanadates containing Hydroxyl or Halogen,Phosphate,Beraunite ML-P42,Dyar, Darby,295.0
07061702,Single-Width Unbranched Chains W=1,Pyroxene,Pyroxene, synthetic Wo50En40Fs10 033,Lindsley, Donald,125.0
06121304,Sheets of Six-Membered Rings,Mica,Biotite mica-Fe CRPG Geostandard,Dyar, Darby,80.0
14120602,Simple Oxides,Oxide,Hematite MOD22_22 magnetic separates,McEnroe, Suzanne,295.0
c0520,Sheets of Six-Membered Rings,Mica,Guidotti Biotite 5-9-20-61 resep 2mil 6-2-88,Guidotti, Charles,295.0
17051601,N/A,Terrestrial Samples,Palagonite tuff HF-04 ,Farrand, Bill,300.0
15092901,N/A,Terrestrial Samples,Siltstone, sandy JL109-3B medium to fine,Li, June,295.0
15040201,N/A,Terrestrial Samples,Core U1425B 1-5-96 WHOI,Gosan, Liviu,250.0
03062408,Simple Oxides,Oxide,Hematite,Dyar, Darby,295.0
11030101,Al-Si Frameworks,Feldspar,Feldspar, plagioclase PL-15,Cheek, Leah,140.0
04070902,Anhydrous Sulfates Containing Hydroxyl or Halogen,Sulfate,Romerite SPT 110,Cloutis, Edward,295.0
g9op,Single-Width Unbranched Chains W=1,Pyroxene,S. Africa Gt Perid OPX Kb-12-9 8mil 8-22-89,McGuire, Anne,295.0
cr5766,Sheets of Six-Membered Rings,Mica,Guidotti Biotite Ra-a57-66 3mil 6-27-88,Guidotti, Charles,295.0
07012502,Hydrated Sulfates Containing Hydroxyl or Halogen,Sulfate,Paracoquimbite + Qz G2681-2 Calama, Chile,Dyar, Darby,295.0
pacdc1,Sheets of Six-Membered Rings,Chlorite,Harper 92 ACDC1 Chlorite 11mil 7-27-92,Harper, Greg,295.0
10110302,Simple Oxides,Oxide,Ferrihydrite, nanophase 1GOE 03-2010,Bosch, Julian,30.0
bs141g,Sheets of Six-Membered Rings,Mica,Sevigny Biotite 2mil 11-22-87,Sevigny, Jim,295.0
04102701,Double-Width Unbranched Chains W=2,Amphibole,Amphibole ON-D,Lupulescu, Marian,295.0
05111705,Insular SiO4 Groups Only,Olivine,Olivine, synthetic Fo80 Podpara,Lindsley, Donald,225.0
xuhp61t,Six-Membered Rings,Tourmaline,Harney Peak 6-1 Tourmaline 60.38 6mil 10-1-94,Dyar, Darby,295.0
08050902,Anhydrous Sulfates Containing Hydroxyl or Halogen,Sulfate,Melanterite, altered,Coleman, Max,295.0
09052201,Simple Oxides,Oxide,Wustite, synthetic CC too much Fe for M+ saturation,Lindsley, Donald,235.0
01102801,Simple Oxides,Oxide,Hemo-ilmenite 1012.01.1,McEnroe, Suzanne,295.0
12022004,Hydroxides and Oxides Containing Hydroxyl,Hydroxide,Goethite nanophase np-Gt A1,Tosca, Nick,80.0
12080701,Multiple Oxides,Multiple Oxide,Spinel FeSp6_9,Cheek, Leah,295.0
07041401,Single-Width Unbranched Chains W=1,Pyroxene,Pyroxene, synthetic Wo5En47.5Fs47.5 012,Lindsley, Donald,295.0
15081203,N/A,Biogeochemical Mineralogical By-Products,Sully 7-15 Dry Ferrihydrite FH Control Final ,Holden, Jim,150.0
k4654b,Sheets of Six-Membered Rings,Mica,Holdaway Assm. 4 65-4 Biotite 7mil 7-9-91,Holdaway, Michael,295.0
16021601,N/A,Biogeochemical Mineralogical By-Products,Sully Su06 Dry Ferrihydrite FH 0B 2-12-16 ,Holden, Jim,6.0
03080702,Simple Oxides,Oxide,Ferrihydrite, synthetic JB-46 (RBG-Sherman) <45mm ,Bishop, Janice,25.0
02061301,Hydrated Sulfates Containing Hydroxyl or Halogen,Sulfate,Fibroferrite SPT 121,Cloutis, Edward,295.0
07011001,Hydrated Phosphates, Arsenates, and Vanadates containing Hydroxyl or Halogen,Phosphate,Ferrolaueite dry,Segeler, Curt,295.0
06011503,Single-Width Unbranched Chains W=1,Pyroxene,Pyroxene, synthetic En75 Fs25A 022A,Lindsley, Donald,295.0
04103102,Multiple Oxides,Multiple Oxide,Spinel BE-05,Choi, Sung Hi,295.0
07061001,Single-Width Unbranched Chains W=1,Pyroxene,Pyroxene, synthetic Wo40En15Fs45 070,Lindsley, Donald,100.0
16050502,Simple Oxides,Oxide,Ferrihydrite, reacted FH-40-0-A,Dehouck, Eric,295.0
18032702,N/A,Terrestrial Samples,Lake Towuti sediment RS0099 Brown University,Sheppard, Rachel,130.0
16121401,Insular SiO4 Groups Only,Olivine,Olivine NMNH 85539,Bentley, Mark,295.0
jschca,Sheets of Six-Membered Rings,Chlorite,Saccocia Chlorite Cal-350-500 31mil 10-22-90,Saccocia, Peter,295.0
13122701,N/A,Glass,Glass, synthetic BAS-3 Air,McCanta, Molly,295.0
06080904,Double-Width Unbranched Chains W=2,Amphibole,Amphibole LC #3,Righter, Kevin,295.0
04110601,Multiple Oxides,Multiple Oxide,Spinel Br-11,Choi, Sung Hi,295.0
19051101,N/A,Terrestrial Samples,LWNV Trachybasalt DLR Dyar-Rutherford,Dyar, Darby,295.0
16080901,Sheets of Six-Membered Rings,Mica,Biotite 43A,Bucholz, Claire,295.0
18010802,N/A,Biogeochemical Mineralogical By-Products,P. delaneyi Akaganeite AKAG102315 heat-no cells annoxically dried,Kashyap, Srishti,220.0
20100101,N/A,Terrestrial Samples,AX17 Bioreduced Fh Heat + Cells (1A),Elizabeth Sklute,80.0
11031202,Simple Oxides,Oxide,Magnetite V.1 62nm,Nyiro-Kosa, Ilona,225.0
13031502,Hydrated Sulfates Containing Hydroxyl or Halogen,Sulfate,Amarantite G3775 Los Pintados, Chile,Dyar, Darby,100.0
pssa5h,Double-Width Unbranched Chains W=2,Amphibole,Cosca Sample SSA-5 HBL 9mil 8-4-92,Dyar, Darby,295.0
09031101,Sheets of Six-Membered Rings,Kaolinite-Serpentine,Antigorite Uehara A5,Evans, Bernard,295.0
08021701,Anhydrous Sulfates Containing Hydroxyl or Halogen,Alunite,Jarosite, synthetic K,Basciano, Laurel,295.0
15060802,N/A,Biogeochemical Mineralogical By-Products,Islandicum NaHCO3 buffer A final,Holden, Jim,295.0
20010202,N/A,Terrestrial Samples,DLR Pyrite,Dyar, Darby,295.0
16121902,Single-Width Unbranched Chains W=1,Pyroxene,Enstatite NMNH 97544 North Carolina Jackson Co. Webster,Dyar, Darby,295.0
04072914,Native Elements and Alloys,Metal,Fe foil  4 mm-s,n/a,255.0
11032502,Simple Oxides,Oxide,Maghemite VI.1 70nm,Nyiro-Kosa, Ilona,275.0
20062903,Sheets of Six-Membered Rings,Talc,Gunter Talc #109, USA_Johnson_Leslie, Univ. of Idaho,Gunter, Mickey,295.0
07042904,Single-Width Unbranched Chains W=1,Pyroxene,Pyroxene, synthetic En17Fs83C 024,Lindsley, Donald,200.0
07042901,Single-Width Unbranched Chains W=1,Pyroxene,Pyroxene, synthetic En17Fs83C 024,Lindsley, Donald,275.0
escspn,Multiple Oxides,Multiple Oxide,San Carlos, AZ Spinel Sc-1-1 5mil 11-1-88,McGuire, Anne,295.0
16111401,Insular SiO4 Groups Only,Olivine,Olivine KBH 94-23-E,Dyar, Darby,295.0
15112501,Simple Oxides,Oxide,Hematite, synthetic, nanophase, HEM100915,Sklute, Elizabeth,80.0
11071701,N/A,Industrial Samples,Coal Fly Ash FeOOH 25C,Fan, Maohoung,60.0
15061102,N/A,Biogeochemical Mineralogical By-Products,Islandicum NaHCO3 buffer control final,Holden, Jim,8
07122701,Single-Width Unbranched Chains W=1,Pyroxene,Pyroxene, synthetic Wo40En48Fs12 075,Lindsley, Donald,8
03080703,Simple Oxides,Oxide,Ferrihydrite, synthetic JB-46 (RBG-Sherman) <45mm ,Bishop, Janice,30
07022004,Insular SiO4 Groups Only,Garnet,Garnet 6-Ra-b53-66,Guidotti, Charles,295
07033101,Single-Width Unbranched Chains W=1,Pyroxene,Pyroxene, synthetic Wo5En66.5Fs28.5 015,Lindsley, Donald,295
07022401,Hydrated Phosphates, Arsenates, and Vanadates containing Hydroxyl or Halogen,Phosphate,Strunzite NH HMM 108175,Dyar, Darby,295
07092101,Simple Oxides,Oxide,Ferrihydrite JA-499 Iceland,Bishop, Janice,250
07062201,Single-Width Unbranched Chains W=1,Pyroxene,Pyroxene, synthetic Wo50En40Fs10 033,Lindsley, Donald,12
14112101,N/A,Terrestrial Samples,Core U1430A 8-1-145 WHOI,Gosan, Liviu,295
07041101,Single-Width Unbranched Chains W=1,Pyroxene,Pyroxene, synthetic Wo5En47.5Fs47.5 012,Lindsley, Donald,24
06080602,Anhydrous Sulfates Containing Hydroxyl or Halogen,Alunite,Jarosite, synthetic T8,Tosca, Nick,295
16051801,N/A,Terrestrial Samples,Ocean sediment 185 1149 4H1 87-89 125mm BU,Anderson, Chloe,295
v2vrs4,Single-Width Unbranched Chains W=1,Pyroxene,Smyth CPX SRV-4 32.23 10mil 4-12-95,McGuire, Anne,295
08012701,Al-Si Frameworks,Feldspar,Feldspar Bushveld B531,Tegnar, Christian,295
16112801,Sheets of Six-Membered Rings,Kaolinite-Serpentine,Kaolinite, shocked 35.6 GPa,Michalski, Joe,295
11051301,N/A,Glass,Glass, synthetic Gardner 1019A,Gardner, Jim,295
06090703,Hydrated Sulfates Containing Hydroxyl or Halogen,Sulfate,Butlerite w- Copiapite C5534,Dyar, Darby,295
07061301,Single-Width Unbranched Chains W=1,Pyroxene,Pyroxene, synthetic Wo10En45Fs45 009,Lindsley, Donald,45
07112406,Single-Width Unbranched Chains W=1,Pyroxene,Pyroxene, synthetic En80Fs20 003,Lindsley, Donald,275
19020101,N/A,Glass,McCanta Glass BHVO-2 IW-2 H082,McCanta, Molly,295
xujcm3t,Six-Membered Rings,Tourmaline,Jack Creek JC-3 Tourmaline 59.94 4mil 10-7-94,Dyar, Darby,295
05030401,Hydrated Acid and Sulfates,Sulfate,Coquimbite S63 Atacama, CA,Lane, Melissa,295
v2312s,Multiple Oxides,Multiple Oxide,Spinel Peridotite H312-1 Spinel 42.18 18mil 1-27-95,McGuire, Anne,295
05080702,Anhydrous Sulfates Containing Hydroxyl or Halogen,Alunite,Jarosite, synthetic 9B heated to 300C,Brophy, Gerald,295
11030502,Simple Oxides,Oxide,Magnetite III.1 70nm,Nyiro-Kosa, Ilona,295
07042805,Insular SiO4 Groups Only,Olivine,Olivine, synthetic Fo70 New,Lindsley, Donald,4
04120702,Insular SiO4 Groups Only,Olivine,Olivine, synthetic Fo30 ,Lindsley, Donald,95
05010401,Double-Width Unbranched Chains W=2,Amphibole,Amphibole PBM-9,Moore, Paulus,295
11062701,N/A,Glass,Glass, synthetic DD K2295 2,Dyar, Darby,295
h120_k,Double-Width Unbranched Chains W=2,Amphibole,Tony Law Holmquistite 120K,Law, Tony,120
03112401,Simple Oxides,Oxide,Ferrihydrite JB-564 Czech 5005-1,Bishop, Janice,40
05063001,Sheets of Six-Membered Rings,Chlorite,Chlorite CG-BG 4,Guidotti, Charles,295
lh681b,Sheets of Six-Membered Rings,Mica,Holdaway Assm. 6 8-1 Biotite 4mil 8-16-91,Holdaway, Michael,295
06072309,Anhydrous Sulfates Containing Hydroxyl or Halogen,Alunite,Jarosite, synthetic #5 Na.69H3O.31(Fe2.6Al.07),Tosca, Nick,295
07101102,N/A,Mixtures,Garnet standards mix (almandine and andradite),Dyar, Darby,275
02041601,Double-Width Unbranched Chains W=2,Amphibole,Holmquisite ,Law, Tony,40
ib1dol,Insular SiO4 Groups Only,Olivine,DH-101-D Olivine 15mil 4-5-90,McGuire, Anne,295
12040602,Simple Oxides,Oxide,Ilmenite 20724JB 9-06,Riner, Miriam,130
06080505,Anhydrous Sulfates Containing Hydroxyl or Halogen,Alunite,Jarosite, synthetic T9,Tosca, Nick,295
20100201,N/A,Terrestrial Samples,AX17 Bioreduced Fh Heat + Cells (1A),Elizabeth Sklute,150
10082301,N/A,Biogeochemical Mineralogical By-Products,Chimney Ba 08-2 4438 8-21-08,Holden, Jim,295
18090402,Double-Width Unbranched Chains W=2,Amphibole,Amphibole Tony Law 18-22,Dyar, Darby,295
c74a3,Sheets of Six-Membered Rings,Mica,Biotite Code 74 Argentina 30 mg RT,unknown,295
02112401,Sheets of Six-Membered Rings,Kaolinite-Serpentine,Antigorite JA-559,Bishop, Janice,295
07052003,Double-Width Unbranched Chains W=2,Amphibole,Kaersutite Fr-12,Dyar, Darby,225
07022803,Anhydrous Phosphates, Arsenates, and Vanadates containing Hydroxyl or Halogen,Phosphate,Kulanite MDD16 Stoneman Camp, Rapid Creek, Yukon, Canada,Dyar, Darby,295
04120102,Insular SiO4 Groups Only,Olivine,Olivine, synthetic Fo50 ,Menzies, Olywn,42
11030103,Simple Oxides,Oxide,Magnetite I.1 12nm,Nyiro-Kosa, Ilona,8
11120301,N/A,Fulgurite,Tektite T-5 Darwin Glass Australia,Nottke, Tony,295
18031701,N/A,Terrestrial Samples,Dolerite PRR-25633 interior,Salvatore, Mark,295
01081301,N/A,Terrestrial Samples,Basalt JB-461 G2 wet,Bishop, Janice,295
jhp39c,Single-Width Unbranched Chains W=1,Pyroxene,Harrell Orthopyroxene Ep-3-139C 38mil 9-30-90,McGuire, Anne,295
02061401,Anhydrous Sulfates Containing Hydroxyl or Halogen,Sulfate,Romerite SPT 122,Cloutis, Edward,295
07040706,Single-Width Unbranched Chains W=1,Pyroxene,Pyroxene, synthetic Wo10En63Fs27 010,Lindsley, Donald,60
06082404,Hydrated Acid and Sulfates,Sulfate,Kornelite R16185,Dyar, Darby,295
06122003,Sheets of Six-Membered Rings,Smectite,Montmorillonite Swa-1 JB-170,Bishop, Janice,275
06112401,Multiple Oxides,Oxide,Magnesionferrite MgFe2O4 #775,Parise, John,180
14012001,Sheets of Six-Membered Rings,Chlorite,Chlorite, shocked 25.2 GPa,Michalski, Joe,295
05111805,Insular SiO4 Groups Only,Olivine,Olivine, synthetic Fo80 Podpara,Lindsley, Donald,100
12013101,N/A,Terrestrial Samples,Sandstone PNF11_4,Schoonen, Martin,295
07043003,Single-Width Unbranched Chains W=1,Pyroxene,Pyroxene, synthetic En17Fs83C 024,Lindsley, Donald,30
06071802,Double-Width Unbranched Chains W=2,Amphibole,Amphibole LC #6,Righter, Kevin,295
09050802,Simple Oxides,Oxide,Wustite, synthetic D intermediate very slightly magnetic,Lindsley, Donald,200
04060502,Anhydrous Sulfates Containing Hydroxyl or Halogen,Sulfate,Romerite SPT 110,Cloutis, Edward,145
11071707,N/A,Industrial Samples,Coal Fly Ash FeOOH 25C,Fan, Maohoung,200
05082507,Anhydrous Sulfates Containing Hydroxyl or Halogen,Alunite,Jarosite, synthetic 2B heated to 300C,Brophy, Gerald,270
08120403,Hydrated Sulfates Containing Hydroxyl or Halogen,Sulfate,Copiapite heated 788 ,Bishop, Janice,295
15040602,N/A,Terrestrial Samples,Core U1422A 1-4-45 WHOI,Gosan, Liviu,250
07042502,Insular SiO4 Groups Only,Olivine,Olivine, synthetic Fo89.5 New,Lindsley, Donald,80
jgbc17,Sheets of Six-Membered Rings,Mica,Guidotti Biotite o-c-17 13mil 9-24-90,Guidotti, Charles,295
07122709,Single-Width Unbranched Chains W=1,Pyroxene,Pyroxene, synthetic Wo50En15Fs35 037,Lindsley, Donald,150
02080501,N/A,Meteorite,Meteorite ALHA 84001,359 whole rock,Dyar, Darby,295
05041901,N/A,Glass,Glass, space-weathered S665R,Noble, Sarah,295
07053101,Double-Width Unbranched Chains W=2,Amphibole,Kaersutite Fa-86-1,Dyar, Darby,225
00032902,Double-Width Unbranched Chains W=2,Amphibole,Dyar Grunerite 1-K   16K  V4 tk webresco  3-29-00,Grant, Christopher,16
13040402,Sulfides, including Selenides and Tellurides,Sulfite,Chalcopyrite CHA 101 Temegami, Ontario,Cloutis, Edward,45
17120801,Simple Oxides,Ilmenite,Geikielie Ilm10 #5 Brown U.,Tolke, Leif,300
04040202,Anhydrous Sulfates Containing Hydroxyl or Halogen,Sulfate,Melanterite SPT 130,Cloutis, Edward,30
20101401,N/A,Terrestrial Samples,AX17 Bioreduced Fh no Heat no Cells (3A),Elizabeth Sklute,4
ed6466,Sheets of Six-Membered Rings,Mica,Guidotti Chlorite Ra-d64-66 3mil 1-26-89,Guidotti, Charles,295
00032906,Double-Width Unbranched Chains W=2,Amphibole,Dyar Grunerite 1-K   40K  V4 tk webresco 3-29-00,Grant, Christopher,40
07042908,Single-Width Unbranched Chains W=1,Pyroxene,Pyroxene, synthetic En17Fs83C 024,Lindsley, Donald,100
07050502,Single-Width Unbranched Chains W=1,Pyroxene,Pyroxene, synthetic Wo30En49Fs21 067,Lindsley, Donald,250
11071504,N/A,Industrial Samples,Coal Fly Ash FeOOH 25C,Fan, Maohoung,12
ich139,Sheets of Six-Membered Rings,Kaolinite-Serpentine,O'Hanley C139 Antigorite 48mil 4-23-90,O'Hanley, David,295
03102201,N/A,Mixtures,Hematite -- Ilmenite KI-2193 Mix #3,Bishop, Janice,220
11042002,Anhydrous Normal Phosphates, Arsenates, and Vanadates,Phosphate,Maghagendorfite DD237,Dyar, Darby,295
11081605,N/A,Meteorite,Meteorite Y791198,Howard, Kieran,295
04072806,Native Elements and Alloys,Metal,Fe foil  4 mm-s,n/a,65
06072204,Anhydrous Sulfates Containing Hydroxyl or Halogen,Alunite,Jarosite, synthetic T15 NaFe2Al,Tosca, Nick,295
15121801,N/A,Biogeochemical Mineralogical By-Products,Sully Test Dry Ferrihydrite FH B frozen,Holden, Jim,250
ihw26a,Sheets of Six-Membered Rings,Kaolinite-Serpentine,O'Hanley W26a Lizardite 136mil 5-22-90,O'Hanley, David,295
11060801,N/A,Terrestrial Samples,Oil sand, MC<2,Osacky, Marek,295
qraa69,Sheets of Six-Membered Rings,Mica,Muscovite RA-A69-66 45mil 11-16-92,Munoz, Jim,295
03063001,Simple Oxides,Oxide,Hematite, synthetic ,Dyar, Darby,50
10111803,N/A,Biogeochemical Mineralogical By-Products,Islandicum inoculated 11-08-2010,Holden, Jim,12
18090901,Double-Width Unbranched Chains W=2,Amphibole,Amphibole Tony Law A14,Dyar, Darby,295
04112102,Insular SiO4 Groups Only,Olivine,Olivine, synthetic Fo70,Menzies, Olywn,195
06072401,Anhydrous Sulfates Containing Hydroxyl or Halogen,Alunite,Jarosite, synthetic T13 (K0Na1H3O0)(Fe0.5Al2.5),Tosca, Nick,295
10020201,Sheets of Six-Membered Rings,Kaolinite-Serpentine,Antigorite BM 1966,500,Evans, Bernard,295
08010702,N/A,Meteorite,Meteorite Johnstown,Berlanga, Genesis,295
05042801,Simple Oxides,Oxide,Hematite UT00-10A Int Mars,Chan, Marjorie,295
06031801,Single-Width Unbranched Chains W=1,Pyroxene,Jadeite 8D NMNH KBIOJSS,Sorensen, Sorena,295
ubmt33,Six-Membered Rings,Tourmaline,Blk. Mtn. Pegmatite BLKMTN-33 Tourmaline 51.11 1mil 9-12-94,Dyar, Darby,295
12022601,N/A,Biogeochemical Mineralogical By-Products,Roane-Sully 1, Fe gel media uninoculated + unincubated, prepared Dec 2011,Holden, Jim,130
11061501,Simple Oxides,Oxide,Ferrihydrite HFO Douthat Bridge Water Column,Estes, Emily,12
07032402,Sheets of Six-Membered Rings,Mica,Annite Cape Ann,Burns, Roger,30
16120901,Insular SiO4 Groups Only,Olivine,Olivine 90613 Utteawig,Dyar, Darby,295
07041208,Single-Width Unbranched Chains W=1,Pyroxene,Pyroxene, synthetic Wo10En36Fs54 011,Lindsley, Donald,60
11011501,Anhydrous Sulfates Containing Hydroxyl or Halogen,Alunite,Jarosite, synthetic orange dry,Loiselle, Liane,295
11030302,Simple Oxides,Oxide,Magnetite I.1 12nm,Nyiro-Kosa, Ilona,125
11122002,Anhydrous Carbonates,Carbonate,Siderite Brendt Hyde,King, Penny,4
03111201,Simple Oxides,Oxide,Ilmenite KI-2193,Morse, S.A.,295
07032902,Single-Width Unbranched Chains W=1,Pyroxene,Pyroxene, synthetic Wo8En46Fs46 013,Lindsley, Donald,175
v2xm37,Insular SiO4 Groups Only,Garnet,Smyth Garnet XM37 79.61 3mil 4-2-95,Smyth, Joe,295
07022602,Anhydrous Normal Phosphates, Arsenates, and Vanadates,Phosphate,Alluaudite P40 Helen Beryl Mine, Custer Co, SD,Dyar, Darby,295
02011201,Double-Width Unbranched Chains W=2,Amphibole,Amphibole 10% Fe CaFe05 FR3,Jenkins, David,80
04113001,Insular SiO4 Groups Only,Olivine,Olivine, synthetic Fo50 ,Menzies, Olywn,95
07030904,Simple Oxides,Oxide,Magnetite TOR39F,Li, Y.-L.,295
uhp21t,Six-Membered Rings,Tourmaline,Harney Peak 2-1 Tourmaline 44.42 23mil 10-15-94,Dyar, Darby,295
07021201,Sheets of Six-Membered Rings,Chlorite,Clinochlore West Chester, PA,Dyar, Darby,45
17112901,Simple Oxides,Ilmenite,Ilmenite Ilm100_3 #12 Alpha Aesar Brown U.,Tolke, Leif,300
04120502,Insular SiO4 Groups Only,Olivine,Olivine, synthetic Fo30 ,Lindsley, Donald,35
05111501,Insular SiO4 Groups Only,Olivine,Olivine, synthetic Fo70 Hartzman,Lindsley, Donald,125
11063002,N/A,Industrial Samples,Coal Fly Ash Sample M Fe6+,Fan, Mahoung,125
07121708,Single-Width Unbranched Chains W=1,Pyroxene,Pyroxene, synthetic Fs100 DL-CMP-061,Lindsley, Donald,175
s2exp3,Sheets of Six-Membered Rings,Mica,Earley Biotite 3 9mil 9-28-93,Earley, Drummond,295
05121306,Insular SiO4 Groups Only,Olivine,Fayalite, synthetic Fo0,Lindsley, Donald,225
15112302,Hydroxides and Oxides Containing Hydroxyl,Hydroxide,Akaganeite, synthetic, nanophase AKAG102315,Sklute, Elizabeth,295
pjc91c,Insular, Mixed, Single, and Larger Tetrahedral Groups,Pumpellyite,Harper LJC-91C Pump.&Chl. Pumpellyosite 29mil 7-31-92,Harper, Greg,295
07012902,Hydrated Sulfates Containing Hydroxyl or Halogen,Sulfate,Zincocopiapite G3637 Muricia, Spain,Dyar, Darby,295
xurut18,Six-Membered Rings,Tourmaline,Melamorphic Ru-T18-92 Tourmaline 45.93 14mil 10-11-94,Dyar, Darby,295
15062502,N/A,Biogeochemical Mineralogical By-Products,Islandicum KPO4 buffer A final,Holden, Jim,80
10060901,N/A,Mixtures,Forsterite -- Nontronite 50:50 mix JB-961,Bishop, Janice,295
07032901,Single-Width Unbranched Chains W=1,Pyroxene,Pyroxene, synthetic Wo8En46Fs46 013,Lindsley, Donald,200
09100901,Sheets of Six-Membered Rings,Mica,Glaucophane Guatemala,Jenkins, David,295
ny35ha,Double-Width Unbranched Chains W=2,Amphibole,Harper Blue Amphibole Y-35 24mil 6-2-92,unknown,295
06121507,Sheets of Six-Membered Rings,Mica,Glauconite Hurricane Mountain, NH,Dyar, Darby,30
11031002,Simple Oxides,Oxide,Magnetite III.1 70nm,Nyiro-Kosa, Ilona,8
07040303,Single-Width Unbranched Chains W=1,Pyroxene,Pyroxene, synthetic Wo5En66.5Fs28.5 015,Lindsley, Donald,45
15030401,N/A,Terrestrial Samples,Core V1425B 3-6-45 WHOI,Gosan, Liviu,80
15082603,N/A,Biogeochemical Mineralogical By-Products,Islandicum 8-15 Wet Ferrihydrite FH Control Final,Holden, Jim,220
12050902,N/A,Biogeochemical Mineralogical By-Products,Chimney Dante ALV 4441 9-1-08,Holden, Jim,200
04061703,Hydrated Acid and Sulfates,Sulfate,Rozenite JB-626-B Iron Mountain <125mm,Dyar, Darby,170
02062101,Anhydrous Sulfates Containing Hydroxyl or Halogen,Sulfate,Halotrichite SPT 132,Cloutis, Edward,295
02020701,Al-Si Frameworks,Feldspar,Anorthite Fe2+ ,Housely, Robert,145
16010301,N/A,Biogeochemical Mineralogical By-Products,Sully Wet Ferrihydrite FH 0B FROZEN,Holden, Jim,220
18011303,N/A,Biogeochemical Mineralogical By-Products,P. delaneyi Lepidocrocite no heat- no cells anoxically dried,Kashyap, Srishti,220
h115_k,Al-Si Frameworks,Feldspar,Housely Fe2+ Anorthite,Housely, Robert,295
uhs66t,Six-Membered Rings,Tourmaline,Elbanite HS#112566 Pure Tourmaline 97.54 3mil 9-17-94,Dyar, Darby,295
20111901,N/A,Terrestrial Samples,AK17 Lep heat + no cells (3a),Elizabeth Sklute,150
02080201,N/A,Meteorite,Meteorite Nakhla SNC whole rock,Dyar, Darby,295
06092701,Sheets of Six-Membered Rings,Chlorite,Chlorite CG-BG-3,Guidotti, Charles,295
11072705,Hydrated Phosphates, Arsenates, and Vanadates containing Hydroxyl or Halogen,Phosphate,Vivianite DD312,Dyar, Darby,295
11090401,N/A,Terrestrial Samples,Sandstone, Moenkopi B,Schoonen, Martin,295
07120601,Insular SiO4 Groups Only,Garnet,Garnet, almandine AK-97-2B Barton Mine, Pit 2, metagabbro, Gore Mountain, NY,Dyar, Darby,295
pc864h,Double-Width Unbranched Chains W=2,Amphibole,Cosca Sample MIN86-4 HB 15mil 8-10-92,Dyar, Darby,295
05101106,Native Elements and Alloys,Metal,Fe foil  12 mm-s,n/a,205
ilb428,Sheets of Six-Membered Rings,Mica,Lee-Guidotti Biotite 428 22mil 2-18-90,Guidotti, Charles,295
04053101,Simple Oxides,Oxide,Ferrihydrite, synthetic JB-409,Bishop, Janice,150
02042801,Double-Width Unbranched Chains W=2,Amphibole,Holmquisite ,Law, Tony,180
07112602,Single-Width Unbranched Chains W=1,Pyroxene,Pyroxene, synthetic En80Fs20 015,Lindsley, Donald,24
05121102,Insular SiO4 Groups Only,Olivine,Olivine, synthetic Fo10,Lindsley, Donald,150
07120210,Single-Width Unbranched Chains W=1,Pyroxene,Pyroxene, synthetic En70Fs30 SynPx 026A,Lindsley, Donald,24
07050407,Single-Width Unbranched Chains W=1,Pyroxene,Pyroxene, synthetic En40Fs60 with metal blebs 005A ,Lindsley, Donald,12
04061502,Hydrated Acid and Sulfates,Sulfate,Rozenite JB-626-B Iron Mountain <125mm,Dyar, Darby,45
hba2ol,Insular SiO4 Groups Only,Olivine,Dish Hill,CA OL Ba-2-1 A-2 2mil 10-5-89,McGuire, Anne,295
05121103,Insular SiO4 Groups Only,Olivine,Olivine, synthetic Fo10,Lindsley, Donald,125
18080901,Single-Width Unbranched Chains W=1,Pyroxene,Pyroxene Ep-3.72 opx,Dyar, Darby,295
s210bt,Sheets of Six-Membered Rings,Mica,Barnes Biotite FPC-10 10mil 10-29-93,Zhou, Fuxing,295
15021402,Double-Width Unbranched Chains W=2,Amphibole,Hastingsite HAST-3-3 Fe-rich end membe,Jenkins, David,295
13052801,N/A,Biogeochemical Mineralogical By-Products,Chimney, Cauldron (Hot Harold) cd-08 4450,Holden, Jim,4
19041701,N/A,Industrial Samples,Ferric Hydroxide Med Chem,Williams, Simon,4
08051001,N/A,Terrestrial Samples,Iron Mt Unknown,Coleman, Max,295
04051601,N/A,Terrestrial Samples,Basalt JB-394-A Haleakala,Bishop, Janice,295
11101301,N/A,Terrestrial Samples,Sandstone, Caspian Sea PNF 10-5, grey ss, no acetone,Schoonen, Martin,295
19012801,N/A,Glass,McCanta Glass Ap15c IW-2 J061,McCanta, Molly,295
13060601,Sheets of Six-Membered Rings,Kaolinite-Serpentine,Serpentine MLC QV1-140 Tserpmud-B URI,Stander, Amy,295
06091901,Simple Oxides,Oxide,Ferrihydrite 6nm,Michel, F. Marc,295
d104gt,Insular SiO4 Groups Only,Garnet,Hunt valley Garnet HV104 1mil 7-9-88,Lang, Helen,295
20111802,N/A,Terrestrial Samples,AK17 Lep heat + no cells (3a),Elizabeth Sklute,80
05082404,Anhydrous Sulfates Containing Hydroxyl or Halogen,Alunite,Jarosite, synthetic 2B heated to 300C,Brophy, Gerald,25
06121209,Sheets of Six-Membered Rings,Mica,Biotite mica-Fe CRPG Geostandard,Dyar, Darby,175
07122907,Single-Width Unbranched Chains W=1,Pyroxene,Pyroxene, synthetic Wo30En28Fs42 068,Lindsley, Donald,175
05110303,Insular SiO4 Groups Only,Olivine,Olivine, synthetic Fa10.5,Nabalek, Peter,25
11063001,N/A,Industrial Samples,Coal Fly Ash Sample M Fe6+,Fan, Mahoung,150
15041804,Simple Oxides,Oxide,Ferrihydrite, synthetic test (freeze dried),Sklute, Elizabeth,295
07091101,Double-Width Unbranched Chains W=2,Amphibole,Amphibole 84-BR,Dyar, Darby,4
jg9721,Sheets of Six-Membered Rings,Mica,Guidotti Biotite 9-7-21-60 sosp(?) 28mil 11-8-90,Guidotti, Charles,295
ltmhbl,Double-Width Unbranched Chains W=2,Amphibole,Wilshire Tm Hornblende 9mil 9-5-91,Wilshire, Howard,295
07112303,Single-Width Unbranched Chains W=1,Pyroxene,Pyroxene, synthetic Wo10En72Fs18 018,Lindsley, Donald,45
07120108,Single-Width Unbranched Chains W=1,Pyroxene,Pyroxene, synthetic En70Fs30 SynPx 026A,Lindsley, Donald,250
17031801,Insular SiO4 Groups Only,Olivine,Montticellite NMNH 13639, Italy, whole sample not pure but maybe only one Fe bearing phase,Dyar, Darby,60
07060202,Double-Width Unbranched Chains W=2,Amphibole,Kaersutite Fa-86-1,Dyar, Darby,24
07081701,N/A,Glass,Glass, synthetic NNO-3_dPt Basalt,Dufresne, Celeste,295
00032904,Double-Width Unbranched Chains W=2,Amphibole,Dyar Grunerite 1-K   60K  V4 tk webresco 3-29-00,Grant, Christopher,60
05081301,N/A,Meteorite,Meteorite 2737 NWA whole rock >125mm,Pieters, Carle,295
17120701,Simple Oxides,Ilmenite,Ilmenite Ilm 20 #6 Brown U.,Tolke, Leif,300
h300_k,Al-Si Frameworks,Feldspar,Houlsey 300,Housely, Robert,300
05082413,Anhydrous Sulfates Containing Hydroxyl or Halogen,Alunite,Jarosite, synthetic 2B heated to 300C,Brophy, Gerald,75
07113003,Single-Width Unbranched Chains W=1,Pyroxene,Pyroxene, synthetic Wo20En56Fs24 019,Lindsley, Donald,125
05030601,Hydrated Acid and Sulfates,Sulfate,Coquimbite R76C1,Dyar, Darby,295
20042001,Sheets of Six-Membered Rings,Talc,Gunter Talc #16, CHI_Guangxi_G1_89, Univ. of Idaho,Gunter, Mickey,295
07122106,Single-Width Unbranched Chains W=1,Pyroxene,Pyroxene, synthetic Wo10Fs90 088,Lindsley, Donald,60
05110601,Insular SiO4 Groups Only,Olivine,Olivine, synthetic Fo50,Lindsley, Donald,293
15112202,Hydroxides and Oxides Containing Hydroxyl,Hydroxide,Akaganeite, synthetic, nanophase AKAG102315,Sklute, Elizabeth,80
18042001,N/A,Biogeochemical Mineralogical By-Products,P. delaneyi Ferrihydrite heat + cells anoxically dried ,Kashyap, Srishti,150
xuhs66t,Six-Membered Rings,Tourmaline,Elbanite HS#112566 Pure Tourmaline 97.54 3mil 9-17-94,Dyar, Darby,295
05111001,Insular SiO4 Groups Only,Olivine,Olivine, synthetic Fo50,Lindsley, Donald,20
04091701,Double-Width Unbranched Chains W=2,Amphibole,Amphibole Gore Mountain unshocked,Minitti, Michelle,295
07020901,Sheets of Six-Membered Rings,Chlorite,Clinochlore West Chester, PA,Dyar, Darby,150
11031203,Simple Oxides,Oxide,Magnetite V.1 62nm,Nyiro-Kosa, Ilona,200
08121201,Hydrated Sulfates Containing Hydroxyl or Halogen,Sulfate,Copiapite MAC-7 JB-837,Bishop, Janice,295
ba1466g,N/A,Terrestrial Samples,(STU) Heavies Ra-a14-66 1mil 12-4-87,Guidotti, Charles,295
03071803,Simple Oxides,Oxide,Ferrihydrite 96214 Smedley's Iron Mine ,Dyar, Darby,90
07052903,Single-Width Unbranched Chains W=1,Pyroxene,Pyroxene, synthetic Wo20En64Fs16 017,Lindsley, Donald,24
07052001,Double-Width Unbranched Chains W=2,Amphibole,Kaersutite Fr-12,Dyar, Darby,275
07042104,Single-Width Unbranched Chains W=1,Pyroxene,Pyroxene, synthetic Wo50En0Fs50,Lindsley, Donald,200
11072605,Hydrated Phosphates, Arsenates, and Vanadates containing Hydroxyl or Halogen,Phosphate,Vivianite DD171,Dyar, Darby,295
06111801,Sheets of Six-Membered Rings,Mica,Zinnwaldite ZW-C,Dyar, Darby,295
02081401,Sheets of Six-Membered Rings,Kaolinite-Serpentine,Serpentine SRP 117,Cloutis, Edward,295
07122404,Single-Width Unbranched Chains W=1,Pyroxene,Pyroxene, Synthetic Wo20Fs80 SynPx087 ,Lindsley, Donald,80
psp52k,Single-Width Unbranched Chains W=1,Pyroxene,Spinel Peridotite Ki-5-52 CPX 64mil 7-7-92,McGuire, Anne,295
w2fsh1,N/A,Industrial Samples,91916 Fly Ash 52.29 12mil 6-3-95,unknown,295
02080701,N/A,Meteorite,Meteorite LA USNM 7058 whole rock,Dyar, Darby,295
18082501,Single-Width Unbranched Chains W=1,Pyroxene,Pyroxene Ep-3-72 cpx,Dyar, Darby,295
04120902,Insular SiO4 Groups Only,Olivine,Olivine, synthetic Fo30 ,Lindsley, Donald,195
10101101,N/A,Terrestrial Samples,Sandstone South Timbalier sample 8 Unreacted,Schoonen, Martin,295
19010701,N/A,Glass,McCanta Glass PDCV-4 IW Shasta,McCanta, Molly,295
11101001,N/A,Terrestrial Samples,Sandstone PNF-9-9 (4) altered,Schoonen, Martin,295
05120504,Insular SiO4 Groups Only,Olivine,Olivine, synthetic Fo40 Zhou,Lindsley, Donald,100
06040701,Double-Width Unbranched Chains W=2,Amphibole,Amphibole HP-5 Hopi 2,King, Penny,295
20110901,N/A,Terrestrial Samples,AK17 Lep heat + cells (1),Elizabeth Sklute,80
15021301,Double-Width Unbranched Chains W=2,Amphibole,Ferro-pargasite amphibole FEPG1-6,Jenkins, David,295
15072902,Insular SiO4 Groups Only,Olivine,Olivine KI-4143 Fo38.8 Kiglapait,Dyar, Darby,295
gstf80,Insular SiO4 Groups and O, OH, F, and H2O,Staurolite,Rice Staurolite Fe80-1 21500 0mil 8-13-89,Rice, Jack,295
t2485n,Double-Width Unbranched Chains W=2,Amphibole,Goodge Hornblende 24-85 15mil 2-13-94,Goodge, John,295
15041607,Simple Oxides,Oxide,Hematite, synthetic, nanophase HEM022015,Sklute, Elizabeth,220-150
04120602,Insular SiO4 Groups Only,Olivine,Olivine, synthetic Fo30 ,Lindsley, Donald,60
18030601,N/A,Terrestrial Samples,Dolerite PRR - 36150 surface,Salvatore, Mark,295
07121507,Single-Width Unbranched Chains W=1,Pyroxene,Pyroxene, synthetic En30Fs70 SynPx 023,Lindsley, Donald,200
07112005,Single-Width Unbranched Chains W=1,Pyroxene,Pyroxene, synthetic Wo50En0Fs50 083,Lindsley, Donald,24
uhs108,Six-Membered Rings,Tourmaline,Harvard Sample #108796 Black Tourmaline 67.67 2mil 9-11-94,Dyar, Darby,295
05062701,Sheets of Six-Membered Rings,Chlorite,Chlorite CG-BG 4,Guidotti, Charles,295
05110201,Insular SiO4 Groups Only,Olivine,Olivine, synthetic Fa10.5,Nabalek, Peter,100
ib1csp,Multiple Oxides,Multiple Oxide,DH-101-C Spinel Dish Hill 12mil 7-4-90,McGuire, Anne,295
08021601,Anhydrous Sulfates Containing Hydroxyl or Halogen,Alunite,Jarosite, Na-jarosite Queens,Basciano, Laurel,295
19070601,N/A,Terrestrial Samples,Blood falls sample ES27 air dried sediment mostly sample,Mikucki, Jill,150
06010701,Single-Width Unbranched Chains W=1,Pyroxene,Pyroxene, shocked 3501,McCanta, Molly,295
04021101,Six-Membered Rings,Beryl,Beryl, blue #38,Groat, Lee,295
07121304,Single-Width Unbranched Chains W=1,Pyroxene,Pyroxene, synthetic Wo40En24Fs36 071,Lindsley, Donald,200
11041501,N/A,Glass,Glass, experimental Pin-Dac C-CO-CO2 Pinatubo Dacite Bell,Bell, Aaron,295
k5237m,Sheets of Six-Membered Rings,Mica,Holdaway Assm. 5 23-7 Muscovite 36mil 7-22-91,Holdaway, Michael,295
07101401,N/A,Mixtures,Garnet standards mix (almandine and andradite),Dyar, Darby,80
12050803,N/A,Biogeochemical Mineralogical By-Products,Chimney Dante ALV 4441 9-1-08,Holden, Jim,80
12052001,Hydroxides and Oxides Containing Hydroxyl,Hydroxide,Schwertmannite, synthetic JB-131 <125mm,Bishop, Janice,295
13062803,Sheets of Six-Membered Rings,Kaolinite-Serpentine,Serpentine CSWI 28a clay A URI,Stander, Amy,295
08010401,Single-Width Unbranched Chains W=1,Pyroxene,Pyroxene, synthetic Wo50En20Fs 036,Lindsley, Donald,295
04070803,Anhydrous Sulfates Containing Hydroxyl or Halogen,Sulfate,Romerite SPT 110,Cloutis, Edward,245
h110_k,Al-Si Frameworks,Feldspar,Housely Anorthite Fe3+ 110K,Housely, Robert,110
dbaspn,Multiple Oxides,Multiple Oxide,Spinel Megacryst Ba-M1 1mil 9-5-88,McGuire, Anne,295
05122101,N/A,Meteorite,Meteorite DKPR-1 magnetic <2 mg,Kennedy, Justin,295
07111401,Single-Width Unbranched Chains W=1,Pyroxene,Pyroxene, synthetic En90 Fs10GDL-CMP-065,Lindsley, Donald,200
18100901,N/A,Terrestrial Samples,Lake Towuti Sediment RS0250 Brown University,Sheppard, Rachel,295
jhr19b,Sheets of Six-Membered Rings,Chlorite,Harper Epidocite(?) R19b 3mil 1-17-91,Harper, Greg,295
09031601,Sheets of Six-Membered Rings,Kaolinite-Serpentine,Antigorite Tilly Foster Mine,Evans, Bernard,295
15090104,N/A,Biogeochemical Mineralogical By-Products,Islandicum 8-15 Dry Ferrihydrite FH Initial Control,Holden, Jim,220
16100401,Hydroxides and Oxides Containing Hydroxyl,Hydroxide,Lepidocrocite, synthetic, nanophase LEP052616 freeze dried,Sklute, Elizabeth,295
nze89b,N/A,Terrestrial Samples,Zhou E89 Biotite+Olivine 12mil 4-22-92,Zhou, Fuxing,295
07040804,Single-Width Unbranched Chains W=1,Pyroxene,Pyroxene, synthetic Wo10En63Fs27 010,Lindsley, Donald,18
13072301,N/A,Glass,Glass, synthetic AND-5 QFM,McCanta, Molly,295
fshv14,Insular SiO4 Groups and O, OH, F, and H2O,Staurolite,Hunt Valley Staurolite HV104 2mil 2-18-89,Lang, Helen,295
05050901,Simple Oxides,Oxide,Hematite UT97037 Jes Mars,Chan, Marjorie,295
05102705,Insular SiO4 Groups Only,Olivine,Olivine, synthetic Fo20 Zhou,Lindsley, Donald,45
10112701,Native Elements and Alloys,Industrial Samples,Steel X,Gupta, Ratnesh,295
11030902,Simple Oxides,Oxide,Magnetite III.1 70nm,Nyiro-Kosa, Ilona,30
07101403,N/A,Mixtures,Garnet standards mix (almandine and andradite),Dyar, Darby,45
10071501,Simple Oxides,Oxide,Ilmenite MHC 6119, Waterford, MA,Dyar, Darby,295
20080501,Sheets of Six-Membered Rings,clay,Montmorillonite 113,Dyar, Darby,295
04072909,Native Elements and Alloys,Metal,Fe foil  4 mm-s,n/a,230
aab5366,Sheets of Six-Membered Rings,Mica,Guidotti Biotite Ra-a53-66 1mil 10-9-87,Guidotti, Charles,295
15050802,Simple Oxides,Oxide,Ilmenite 711,unkwn,295
18050201,Insular SiO4 Groups Only,Olivine,Olivine San Carlos ,Dyar, Darby,300
07031902,Simple Oxides,Oxide,Ilmenite 20724jb 9-06 Riner2,Riner, Miriam,295
18062601,N/A,Biogeochemical Mineralogical By-Products,Ice Mamba M1-3 Blood Falls culture, live cell, no carbon source, ferrihydrite, anoxically dried ,Mickuchi, Jill,295
03042701,N/A,Glass,Glass, synthetic MSNJ-24,McCanta, Mollly,295
e104bt,Sheets of Six-Membered Rings,Mica,Hunt Valley Biotite HV-104 2mil 1-1-89,Lang, Helen,295
m114hb,Double-Width Unbranched Chains W=2,Amphibole,USNM #114856.0006 Eifel Vol.Field Hornblende 15mil 11-7-91,Wilshire, Howard,295
jlm569,Sheets of Six-Membered Rings,Mica,Lee-Guidotti Muscovite 569 72mil 8-3-90,Guidotti, Charles,295
11060101,N/A,Fulgurite,Fulgurite T1 Egypt,Nottke, Tony,295
07070301,Sheets of Six-Membered Rings,Pyrophyllite-Talc,Talc FTA-16-R1 J.C.C 7-10-06,Jenkins, David,295
07110402,N/A,Meteorite,Meteorite eucrite experiment 1200º RD2-3,Elkinton, Hannah,295
10100901,N/A,Terrestrial Samples,Sandstone Moenkopi sample 1 PNF_1_2,Schoonen, Martin,295
06052701,N/A,Fulgurite,Fulgurite Mount Ararat NMNH52093 country rock,Sheffer, Abigail,295
11121802,N/A,Biogeochemical Mineralogical By-Products,Chimney EG09-1-2 "outside" dried,Holden, Jim,4
06072306,Anhydrous Sulfates Containing Hydroxyl or Halogen,Alunite,Jarosite, synthetic T16 (K0.5Na0H3O0.5)(Fe3Al0),Tosca, Nick,295
07042108,Single-Width Unbranched Chains W=1,Pyroxene,Pyroxene, synthetic Wo50En0Fs50,Lindsley, Donald,100
10082402,Hydroxides and Oxides Containing Hydroxyl,Hydroxide,Goethite, nanophase C1 07-20-10 m.08-23-10,Tosca, Nick,256
17030801,Insular SiO4 Groups Only,Olivine,Montticellite NMNH 13639, Italy, whole sample not pure but maybe only one Fe bearing phase,Dyar, Darby,8
21021801,N/A,Terrestrial Samples,AX17 grown on Lepidocrocite 1 heat + cells,Elizabeth Sklute,4
07042505,Insular SiO4 Groups Only,Olivine,Olivine, synthetic Fo89.5 New,Lindsley, Donald,30
fba1sp,Multiple Oxides,Multiple Oxide,Dish Hill Ba-2-1 Slab A-1 Spinel 1mil 5-17-89,McGuire, Anne,295
01092901,Al-Si Frameworks,Feldspar,Feldspar Bushveld 3T21-b P1,Tegnar, Christian,295
09062401,Sheets of Six-Membered Rings,Kaolinite-Serpentine,Antigorite ATG 75-34,Evans, Bernard,295
07102201,Insular SiO4 Groups Only,Garnet,Garnet HRM-1,Hofmeister, Anne,295
06013001,Single-Width Unbranched Chains W=1,Pyroxene,Pyroxene, shocked 350,McCanta, Molly,295
16110201,N/A,Terrestrial Samples,Ocean sediment 185-1149 04H1 87-89 bulk BU,Anderson, Chloe,295
04040302,Anhydrous Sulfates Containing Hydroxyl or Halogen,Sulfate,Melanterite SPT 130,Cloutis, Edward,75
07060201,Double-Width Unbranched Chains W=2,Amphibole,Kaersutite Fa-86-1,Dyar, Darby,30
11071301,N/A,Biogeochemical Mineralogical By-Products,Roane July 2011, inoculated + incubated 92C 100h,Holden, Jim,80
04081907,Simple Oxides,Oxide,Hematite, synthetic,Dyar, Darby,190
11030703,Simple Oxides,Oxide,Magnetite III.1 70nm,Nyiro-Kosa, Ilona,125
07123101,Single-Width Unbranched Chains W=1,Pyroxene,Pyroxene, synthetic Wo30En28Fs42 068,Lindsley, Donald,18
09110503,N/A,Biogeochemical Mineralogical By-Products,Islandicum inoculated,Holden, Jim,150
18091202,Double-Width Unbranched Chains W=2,Amphibole,Amphibole Tony Law 2B,Dyar, Darby,295
16123101,Single-Width Unbranched Chains W=1,Pyroxene,Clinopyroxene GK-7 Green Knobs, NM,Dyar, Darby,295
11100401,N/A,Terrestrial Samples,Dolerite MS10_BV_10_int Beacon Valley, Antarctica no acetone,Salvatore, Mark,295
06121308,Sheets of Six-Membered Rings,Mica,Biotite mica-Fe CRPG Geostandard,Dyar, Darby,24
18031001,N/A,Terrestrial Samples,Dolerite PRR-26957 surface,Salvatore, Mark,295
11083002,N/A,Meteorite,Meteorite ALHA 81002,Howard, Kieren,295
03050301,Al-Si Frameworks,Feldspar,Feldspar Bushveld BS16,Tegner, Christian,295
11042101,Hydrated Phosphates, Arsenates, and Vanadates containing Hydroxyl or Halogen,Phosphate,Eosphorite DD161,Dyar, Darby,295
11121602,N/A,Biogeochemical Mineralogical By-Products,Chimney EG09-2 "inside" dried,Holden, Jim,200
04112602,Insular SiO4 Groups Only,Olivine,Olivine, synthetic Fo50,Menzies, Olywn,220
19041802,N/A,Industrial Samples,Ferric Citrate JC23685005,Williams, Simon,295
06110103,Hydrated Acid and Sulfates,Sulfate,Voltaite 137958,Dyar, Darby,295
14010801,N/A,Glass,Glass, synthetic BAA-2 IW,McCanta, Molly,295
03081003,Simple Oxides,Oxide,Ferrihydrite, synthetic JB-46 (RBG-Sherman) <45mm ,Bishop, Janice,35
10110201,Simple Oxides,Oxide,Ferrihydrite, nanophase 1GOE 03-2010,Bosch, Julian,175
16040501,N/A,Terrestrial Samples,Ocean sediment 165 1149 11h5 81-83 >63mm BU,Anderson, Chloe,295
18010701,N/A,Biogeochemical Mineralogical By-Products,P. delaneyi Akaganeite AKAG102315 heat-no cells annoxically dried,Kashyap, Srishti,4
05101502,Anhydrous Sulfates Containing Hydroxyl or Halogen,Alunite,Jarosite Schiffman 9100402,Harding, Sherie,295
15070801,N/A,Biogeochemical Mineralogical By-Products,Islandicum KPO4 buffer control initial,Holden, Jim,6
18123101,N/A,n/a,S6256R space weathered glass,Sarah Noble,295
15062403,N/A,Biogeochemical Mineralogical By-Products,Islandicum KPO4 buffer A final,Holden, Jim,295
10042601,Al-Si Frameworks,Feldspar,Feldspar, labradorite,Glotch, Tim,295
19091501,Double-Width Unbranched Chains W=2,Amphibole,Hastingsite Ps Buff-1,Jenkins, David,295
07120405,Single-Width Unbranched Chains W=1,Pyroxene,Pyroxene, synthetic Wo30En35Fs35 073,Lindsley, Donald,100
ph1260,Six-Membered Rings,Tourmaline,Igneous Tourmaline HS#126022 Black Tourmaline 10mil 8-26-92,Dyar, Darby,295
10102803,Simple Oxides,Oxide,Ferrihydrite, nanophase 1GOE 06-2008,Bosch, Julian,18
qe6cub,Sheets of Six-Membered Rings,Mica,Earley Biotite 6. Cu Biotite 6mil 10-18-92,Earley, Drummond,295
02020501,Al-Si Frameworks,Feldspar,Anorthite Fe2+ ,Housely, Robert,130
19061701,N/A,Glass,Sarah Noble SG25.4R,Noble, Sarah,295
05010501,N/A,Meteorite,Meteorite MIL 03346,49 SNC whole rock,Dyar, Darby,295
19010702,N/A,Glass,McCanta Glass PDCV-2 QFM AP 17 O,McCanta, Molly,295
04081811,Simple Oxides,Oxide,Hematite, synthetic,Dyar, Darby,255
03062802,Simple Oxides,Oxide,Hematite, synthetic ,Dyar, Darby,20
11042102,Hydrated Normal Phosphates, Arsenates, and Vanadates,Phosphate,Phosphoferrite DD271,Dyar, Darby,295
13031402,Hydrated Sulfates Containing Hydroxyl or Halogen,Sulfate,Amarantite G3775 Los Pintados, Chile,Dyar, Darby,30
h230_k,Double-Width Unbranched Chains W=2,Amphibole,Tony Law Holmquistite 230K,Law, Tony,230
11030204,Simple Oxides,Oxide,Magnetite I.1 12nm,Nyiro-Kosa, Ilona,45
h50_k,Al-Si Frameworks,Feldspar,Housely Fe2+ Anorthite 50K,Housely, Robert,50
18053001,N/A,Industrial Samples,Kan Li #3,Li, Kan,295
07122903,Single-Width Unbranched Chains W=1,Pyroxene,Pyroxene, synthetic Wo30En28Fs42 068,Lindsley, Donald,275
04120101,Insular SiO4 Groups Only,Olivine,Olivine, synthetic Fo50 ,Menzies, Olywn,60
l1d95c,Sheets of Six-Membered Rings,Chlorite,Guidotti Chlorite zone 1 Ra-d95-66 9mil 10-14-91,Guidotti, Charles,295
14090601,N/A,Glass,Glass, synthetic AND-1 CO2,McCanta, Molly,295
16050203,Simple Oxides,Oxide,Ferrihydrite, reacted FH-150-0-A,Dehouck, Eric,295
07032903,Single-Width Unbranched Chains W=1,Pyroxene,Pyroxene, synthetic Wo8En46Fs46 013,Lindsley, Donald,150
05112106,Insular SiO4 Groups Only,Olivine,Olivine, synthetic Fo60 Hartzman,Lindsley, Donald,100
04082008,Simple Oxides,Oxide,Hematite, synthetic,Dyar, Darby,12
18062802,N/A,Biogeochemical Mineralogical By-Products,Ice Mamba M1-1 Blood Falls culture, no cells, ferrihydrite, anoxically dried ,Mickuchi, Jill,220
13032903,N/A,Biogeochemical Mineralogical By-Products,Sully_3 10-02-12  ,Holden, Jim,200
psp30s,Insular SiO4 Groups Only,Olivine,Spinel Peridotite H366-30 Spinel 17mil 8-18-92,McGuire, Anne,295
dabm3,Single-Width Unbranched Chains W=1,Pyroxene,al Birk, AB-M3 augite 8-12-88,McGuire, Anne,295
07041303,Single-Width Unbranched Chains W=1,Pyroxene,Pyroxene, synthetic Wo10En36Fs54 011,Lindsley, Donald,18
usp790,Insular SiO4 Groups Only,Olivine,Spinel Perid. H279-12 Olivine 67.03 9mil 9-10-94,McGuire, Anne,295
15052802,N/A,Meteorite,Meteorite QUE 99038,17,Hibbitts, Karl,295
11011201,N/A,Glass,Glass, synthetic Gardner 914,Gardner, Jim,295
12090501,Sheets of Six-Membered Rings,Clay,Clay Turtle Pits,Michalski, Joe,295
07101501,N/A,Mixtures,Garnet standards mix (almandine and andradite),Dyar, Darby,30
05092001,N/A,Glass,Glass, space-weathered S62.5R,Noble, Sarah,295
20051402,Sheets of Six-Membered Rings,Talc,Gunter Talc #39, USA_TX_Llano, Univ. of Idaho,Gunter, Mickey,295
12040403,Simple Oxides,Oxide,Ilmenite 20724JB 1-05,Riner, Miriam,4
12022501,N/A,Biogeochemical Mineralogical By-Products,Roane-Sully 1, Fe gel media uninoculated + unincubated, prepared Dec 2011,Holden, Jim,4
07090803,Double-Width Unbranched Chains W=2,Amphibole,Amphibole 84-BR,Dyar, Darby,45
07121403,Single-Width Unbranched Chains W=1,Pyroxene,Pyroxene, synthetic Wo40En24Fs36 071,Lindsley, Donald,60
10111604,N/A,Biogeochemical Mineralogical By-Products,Islandicum inoculated 11-08-2010,Holden, Jim,150
10121601,Simple Oxides,Oxide,Ferrihydrite, nanophase 1GOE 07-2010,Bosch, Julian,4
07120403,Single-Width Unbranched Chains W=1,Pyroxene,Pyroxene, synthetic Wo30En35Fs35 073,Lindsley, Donald,150
05010701,Single-Width Unbranched Chains W=1,Pyroxene,Clinopyroxene, Meteorite MIL 03346,49 SNC,Dyar, Darby,295
19011601,N/A,Glass,McCanta Glass PDCV-3 QFM Shasta basaltic andesite,McCanta, Molly,295
05102102,Hydrated Sulfates Containing Hydroxyl or Halogen,Sulfate,Copiapite SPT 125 dry,Cloutis, Edward,12
06080802,Double-Width Unbranched Chains W=2,Amphibole,Amphibole Soda Springs #1,King, Penny,295
08043001,Anhydrous Sulfates Containing Hydroxyl or Halogen,Alunite,Jarosite RP Na Jarosite (A),Dyar, Darby,295
13062701,Sheets of Six-Membered Rings,Kaolinite-Serpentine,Serpentine, PHL_PB_2_Grn, A. URI,Stander, Amy,295
06071601,Single-Width Unbranched Chains W=1,Pyroxene,Pyroxene, shocked MPX-8,McCanta, Molly,295
06120403,Sheets of Six-Membered Rings,Chlorite,Chlorite, clinochlore West Chester PA,Dyar, Darby,295
06101803,Anhydrous Sulfates Containing Hydroxyl or Halogen,Alunite,Jarosite, synthetic 12 H3O1Fe2.5Al1.5 Tosca,Tosca, Nick,295
10091205,N/A,Biogeochemical Mineralogical By-Products,Hyperthermus butylicus log growth 8-19-10 mounted dry,Holden, Jim,94
19013101,N/A,Glass,McCanta Glass Gusev IW-2 H081,McCanta, Molly,295
20093001,N/A,Terrestrial Samples,AX17 Bioreduced Fh Heat + Cells (1A),Elizabeth Sklute,4
12020604,Hydrated Acid and Sulfates,Sulfate,Szomolnokite ML-S103,Lane, Melissa,295
kd330b,Sheets of Six-Membered Rings,Mica,Holdaway Assemblage 5 D-330 Biotite 5mil 4-4-91,Holdaway, Michael,295
04083104,Insular SiO4 Groups Only,Olivine,Olivine, synthetic Fo20,Lindsley, Donald,120
lsc151,Insular SiO4 Groups Only,Olivine,San Carlos Olivine sc151 1.75a 17mil 8-22-91,McGuire, Anne,295
07040501,Single-Width Unbranched Chains W=1,Pyroxene,Pyroxene, synthetic Wo5En66.5Fs28.5 015,Lindsley, Donald,12
07022604,Compound Phosphates, Arsenates, and Vanadates,Phosphate,Bukovskyite S104 Czech Republic,Dyar, Darby,295
k4941b,Sheets of Six-Membered Rings,Mica,Holdaway Assm. 4 94-1 Biotite 5mil 7-4-91,Holdaway, Michael,295
kzz1bi,Sheets of Six-Membered Rings,Mica,Zhou Z1 Biotite 8mil 6-15-91,Zhou, Fuxing,295
05111504,Insular SiO4 Groups Only,Olivine,Olivine, synthetic Fo70 Hartzman,Lindsley, Donald,55
13112901,N/A,Glass,Glass, synthetic BAA-1 IW,McCanta, Molly,295
18042802,N/A,Biogeochemical Mineralogical By-Products,P. Islandicum Ferrihydrite heat + cells anoxically dried ,Kashyap, Srishti,80
13091402,N/A,Miscellaneous,Green Tea B 1Fe:2GT disc mount,Oakes, Jacqueline,140
04020701,Six-Membered Rings,Beryl,Beryl, blue #36,Groat, Lee,295
10042603,Simple Oxides,Biogeochemical Mineralogical By-Products,Islandicum, anaerobically dried,Holden, Jim,4
11012801,Hydrated Phosphates, Arsenates, and Vanadates containing Hydroxyl or Halogen,Phosphate,Whiteite DD329,Dyar, Darby,295
07041803,Single-Width Unbranched Chains W=1,Pyroxene,Pyroxene, synthetic En8Fs92A 021A,Lindsley, Donald,4
02080901,N/A,Meteorite,Meteorite Zagami USNM 6545 whole rock,Dyar, Darby,295
jhc39a,Single-Width Unbranched Chains W=1,Pyroxene,Harrell Clinopyroxene Ep-3-139A 39mil 10-3-90,McGuire, Anne,295
14071201,N/A,Glass,Glass, synthetic BAS-1 CO2,McCanta, Molly,295
15042203,Simple Oxides,Oxide,Ferrihydrite, synthetic air dried 2-3-15,Sklute, Elizabeth,150
16121701,Insular SiO4 Groups Only,Olivine,Olivine NMNH 90025, Babson Farm Quarry,Dyar, Darby,295
08070905,Anhydrous Sulfates Containing Hydroxyl or Halogen,Alunite,Jarosite, synthetic 1.0Na (40Fe) exch. 12-19-06 (S),Basciano, Laurel,295
01102701,Simple Oxides,Oxide,Hemo-Ilmenite 0301-2,McEnroe, Suzanne,295
08052901,Si2O7 with Additional O, H, F and H2O,Axinite,Axinite IZ-229,Oyman, Tolga,295
10090302,Hydroxides and Oxides Containing Hydroxyl,Hydroxide,Goethite, nanophase C1 07-20-10 m.08-23-10,Tosca, Nick,9
08121002,Simple Oxides,Mixtures,Ferrihydrite -- Nontronite 75:25 mix JB-JLB-805,Bishop, Janice,295
17071003,N/A,Biogeochemical Mineralogical By-Products,J2675 SC6B extra material collected 3-28-13 filtered 6-16-17 stored in freezer,Ross, Laura,220
04110502,Multiple Oxides,Multiple Oxide,Spinel Br-02,Choi, Sung Hi,295
klit1b,Sheets of Six-Membered Rings,Mica,Litchfield Biotite 14mil 5-9-91,Guidotti, Charles,295
15082702,N/A,Biogeochemical Mineralogical By-Products,Islandicum 8-15 Wet Ferrihydrite FH Control Final,Holden, Jim,80
16100201,Hydroxides and Oxides Containing Hydroxyl,Hydroxide,Lepidocrocite, synthetic, nanophase LEP052616 freeze dried,Sklute, Elizabeth,150
10111702,N/A,Biogeochemical Mineralogical By-Products,Islandicum inoculated 11-08-2010,Holden, Jim,45
06120901,Sheets of Six-Membered Rings,Mica,Zinnwaldite ZW-C GIT-IWG,Dyar, Darby,250
11011002,Anhydrous Sulfates Containing Hydroxyl or Halogen,Alunite,Jarosite, synthetic pink dry,Loiselle, Liane,295
pspb5x,Single-Width Unbranched Chains W=1,Pyroxene,Spinel Peridotite H30-b5 OPX 13mil 6-25-92,McGuire, Anne,295
17010401,N/A,Terrestrial Samples,Rhyolite PEL 1846 Seiser Alm, Italy,Helbert, Joern,295
07090502,Double-Width Unbranched Chains W=2,Amphibole,Amphibole 84-BR,Dyar, Darby,225
09051602,Simple Oxides,Oxide,Wustite, synthetic A Fe-saturated,Lindsley, Donald,215
hlm501,Sheets of Six-Membered Rings,Mica,Lee-Guidotti Muscovite 501 79mil 1-20-90,Guidotti, Charles,295
14030301,Sheets of Six-Membered Rings,Kaolinite-Serpentine,Serpentine, shocked 28.9 GPa,Michalski, Joe,295
05111901,Insular SiO4 Groups Only,Olivine,Olivine, synthetic Fo80 Podpara,Lindsley, Donald,55
03072702,Simple Oxides,Oxide,Hematite, specular 83421 Westphalia ,Dyar, Darby,70
05081103,Anhydrous Sulfates Containing Hydroxyl or Halogen,Alunite,Jarosite, synthetic 5V heated to 248C,Brophy, Gerald,295
12020801,Sheets of Six-Membered Rings,Smectite,Smectite SCB-TX-9 1st separate,Harding, Sherie,295
06060701,Simple Oxides,Oxide,Magnetite M3,Li, Y.-L.,295
psp330,Single-Width Unbranched Chains W=1,Pyroxene,Spinel Peridotite H366-30 CPX 45mil 6-29-92,McGuire, Anne,295
18020604,N/A,Biogeochemical Mineralogical By-Products,P. islandicum Lepidocrocite heat-no cells anoxically dried,Kashyap, Srishti,220
16120201,Single-Width Unbranched Chains W=1,Pyroxene,Clinopyroxene KBH-94-15 Kilbourne Hole, NM,Dyar, Darby,295
11032801,Simple Oxides,Oxide,Maghemite VI.2 100nm,Nyiro-Kosa, Ilona,175
13082601,Anhydrous Phosphates, Arsenates, and Vanadates containing Hydroxyl or Halogen,Phosphate,Althausite DD113,Dyar, Darby,295
07051301,Single-Width Unbranched Chains W=1,Pyroxene,Pyroxene, synthetic Wo40En30Fs30 079,Lindsley, Donald,45
cm213,Sheets of Six-Membered Rings,Mica,Sarambi MIca M162-213' 2mil 4-19-88,unknown,295
06091601,Hydrated Acid and Sulfates,Sulfate,Ilesite w-coating 123277,Dyar, Darby,295
07120302,Single-Width Unbranched Chains W=1,Pyroxene,Pyroxene, synthetic En70Fs30 SynPx 026A,Lindsley, Donald,8
18012904,Anhydrous Borates,Phosphate,Vonsenite John Hughes,Dyar, Darby,295
12020901,Sheets of Six-Membered Rings,Smectite,Smectite SCB-5c 1st separate,Harding, Sherie,295
13031303,Hydrated Sulfates Containing Hydroxyl or Halogen,Sulfate,Amarantite G3775 Los Pintados, Chile,Dyar, Darby,12
18042602,N/A,Biogeochemical Mineralogical By-Products,P. Islandicum Ferrihydrite no heat-no cells anoxically dried ,Kashyap, Srishti,150
10091301,N/A,Biogeochemical Mineralogical By-Products,Hyperthermus butylicus log growth 8-19-10 mounted dry,Holden, Jim,76
01080401,N/A,Terrestrial Samples,Basalt JB-447 GI dry repeat,Bishop, Janice,295
11010602,Anhydrous Sulfates Containing Hydroxyl or Halogen,Alunite,Jarosite, synthetic white dry,Loiselle, Liane,295
traa65,Insular SiO4 Groups Only,Garnet,Guidotti Garnet 4-Ra-a65-66 43mil 4-7-94,Guidotti, Charles,295
w2fsh6,N/A,Industrial Samples,91966 Fly Ash 78.56 12mil 6-5-95,unknown,295
07031901,Simple Oxides,Oxide,Ilmenite 20724jb Riner1 ,Riner, Miriam,295
07040403,Single-Width Unbranched Chains W=1,Pyroxene,Pyroxene, synthetic Wo5En66.5Fs28.5 015,Lindsley, Donald,18
01101801,Al-Si Frameworks,Feldspar,Anorthite Fe2+,Housely, Robert,295
08122202,N/A,Mixtures,Magnetite JB-JLB-764 Aldrich,Bishop, Janice,295
12022801,Hydroxides and Oxides Containing Hydroxyl,Hydroxide,Lepidocrocite Zuikmentelel Silesia HMM 81159,Dyar, Darby,80
19050201,N/A,Terrestrial Samples,Rainier andesite DLR Dyar-McCanta,Dyar, Darby,295
11031703,Simple Oxides,Oxide,Magnetite V.2,Nyiro-Kosa, Ilona,8
aaa6566,Sheets of Six-Membered Rings,Mica,Guidotti Biotite Ra-a65-66 1mil 9-30-87,Guidotti, Charles,295
12011101,N/A,Biogeochemical Mineralogical By-Products,Sully_3 inoculated + incubated at 92C until stationary phase  ,Holden, Jim,295
11081602,N/A,Meteorite,Meteorite QUE 93005,Howard, Kieran,295
05031601,Hydrated Acid and Sulfates,Sulfate,Szomolnokite DD100,Dyar, Darby,295
15032203,N/A,Biogeochemical Mineralogical By-Products,Sully March innoculation time point 6, series A no acetone,Holden, Jim,295
10110202,Simple Oxides,Oxide,Ferrihydrite, nanophase 1GOE 03-2010,Bosch, Julian,150
06120601,Sheets of Six-Membered Rings,Chlorite,Chlorite, clinochlore West Chester PA,Dyar, Darby,150
13041602,Hydrated Acid and Sulfates,Sulfate,Coquimbite G2677,Dyar, Darby,200
03022501,Single-Width Unbranched Chains W=1,Pyroxene,Pyroxene, Meteorite ALAH 77005 dark,Dyar, Darby,295
17010601,N/A,Terrestrial Samples,Glass PEL 1804 Newberry Volcano rhyolite ,Helbert, Joern,295
11030802,Simple Oxides,Oxide,Magnetite III.1 70nm,Nyiro-Kosa, Ilona,80
19091001,Double-Width Unbranched Chains W=2,Amphibole,Hastingsite Er-700s,Jenkins, David,295
04051301,Sheets of Six-Membered Rings,Kaolinite-Serpentine,Antigorite JA-559,Bishop, Janice,150
08112501,Six-Membered Rings,Tourmaline,Schorl JOH Johanngeorgenstadt,Ertl, Andreas,295
18040301,N/A,Terrestrial Samples,Lake Towuti Sediment RS0270 Brown University,Sheppard, Rachel,4
05021501,Double-Width Unbranched Chains W=2,Amphibole,Amphibole, potassichastingsite,Lupulescu, Marian,295
08011501,Al-Si Frameworks,Feldspar,Feldspar Bushveld B51,Tegnar, Christian,295
07051902,Double-Width Unbranched Chains W=2,Amphibole,Kaersutite Tm,Dyar, Darby,12
08081101,Hydrated Acid and Sulfates,Sulfate,Romerite G2677,Dyar, Darby,295
06121702,Sheets of Six-Membered Rings,Smectite,Nontronite Sampor smectite JB-175 ,Bishop, Janice,150
11062803,N/A,Industrial Samples,Coal Fly Ash Sample M Fe6+,Fan, Mahoung,295
06100101,Hydrated Acid and Sulfates,Sulfate,Metavoltine VZO 114,Dyar, Darby,295
13070901,Sheets of Six-Membered Rings,Kaolinite-Serpentine,Serpentine, PHL_PB_4, A. URI,Stander, Amy,295
07050205,Single-Width Unbranched Chains W=1,Pyroxene,Pyroxene, synthetic Wo10En22.5Fs67.5 053,Lindsley, Donald,4
xph256,Six-Membered Rings,Tourmaline,Igneous Tourmaline HS#2356 Black Tourmaline 18mil 8-27-92,Dyar, Darby,295
05100302,Anhydrous Sulfates Containing Hydroxyl or Halogen,Sulfate,Romerite SPT 110 dry,Cloutis, Edward,225
18090601,Double-Width Unbranched Chains W=2,Amphibole,Amphibole Tony Law 001-1,Dyar, Darby,295
12011201,N/A,Biogeochemical Mineralogical By-Products,Sully_4 inoculated + incubated at 92C for 100h past stationary phase  ,Holden, Jim,80
l6631b,Sheets of Six-Membered Rings,Biotite,Holdaway Assm. 6 63-1 Biotite 4mil 8-13-91,Holdaway, Michael,295
15070803,N/A,Biogeochemical Mineralogical By-Products,Islandicum Pipes buffer control time point 0,Holden, Jim,220
03102402,N/A,Mixtures,Ferrihydrite -- Magnetite Balmont Mix #4,Bishop, Janice,245
07121805,Single-Width Unbranched Chains W=1,Pyroxene,Pyroxene, synthetic Fs100 DL-CMP-061,Lindsley, Donald,30
pt1135,Sheets of Six-Membered Rings,Mica,Zhou T113-5 Annite 5mil 7-18-92,Zhou, Fuxing,295
18012901,N/A,Biogeochemical Mineralogical By-Products,P. islandicum Akaganeite heat-no cells anoxically dried,Kashyap, Srishti,295
05080803,Anhydrous Sulfates Containing Hydroxyl or Halogen,Alunite,Jarosite, synthetic 12B heated to 300C,Brophy, Gerald,295
15042401,Simple Oxides,Oxide,Maghemite, synthetic, nanophase MAGH041415,Sklute, Elizabeth,220-295
d68b,Sheets of Six-Membered Rings,Mica,Grover Biotite BB-68-B 2mil 7-7-88,Grover, Timothy,295
07042706,Insular SiO4 Groups Only,Olivine,Olivine, synthetic Fo70 New,Lindsley, Donald,100
k8687m,Sheets of Six-Membered Rings,Mica,Guidotti 8' 6-8-7-63 Muscovite 29mil 7-3-91,Guidotti, Charles,295
11031603,Simple Oxides,Oxide,Magnetite V.1 62nm,Nyiro-Kosa, Ilona,8
s251bt,Sheets of Six-Membered Rings,Mica,Guidotti Biotite 82-51 Songo 17mil 10-10-93,Guidotti, Charles,295
10011203,N/A,Terrestrial Samples,Basalt Mid-Atlantic Ridge 246-1,Reynolds, Valerie,295
10040101,Hydrated Phosphates, Arsenates, and Vanadates containing Hydroxyl or Halogen,Phosphate,Dufrenite DD157,Dyar, Darby,295
12071201,N/A,Terrestrial Samples,Halemaumau H10-2,McCanta, Molly,295
07022301,Insular SiO4 Groups and O, OH, F, and H2O,Staurolite,Staurolite O-C-35,Guidotti, Charles,295
18082201,Single-Width Unbranched Chains W=1,Pyroxene,Pyroxene GRA 95209,276,Dyar, Darby,295
03081302,Simple Oxides,Oxide,Ferrihydrite, synthetic JB-46 (RBG-Sherman) <45mm ,Bishop, Janice,160
q5811d,Sheets of Six-Membered Rings,Mica,Guidotti Muscovite 5-8-11-59 zone 9 40mil 1-30-93,Guidotti, Charles,295
04030501,Insular SiO4 Groups Only,Olivine,Forsterite standard H131929,Dyar, Darby,15
07121205,Single-Width Unbranched Chains W=1,Pyroxene,Pyroxene, synthetic Wo20En32Fs48 057,Lindsley, Donald,8
12012301,N/A,Terrestrial Samples,Sandstone PNF11_1,Schoonen, Martin,295
15012901,Simple Oxides,Oxide,Magnetite K=I Kiirunavaara high phosphorous MUN,Hanchar, John,295
15070102,N/A,Biogeochemical Mineralogical By-Products,Islandicum Pipes buffer time point 4 run A,Holden, Jim,80
04110701,Sheets of Six-Membered Rings,Mica,Biotite Michigan SG-10,Dyar, Darby,295
15110201,N/A,Terrestrial Samples,Ocean sediment 185 1149 16H3 116-118 >125mm,Anderson, Chloe,295
11072604,Hydrated Phosphates, Arsenates, and Vanadates containing Hydroxyl or Halogen,Phosphate,Whitmoreite DD335,Dyar, Darby,295
14122401,Single-Width Unbranched Chains W=1,Pyroxene,Diopside 38-63mm Co2 Dosed @120k Heated @ 623k,Izenberg, Noam,295
04041201,Insular SiO4 Groups Only,Olivine,Fayalite, synthetic Fe0,Menzies, Olwyn,295
04120601,Insular SiO4 Groups Only,Olivine,Olivine, synthetic Fo30 ,Lindsley, Donald,45
13063001,Sheets of Six-Membered Rings,Kaolinite-Serpentine,Serpentine CSWI 28a clay B URI,Stander, Amy,295
07112101,Single-Width Unbranched Chains W=1,Pyroxene,Pyroxene, synthetic Wo50En0Fs50 083,Lindsley, Donald,4
05121001,Insular SiO4 Groups Only,Olivine,Olivine, synthetic Fo10,Lindsley, Donald,293
13051504,N/A,Miscellaneous,Green Tea 1Fe:5GT mounted dry,Oakes, Jacqueline,4
06080501,Anhydrous Sulfates Containing Hydroxyl or Halogen,Alunite,Jarosite, synthetic T14,Tosca, Nick,295
15012804,Simple Oxides,Oxide,Magnetite ELL-14-03 El Laco ore MUN,Hanchar, John,295
05080401,Anhydrous Sulfates Containing Hydroxyl or Halogen,Alunite,Jarosite, synthetic 1B heated to 300C,Brophy, Gerald,295
eftbl5,Six-Membered Rings,Tourmaline,Foit Tourmaline BL5 3mil 12-21-88,Foit, Nick,295
12042502,Simple Oxides,Oxide,Magnetite GS152 H2-N2 headgas,Li, Y.-L.,295
20012001,Sheets of Six-Membered Rings,Talc,Gunter Talc #5, AUS_ThreeSprings, Univ. of Idaho,Gunter, Mickey,295
12040603,Simple Oxides,Oxide,Ilmenite 20724JB 9-06,Riner, Miriam,200
06041101,N/A,Fulgurite,Fulgurite Monahans TX sand MSI,Sheffer, Abigail,295
jhr18a,Sheets of Six-Membered Rings,Chlorite,Harper 75D(?) R18a 4mil 1-16-91,Harper, Greg,295
xub47bl,Six-Membered Rings,Tourmaline,Blk.Mtn. Pegmatite Black BMT-47 Tourmaline 52.73 7mil 9-25-94,Dyar, Darby,295
t1086b,Double-Width Unbranched Chains W=2,Amphibole,Goodge Hornblende 10-86 12mil 2-20-94,Goodge, John,295
16111601,Insular SiO4 Groups Only,Olivine,Olivine KBH 94-23-B,Dyar, Darby,295
04121101,Insular SiO4 Groups Only,Olivine,Olivine, synthetic Fo30 ,Lindsley, Donald,245
05121003,Insular SiO4 Groups Only,Olivine,Olivine, synthetic Fo10,Lindsley, Donald,250
10010901,N/A,Biogeochemical Mineralogical By-Products,Islandicum grown on Fe Gel, dehydrate 1 11-17-09,Holden, Jim,12
13070701,Insular SiO4 Groups Only,Multiple Oxide,Spinel Fo2sp_03 Brown U.,Cheek, Leah,295
jh111g,Multiple Oxides,Multiple Oxide,H111989 Gahnite 22mil 3-18-91,McGuire, Anne,295
20052501,Sheets of Six-Membered Rings,Talc,Gunter Talc #54, Canada_Ontario_Madoc_170, Univ. of Idaho,Gunter, Mickey,295
15032601,N/A,Biogeochemical Mineralogical By-Products,Sully March innoculation time point 6, series B no acetone,Holden, Jim,295
07120701,Insular SiO4 Groups Only,Garnet,Garnet, almandine AK-97-10c anorthosite, Woolen Mill, NY, Rte. 9N, west of Elizabethtown,Dyar, Darby,295
04050302,Hydrated Acid and Sulfates,Sulfate,Rozenite JB-626-B Iron Mountain <125mm,Dyar, Darby,30
v2h125,Multiple Oxides,Multiple Oxide,Spinel Peridotite H312-50 Spinel 94.79 7mil 5-4-95,McGuire, Anne,295
07111403,Single-Width Unbranched Chains W=1,Pyroxene,Pyroxene, synthetic En90 Fs10GDL-CMP-065,Lindsley, Donald,150
02062301,Simple Oxides,Oxide,Ilmenite PK,McEnroe, Suzanne,12
18020901,N/A,Biogeochemical Mineralogical By-Products,P. islandicum Lepidocrocite no heat-no cells anoxically dried,Kashyap, Srishti,4
11030603,Simple Oxides,Oxide,Magnetite III.1 70nm,Nyiro-Kosa, Ilona,225
05032501,N/A,Fulgurite,Fulgurite Black Rock Utah country rock,Sheffer, Abigail,295
04121502,Insular SiO4 Groups Only,Olivine,Olivine, synthetic Fo10 ,Lindsley, Donald,120
11050501,N/A,Industrial Samples,Nanoporous FeOOH 20% NHF 180C, NaHCO3 on FeOOH,Fan, Maohong,4
18020802,N/A,Biogeochemical Mineralogical By-Products,P. islandicum Lepidocrocite heat + cells anoxically dried,Kashyap, Srishti,220
14102201,N/A,Terrestrial Samples,Core U1424A 3-1-145 WHOI,Gosan, Liviu,295
11012901,N/A,Terrestrial Samples,Cobble Coating Rio Tinto,Preston, Louisa,295
17032501,Insular SiO4 Groups Only,Olivine,Montticellite NMNH 13639, Italy, whole sample not pure but maybe only one Fe bearing phase,Dyar, Darby,200
15060904,N/A,Biogeochemical Mineralogical By-Products,Islandicum NaHCO3 buffer A initial,Holden, Jim,80
07092102,Simple Oxides,Oxide,Ferrihydrite JA-499 Iceland,Bishop, Janice,225
15081301,N/A,Biogeochemical Mineralogical By-Products,Sully 7-15 Dry Ferrihydrite FH Control Final ,Holden, Jim,295
04032301,Simple Oxides,Oxide,Ferrihydrite JB-626B Iron Mountain 125 mm,Bishop, Janice,295
10121702,N/A,Terrestrial Samples,Basalt, altered HYD-6 Atacama Desert,Greenberger, Rebecca,295
09051801,Simple Oxides,Oxide,Wustite, synthetic CC too much Fe for M+ saturation,Lindsley, Donald,295
15061601,N/A,Biogeochemical Mineralogical By-Products,Islandicum KPO4 buffer control final,Holden, Jim,295
c127c,Sheets of Six-Membered Rings,Mica,Biotite (MOELLER127C) 3mil 4-11-88,Guidotti, Charles,295
08010108,Single-Width Unbranched Chains W=1,Pyroxene,Pyroxene, synthetic Wo10En13.5Fs76.5 048,Lindsley, Donald,30
19050801,N/A,Terrestrial Samples,Hawaii Aklali Olivine Basalt (HAOB) DLR Dyar-McCanta,Dyar, Darby,295
15082903,N/A,Biogeochemical Mineralogical By-Products,Islandicum 8-15 Dry Ferrihydrite FH Control Final,Holden, Jim,220
12041201,Simple Oxides,Oxide,Wustite, synthetic B,Lindsley, Donald,80
07121801,Single-Width Unbranched Chains W=1,Pyroxene,Pyroxene, synthetic Fs100 DL-CMP-061,Lindsley, Donald,100
15090203,N/A,Biogeochemical Mineralogical By-Products,Islandicum 8-15 Wet Ferrihydrite FH Initial Control,Holden, Jim,220
05022301,Hydrated Acid and Sulfates,Sulfate,Voltaite 137958 ,Dyar, Darby,295
18022501,N/A,Industrial Samples,A-1 NiNO3TiO2FeFe etc. University of Wyoming,Yao, Yi,295
06071907,Anhydrous Sulfates Containing Hydroxyl or Halogen,Alunite,Jarosite, synthetic Na Jar 28,Dyar, Darby,295
jh3b1o,Single-Width Unbranched Chains W=1,Pyroxene,H-30-B1 OPX 15mil 2-26-91,McGuire, Anne,295
15032503,N/A,Biogeochemical Mineralogical By-Products,Sully March innoculation time point 1, series C (control) no acetone,Holden, Jim,295
07112505,Single-Width Unbranched Chains W=1,Pyroxene,Pyroxene, synthetic En80Fs20 009,Lindsley, Donald,125
04091901,Double-Width Unbranched Chains W=2,Amphibole,Amphibole, shocked AK-M3 C212,Minitti, Michelle,295
20071001,Sheets of Six-Membered Rings,Talc,Gunter Talc #120, CT_BP_Johnson, Univ. of Idaho,Gunter, Mickey,295
21021901,N/A,Terrestrial Samples,AX17 grown on Lepidocrocite 2 heat - no cells,Elizabeth Sklute,4
05111401,Insular SiO4 Groups Only,Olivine,Olivine, synthetic Fo70 Hartzman,Lindsley, Donald,225
11031701,Simple Oxides,Oxide,Magnetite V.1 62nm,Nyiro-Kosa, Ilona,4
14122902,Single-Width Unbranched Chains W=1,Pyroxene,Clinopyroxene 05.22H ,Barnes, Cal,295
04042802,Insular SiO4 Groups Only,Olivine,Fayalite, synthetic,Menzies, Olwyn,75
15010301,Single-Width Unbranched Chains W=1,Pyroxene,Clinopyroxene 91.45H,Barnes, Cal,295
15052301,N/A,Glass,Glass, synthetic RHY-7 Mo-MoO2,McCanta, Molly,295
ihj32a,Sheets of Six-Membered Rings,Kaolinite-Serpentine,O'Hanley J32a Lizardite+B 50mil 5-16-90,O'Hanley, David,295
14120802,Simple Oxides,Oxide,Ulvospinel 50%Mt20 Usp80 (4-2-78) 50% Ilm80 (4-25-63) Mix 4-1-82,Lindsley, Donald,295
07030102,Anhydrous Phosphates, Arsenates, and Vanadates containing Hydroxyl or Halogen,Phosphate,Arrojadite MDD15, Rapid Creek, Yukon, Canada,Dyar, Darby,295
10103006,Simple Oxides,Oxide,Ferrihydrite, nanophase 1GOE 06-2008,Bosch, Julian,175
18090504,Double-Width Unbranched Chains W=2,Amphibole,Amphibole Tony Law O16-2,Dyar, Darby,295
07112402,Single-Width Unbranched Chains W=1,Pyroxene,Pyroxene, synthetic Wo10En72Fs18 018,Lindsley, Donald,12
06033101,Double-Width Unbranched Chains W=2,Amphibole,Amphibole Harvard 2 winchite,Gunter, Mickey,295
12082302,Sheets of Six-Membered Rings,Clay,Clay VA22 471-475,Michalski, Joe,295
07112807,Single-Width Unbranched Chains W=1,Pyroxene,Pyroxene, synthetic Wo50En25Fs25 039,Lindsley, Donald,12
12082401,Sheets of Six-Membered Rings,Clay,Clay 1183-9,Michalski, Joe,295
06121102,Sheets of Six-Membered Rings,Mica,Zinnwaldite ZW-C GIT-IWG,Dyar, Darby,45
06080601,Anhydrous Sulfates Containing Hydroxyl or Halogen,Alunite,Jarosite, synthetic T5,Tosca, Nick,295
12062101,N/A,Biogeochemical Mineralogical By-Products,Sully_4 inoculated + incubated at 92C for 100h past stationary phase  ,Holden, Jim,18
04102801,Double-Width Unbranched Chains W=2,Amphibole,Amphibole W-2,Lupulesku, M.,295
15081502,N/A,Biogeochemical Mineralogical By-Products,Sully 7-15 Wet Ferrihydrite FH Control Final ,Holden, Jim,80
14102101,N/A,Terrestrial Samples,Core U1424A 2-1-145 WHOI,Gosan, Liviu,295
17120501,Simple Oxides,Ilmenite,Ilmenite Ilm80 #8 Brown U.,Tolke, Leif,300
05030901,Hydrated Acid and Sulfates,Sulfate,Szomolnokite 1366?5-2,Dyar, Darby,295
07040503,Single-Width Unbranched Chains W=1,Pyroxene,Pyroxene, synthetic Wo10En63Fs27 010,Lindsley, Donald,295
12021702,Hydroxides and Oxides Containing Hydroxyl,Hydroxide,Goethite, nanophase np-Gt A1,Tosca, Nick,4
10111102,Simple Oxides,Oxide,Hematite, nanophase Alfa Aesar 07-2010,Holden, Jim,60
07051401,Single-Width Unbranched Chains W=1,Pyroxene,Pyroxene, synthetic Wo40En30Fs30 079,Lindsley, Donald,18
05091901,N/A,Glass,Glass, space-weathered S66.5R,Noble, Sarah,295
11031901,Simple Oxides,Oxide,Magnetite V.2,Nyiro-Kosa, Ilona,45
07112206,Single-Width Unbranched Chains W=1,Pyroxene,Pyroxene, synthetic Wo10En72Fs18 018,Lindsley, Donald,100
16121003,Single-Width Unbranched Chains W=1,Pyroxene,Enstatite NMNH 96617, North Carolina Macon Co., Franklin, Corundum,Dyar, Darby,295
06113001,Six-Membered Rings,Beryl,Beryl, blue #38,Groat, Lee,4
jhb1ol,Insular SiO4 Groups Only,Olivine,H30-B1 Olivine 11mil 1-30-91,McGuire, Anne,295
11080802,Simple Oxides,Oxide,Ferrihydrite DB B+1 20 cm,Estes, Emily,4
19060601,N/A,Glass,Sarah Noble SG60.5R glass (?SG50.5R),Noble, Sarah,295
05111704,Insular SiO4 Groups Only,Olivine,Olivine, synthetic Fo80 Podpara,Lindsley, Donald,250
03063002,Simple Oxides,Oxide,Hematite, synthetic ,Dyar, Darby,60
06060101,Simple Oxides,Oxide,Magnetite BrY,Li, Y.-L.,295
14093001,N/A,Glass,Glass, synthetic AND-4 Air,McCanta, Molly,295
ngm50a,Sheets of Six-Membered Rings,Mica,Guidotti Ra-a29-66 Muscovite (50mg) 81mil 5-18-92,Guidotti, Charles,295
17022301,N/A,Terrestrial Samples,Palagonite tuff HF-04, 4K ,Farrand, Bill,295
07121601,Single-Width Unbranched Chains W=1,Pyroxene,Pyroxene, synthetic En30Fs70 SynPx 023,Lindsley, Donald,150
05112001,Insular SiO4 Groups Only,Olivine,Olivine, synthetic Fo80 Podpara,Lindsley, Donald,12.8
06102501,Al-Si Frameworks,Feldspar,Feldspar Bushveld BS1,Tegner, Christian,295
10122801,Hydrated Phosphates, Arsenates, and Vanadates containing Hydroxyl or Halogen,Phosphate,Laveita DD210,Dyar, Darby,295
h280_k,Double-Width Unbranched Chains W=2,Amphibole,Tony Law Holmquistite 280K,Law, Tony,280
12032102,Hydrated Phosphates, Arsenates, and Vanadates containing Hydroxyl or Halogen,Phosphate,Lazulite DD206,Dyar, Darby,295
07121802,Single-Width Unbranched Chains W=1,Pyroxene,Pyroxene, synthetic Fs100 DL-CMP-061,Lindsley, Donald,80
ud217h,Single-Width Unbranched Chains W=1,Pyroxene,Dish Hill Cpx DH-217 74.88 5mil 8-2-94,Dyar, Darby,295
06121406,Sheets of Six-Membered Rings,Mica,Glauconite Hurricane Mountain, NH,Dyar, Darby,275
07052205,Double-Width Unbranched Chains W=2,Amphibole,Kaersutite Fr-12,Dyar, Darby,4
07121604,Single-Width Unbranched Chains W=1,Pyroxene,Pyroxene, synthetic En30Fs70 SynPx 023,Lindsley, Donald,80
04042701,Hydrated Acid and Sulfates,Sulfate,Szomolnokite 560,Dyar, Darby,12
11100404,N/A,Terrestrial Samples,Dolerite MS10_BV_12_int Beacon Valley, Antarctica no acetone,Salvatore, Mark,295
20100501,N/A,Terrestrial Samples,AX17 Bioreduced Fh Heat + Cells (1A),Elizabeth Sklute,295
07060406,Single-Width Unbranched Chains W=1,Pyroxene,Pyroxene, synthetic Wo30En17.5F252.5 066,Lindsley, Donald,60
07053103,Double-Width Unbranched Chains W=2,Amphibole,Kaersutite Fa-86-1,Dyar, Darby,175
06063001,Insular SiO4 Groups Only,Garnet,Garnet Grossulante BPM-28,Taran, Michail,295
06072203,Anhydrous Sulfates Containing Hydroxyl or Halogen,Alunite,Jarosite, synthetic T9 33mg Fe2.5,Tosca, Nick,295
15021002,Insular SiO4 Groups and O, OH, F, and H2O,Titanite,Titanite 05.24H ,Barnes, Cal,295
02040501,Al-Si Frameworks,Feldspar,Anorthite 57Fe Fe3+ ,Housely, Robert,60
12020303,Hydrated Sulfates Containing Hydroxyl or Halogen,Sulfate,Fibroferrite ML-S88,Lane, Melissa,295
n408bt,Sheets of Six-Membered Rings,Mica,Earley 408-2725 Biotite 10mil 5-1-92,Earley, Drummond,295
19051901,N/A,Glass,McCanta Glass Gusev IW-2 H081,McCanta, Molly,295
06091302,Hydrated Sulfates Containing Hydroxyl or Halogen,Sulfate,Fibroferrite R7653,Dyar, Darby,295
17053101,Double-Width Unbranched Chains W=2,Amphibole,Actinolite NV,Harper, Martin,300
05121404,Insular SiO4 Groups Only,Olivine,Fayalite, synthetic Fo0,Lindsley, Donald,100
vfsh43,N/A,Industrial Samples,Fly Ash 91943 21.61 9mil 11-20-94,unknown,295
k4a54b,Sheets of Six-Membered Rings,Mica,Holdaway Assm. 4A 5-4 Biotite 6mil 7-12-91,Holdaway, Michael,295
04083002,Insular SiO4 Groups Only,Olivine,Olivine, synthetic Fo40,Lindsley, Donald,295
05120102,Insular SiO4 Groups Only,Olivine,Olivine, Meteorite NWA 2737 45-125 mm,Treiman, Allan,293
10011701,Sheets of Six-Membered Rings,Kaolinite-Serpentine,Antigorite BM 1922,651,Evans, Bernard,295
17051901,N/A,Terrestrial Samples,Palagonite tuff SB125-01,Farrand, Bill,300
07061005,Single-Width Unbranched Chains W=1,Pyroxene,Pyroxene, synthetic Wo40En15Fs45 070,Lindsley, Donald,30
ubmt11,Six-Membered Rings,Tourmaline,Blk.Mtn. Pegmatite BMT-11 Tourmaline 40.06 16mil 9-30-94,Dyar, Darby,295
10031702,Simple Oxides,Oxide,Ferrihydrite 9 Chat 1 >74,Estes, Emily,295
traa47,Insular SiO4 Groups Only,Garnet,Guidotti Garnet 4-Ra-a47-66 31mil 4-6-94,Guidotti, Charles,295
15040701,N/A,Terrestrial Samples,Core U1425B 3-5-105 WHOI,Gosan, Liviu,250
07050702,Single-Width Unbranched Chains W=1,Pyroxene,Pyroxene, synthetic Wo30En49Fs21 067,Lindsley, Donald,100
05011101,Insular SiO4 Groups Only,Olivine,Olivine, synthetic Fe70,Lindsley, Donald,210
15060604,Simple Oxides,Oxide,Hematite MOD22_22 magnetic separates,McEnroe, Suzanne,40
15032401,N/A,Biogeochemical Mineralogical By-Products,Sully March innoculation time point 5, series A no acetone,Holden, Jim,295
07120503,Single-Width Unbranched Chains W=1,Pyroxene,Pyroxene, synthetic Wo30En35Fs35 073,Lindsley, Donald,18
04111402,Sheets of Six-Membered Rings,Mica,Biotite Michigan LG-4,Dyar, Darby,295
15042402,Simple Oxides,Oxide,Maghemite, synthetic, nanophase MAGH041415,Sklute, Elizabeth,220
ihw26b,Sheets of Six-Membered Rings,Kaolinite-Serpentine,O'Hanley W26b Lizardite 167mil 5-29-90,O'Hanley, David,295
brab4166,Sheets of Six-Membered Rings,Mica,Guidotti Biotite Ra-b41-66 2mil 12-25-87,Guidotti, Charles,295
07041001,Single-Width Unbranched Chains W=1,Pyroxene,Pyroxene, synthetic Wo5En47.5Fs47.5 012,Lindsley, Donald,175
10120801,Hydroxides and Oxides Containing Hydroxyl,Hydroxide,Akaganeite, nanophase 1GOE 07-2010 ,Bosch, Julian,24
xjkh5tu,Six-Membered Rings,Tourmaline,Kerrich Hmy 527 Tourmaline 9mil 2-17-91,Dyar, Darby,295
10050601,Native Elements and Alloys,Industrial Samples,Steel 5 20 micron,Gupta, Ratnesh,295
06110303,Hydrated Acid and Sulfates,Sulfate,Voltaite 137958,Dyar, Darby,175
05030801,Hydrated Acid and Sulfates,Sulfate,Szomolnokite 159266,Dyar, Darby,295
06121402,Sheets of Six-Membered Rings,Mica,Biotite mica-Fe CRPG Geostandard,Dyar, Darby,12
12060601,N/A,Terrestrial Samples,Halemaumau H10-9 exterior,McCanta, Molly,295
10071201,N/A,Industrial Samples,Steel C,Gupta, Ratnesh,295
04072913,Native Elements and Alloys,Metal,Fe foil  4 mm-s,n/a,250
03080402,Simple Oxides,Oxide,Ferrihydrite, synthetic JB-46,Bishop, Janice,15
15022101,Single-Width Unbranched Chains W=1,Pyroxene,Clinopyroxene 05.29H,Barnes, Calvin,295
06121410,Sheets of Six-Membered Rings,Mica,Glauconite Hurricane Mountain, NH,Dyar, Darby,175
04070701,Anhydrous Sulfates Containing Hydroxyl or Halogen,Sulfate,Romerite SPT 110,Cloutis, Edward,12
06121804,Sheets of Six-Membered Rings,Smectite,Nontronite Sampor smectite JB-175 ,Bishop, Janice,30
15123102,N/A,Biogeochemical Mineralogical By-Products,Sully Wet Ferrihydrite FH 0C FROZEN,Holden, Jim,150
07110501,N/A,Meteorite,Meteorite eucrite experiment 1250º RD2-4,Elkinton, Hannah,295
17061601,Simple Oxides,Biogeochemical Mineralogical By-Products,Geobacter Ferrihydrite heat-no cells, filtered then dried anaerobically 6-5-17,Valvur, Helena,4
06090803,Hydrated Sulfates Containing Hydroxyl or Halogen,Sulfate,Pentahydrite VZO 121,Dyar, Darby,295
04120301,Insular SiO4 Groups Only,Olivine,Olivine, synthetic Fo50 ,Menzies, Olywn,18
06060301,Simple Oxides,Oxide,Magnetite FrioB,Li, Y.-L.,295
07112608,Single-Width Unbranched Chains W=1,Pyroxene,Pyroxene, synthetic Wo50En25Fs25 039,Lindsley, Donald,275
11100402,N/A,Terrestrial Samples,Dolerite MS10_BV_10_ext Beacon Valley, Antarctica no acetone,Salvatore, Mark,295
15081801,N/A,Biogeochemical Mineralogical By-Products,Sully 7-15 Dry Ferrihydrite FH Final A ,Holden, Jim,7
07050501,Single-Width Unbranched Chains W=1,Pyroxene,Pyroxene, synthetic Wo30En49Fs21 067,Lindsley, Donald,275
07102801,Insular SiO4 Groups Only,Garnet,Garnet, grossular AK-32-W Willsboro-Lewis skarn Belt, Wollastonite and Clinopyroxene-bearing rock, Willsboro, NY,Dyar, Darby,295
phs131,Six-Membered Rings,Tourmaline,Igneous Tourmaline HS#131955 Black Tourmaline 10mil 8-25-92,Dyar, Darby,295
15032304,N/A,Biogeochemical Mineralogical By-Products,Sully March innoculation time point 4, series C (control) no acetone,Holden, Jim,295
15061001,N/A,Biogeochemical Mineralogical By-Products,Islandicum NaHCO3 buffer A initial,Holden, Jim,6
12030902,Simple Oxides,Oxide,Ilmenite 14119LD 9-06,Riner, Miriam,80
04082603,Insular SiO4 Groups Only,Olivine,Olivine, synthetic Fo40,Lindsley, Donald,45
15021103,Double-Width Unbranched Chains W=2,Amphibole,Ferro-pargasite amphibole AMPH6C,Jenkins, David,295
07112905,Single-Width Unbranched Chains W=1,Pyroxene,Pyroxene, synthetic Wo20En56Fs24 019,Lindsley, Donald,275
traa13,Insular SiO4 Groups Only,Garnet,Guidotti Garnet 5v-Ra-a13-66 35mil 4-4-94,Guidotti, Charles,295
xpsku14,Six-Membered Rings,Tourmaline,Silver KNob SKU-14 Tourmaline 32mil 8-3-92,Dyar, Darby,295
12022203,Hydroxides and Oxides Containing Hydroxyl,Hydroxide,Goethite 7nm,Tosca, Nick,200
17020401,N/A,Terrestrial Samples,Palagonite tuff WhB12-03,Farrand, Bill,295
02011301,Double-Width Unbranched Chains W=2,Amphibole,Holmquisite ,Law, Tony,80
ehszns,Insular SiO4 Groups and O, OH, F, and H2O,Staurolite,Holdaway Staurolite 117189 1mil 10-17-88,Holdaway, Michael,295
04092802,Double-Width Unbranched Chains W=2,Amphibole,Amphibole Mo-3A,Moore, Paulus,295
04072911,Native Elements and Alloys,Metal,Fe foil  4 mm-s,n/a,240
aad1166,Sheets of Six-Membered Rings,Mica,Guidotti Biotite Ra-d11-66 1mil 10-20-87,Guidotti, Charles,295
04061401,Anhydrous Sulfates Containing Hydroxyl or Halogen,Sulfate,Tochilinite TOC 101,Dyar, Darby,245
10121003,Hydroxides and Oxides Containing Hydroxyl,Hydroxide,Akaganeite, nanophase 1GOE 07-2010 ,Bosch, Julian,175
21021701,N/A,Terrestrial Samples,AX17 grown on Lepidocrocite 1 heat + cells,Elizabeth Sklute,4
10091003,N/A,Biogeochemical Mineralogical By-Products,Roane 8-19-10 mounted dry,Holden, Jim,13
12042601,Simple Oxides,Oxide,Magnetite GS152 H2-N2 headgas,Li, Y.-L.,4
h300,Al-Si Frameworks,Feldspar,Houlsey 300,Housely, Robert,300
02061901,Anhydrous Sulfates Containing Hydroxyl or Halogen,Sulfate,Melanterite SPT 130,Cloutis, Edward,295
07061002,Single-Width Unbranched Chains W=1,Pyroxene,Pyroxene, synthetic Wo40En15Fs45 070,Lindsley, Donald,80
10111802,N/A,Biogeochemical Mineralogical By-Products,Islandicum inoculated 11-08-2010,Holden, Jim,18
13040501,Sulfides, including Selenides and Tellurides,Sulfite,Chalcopyrite CHA 101 Temegami, Ontario,Cloutis, Edward,175
s2exna,Sheets of Six-Membered Rings,Mica,Earley Biotite Na 6mil 9-21-93,Earley, Drummond,295
15012204,Simple Oxides,Oxide,Magnetite ELL-14-03 El Laco ore MUN,Hanchar, John,295
06082002,Double-Width Unbranched Chains W=2,Amphibole,Amphibole Libby, MT Pally I,Gunter, Mickey,295
05101701,Hydrated Sulfates Containing Hydroxyl or Halogen,Sulfate,Copiapite SPT 125 dry,Cloutis, Edward,275
11020301,N/A,Terrestrial Samples,Sandstone PNF-4-5 (1),Schoonen, Martin,295
08051801,Sheets of Six-Membered Rings,Mica,Biotite T01-2BA,Evans, Katie,295
07121004,Single-Width Unbranched Chains W=1,Pyroxene,Pyroxene, synthetic Wo20En32Fs48 057,Lindsley, Donald,275
vsp55s,Single-Width Unbranched Chains W=1,Pyroxene,Spinel Perid. Ki-5-52 OPX 49.73 3mil 11-29-94,McGuire, Anne,295
04062401,Anhydrous Sulfates Containing Hydroxyl or Halogen,Sulfate,Romerite SPT 110,Cloutis, Edward,195
04011401,N/A,Fulgurite,Fulgurite CT sample 1 metal,Sheffer, Abigail,295
ne22zh,Sheets of Six-Membered Rings,Mica,Zhou E22 sample 25mil 5-1-92,Zhou, Fuxing,295
04122601,Insular SiO4 Groups Only,Olivine,Olivine, synthetic Fo90 ,Lindsley, Donald,220
14072101,N/A,Glass,Glass, synthetic DAC-5 Mo-MoO2,McCanta, Molly,295
10080802,N/A,Biogeochemical Mineralogical By-Products,Islandicum grown 6-18-10 dried anaerobically 7-15-10,Holden, Jim,45
10091501,N/A,Biogeochemical Mineralogical By-Products,Hyperthermus butylicus log growth 8-19-10 mounted dry,Holden, Jim,8
11033102,Simple Oxides,Oxide,MaghemiteVI.4 12nm,Nyiro-Kosa, Ilona,100
11120501,N/A,Fulgurite,Moldavite T-11 4 various, Czech,Nottke, Tony,295
04110301,Multiple Oxides,Multiple Oxide,Spinel BE-002,Choi, Sung Hi,295
19071401,N/A,Terrestrial Samples,Blood falls sample ES24 air dried sediment mostly sample,Mikucki, Jill,220
03101801,N/A,Mixtures,Hematite -- Lepidocrocite Mix #1,Bishop, Janice,245
07051201,Single-Width Unbranched Chains W=1,Pyroxene,Pyroxene, synthetic Wo40En30Fs30 079,Lindsley, Donald,100
07110702,Single-Width Unbranched Chains W=1,Pyroxene,Pyroxene, synthetic Wo40En55F55 Px077,Lindsley, Donald,175
14121101,N/A,Fulgurite,Tektite #8 2014,Nottke, Tony,295
07122902,Single-Width Unbranched Chains W=1,Pyroxene,Pyroxene, synthetic Wo30En28Fs42 068,Lindsley, Donald,295
lakm4h,Double-Width Unbranched Chains W=2,Amphibole,McGuire AK-M4 H271 Hornblende 28mil 9-3-91,McGuire, Anne,295
11032803,Simple Oxides,Oxide,Maghemite VI.2 100nm,Nyiro-Kosa, Ilona,225
18041503,N/A,Biogeochemical Mineralogical By-Products,P. delaneyi Ferrihydrite no heat-no cells anoxically dried ,Kashyap, Srishti,150
06110601,Hydrated Acid and Sulfates,Sulfate,Voltaite 137958,Dyar, Darby,25
06081501,Single-Width Unbranched Chains W=1,Pyroxene,Pyroxene, shocked 3502,McCanta, Molly,295
04100701,Double-Width Unbranched Chains W=2,Amphibole,Amphibole D-1A,Lupulescu, Marian,295
16011703,N/A,Biogeochemical Mineralogical By-Products,Sully Dry Ferrihydrite FH 0C FROZEN,Holden, Jim,150
13041106,Hydroxides and Oxides Containing Hydroxyl,Hydroxide,Schwertmannite VZO 119-120 Nagyborzsony, Hungary,Bishop, Janice,250
17062101,N/A,Biogeochemical Mineralogical By-Products,MFE DIS-1 filtered 6-26-17 then frozen ,Ross, Laura,295
05031501,Hydrated Acid and Sulfates,Sulfate,Voltaite DD104 Sulfate,Dyar, Darby,295
dkiolv,Insular SiO4 Groups Only,Olivine,Cima, CA Ki-5-31 Olivine 7-29-89,McGuire, Anne,295
06110503,Hydrated Acid and Sulfates,Sulfate,Voltaite 137958,Dyar, Darby,40
13112601,N/A,Glass,Glass, synthetic BAA-3 IW,McCanta, Molly,295
09110103,N/A,Hydroxide,Ferrihydrite, Fe Gel, dehydrated,Holden, Jim,125
17070901,N/A,Biogeochemical Mineralogical By-Products,J2675 SC6B extra material collected 3-28-13 filtered 6-16-17 stored in freezer,Ross, Laura,4
07112707,Single-Width Unbranched Chains W=1,Pyroxene,Pyroxene, synthetic Wo50En25Fs25 039,Lindsley, Donald,100
15081002,N/A,Biogeochemical Mineralogical By-Products,Sully 7-15 Wet Ferrihydrite FH Final A ,Holden, Jim,80
07010301,Double-Width Unbranched Chains W=2,Amphibole,Amphibole, Meteorite LAP 04840,16 ,Dyar, Darby,295
07112601,Single-Width Unbranched Chains W=1,Pyroxene,Pyroxene, synthetic En80Fs20 014,Lindsley, Donald,30
qg96mu,Sheets of Six-Membered Rings,Mica,Guidotti Muscovite SBG-96 Muscovite 31mil 11-1-92,Guidotti, Charles,295
03120702,Hydroxides and Oxides Containing Hydroxyl,Hydroxide,Lepidocrocite Zuikmentelel Silesia HMM 81159,Dyar, Darby,140
08121601,Hydrated Sulfates Containing Hydroxyl or Halogen,Sulfate,Copiapite MAC-5 JB-836,Bishop, Janice,295
06070601,Insular SiO4 Groups Only,Garnet,Garnet, grossular 103089 marble layer intercalated in metapelites, Phippsburg, ME,Dyar, Darby,295
05081302,N/A,Terrestrial Samples,Catahoula lake bed sample #1, 5.6m(Core 2) clay 100% sample,Wrenn, John,295
17070801,N/A,Biogeochemical Mineralogical By-Products,J2675 SS yellow collected 3-28-13 filtered 6-16-17 stored in freezer,Ross, Laura,295
08010101,Single-Width Unbranched Chains W=1,Pyroxene,Pyroxene, synthetic Wo10En13.5Fs76.5 048,Lindsley, Donald,175
06121305,Sheets of Six-Membered Rings,Mica,Biotite mica-Fe CRPG Geostandard,Dyar, Darby,60
07041804,Single-Width Unbranched Chains W=1,Pyroxene,Pyroxene, synthetic Wo20En20Fs20 055,Lindsley, Donald,295
g104bt,Sheets of Six-Membered Rings,Mica,Hunts Valley MD Biotite, HV-104 6mil 8-14-89,Lang, Helen,295
07111202,Single-Width Unbranched Chains W=1,Pyroxene,Pyroxene, synthetic Wo40En55F55 Px077,Lindsley, Donald,4
04110102,Multiple Oxides,Multiple Oxide,Spinel SS-19,Choi, Sung Hi,295
15121701,Simple Oxides,Oxide,Ferrihydrite FH-40-h-A,Dehouck, Erwin,295
07060904,Single-Width Unbranched Chains W=1,Pyroxene,Pyroxene, synthetic Wo40En15Fs45 070,Lindsley, Donald,175
07102701,Insular SiO4 Groups Only,Garnet,Garnet, grossular 5183 BPM 27,Hofmeister, Anne,295
07042607,Insular SiO4 Groups Only,Olivine,Olivine, synthetic Fo70 New,Lindsley, Donald,250
04072202,Insular SiO4 Groups Only,Olivine,Olivine, synthetic Fo80,Menzies, Olywn,12
04041001,Insular SiO4 Groups Only,Olivine,Fayalite, synthetic Fe0,Menzies, Olwyn,145
03070202,Simple Oxides,Oxide,Hematite, synthetic ,Dyar, Darby,185
15090103,N/A,Biogeochemical Mineralogical By-Products,Islandicum 8-15 Dry Ferrihydrite FH Initial Control,Holden, Jim,150
05083101,Single-Width Unbranched Chains W=1,Pyroxene,Diopside, shocked 3494 (1.096km-s,428Kbs),McCanta, Molly,295
12040302,Simple Oxides,Oxide,Magnetite JB-307,Bishop, Janice,80
08123001,N/A,Mixtures,Ferrihydrite -- Maghemite 75:25 mix JB-JLB-809 *repeat*,Bishop, Janice,295
10011502,Sheets of Six-Membered Rings,Kaolinite-Serpentine,Antigorite BM 31725,Evans, Bernard,295
15080401,Insular SiO4 Groups Only,Olivine,Olivine, Idingsite, CO. Routt Co, Dalton Peak, NMNH 97539,Bentley, Mark,295
t20b8c,Double-Width Unbranched Chains W=2,Amphibole,Goodge Hornblende 20B-85 11mil 2-15-94,Goodge, John,295
14111501,Double-Width Unbranched Chains W=2,Amphibole,Hastingsite Mueller HAST-5-60-2 60% ,Jenkins, David,295
07051502,Double-Width Unbranched Chains W=2,Amphibole,Kaersutite Tm,Dyar, Darby,295
10111601,N/A,Biogeochemical Mineralogical By-Products,Islandicum inoculated 11-08-2010,Holden, Jim,225
06101302,Anhydrous Sulfates Containing Hydroxyl or Halogen,Alunite,Natrojarosite AJ3-1 UC Davis,Bishop, Janice,295
15082803,N/A,Biogeochemical Mineralogical By-Products,Islandicum 8-15 Wet Ferrihydrite FH Initial A,Holden, Jim,150
12042901,Hydroxides and Oxides Containing Hydroxyl,Hydroxide,Goethite 125086 "limonite" Red River, Louisiana,Dyar, Darby,130
06062501,Single-Width Unbranched Chains W=1,Pyroxene,Pyroxene, shocked MPX7,McCanta, Molly,295
07021101,Sheets of Six-Membered Rings,Chlorite,Clinochlore West Chester, PA,Dyar, Darby,80
10082902,Hydroxides and Oxides Containing Hydroxyl,Hydroxide,Goethite, nanophase C1 07-20-10 m.08-23-10,Tosca, Nick,85
04120801,Insular SiO4 Groups Only,Olivine,Olivine, synthetic Fo30 ,Lindsley, Donald,120
14122802,Insular SiO4 Groups Only,Olivine,Olivine Globe 38-63mm powder,Izenberg, Noam,295
07040604,Single-Width Unbranched Chains W=1,Pyroxene,Pyroxene, synthetic Wo10En63Fs27 010,Lindsley, Donald,200
17071201,N/A,Biogeochemical Mineralogical By-Products,Freshwater iron mat extra material collected 10-26-16 filtered 6-16-17 stored frozen dried in air 4 h,Ross, Laura,4
02062001,Hydrated Acid and Sulfates,Sulfate,Coquimbite SPT 131,Cloutis, Edward,295
18041504,N/A,Biogeochemical Mineralogical By-Products,P. delaneyi Ferrihydrite no heat-no cells anoxically dried ,Kashyap, Srishti,220
07033006,Single-Width Unbranched Chains W=1,Pyroxene,Pyroxene, synthetic Wo8En46Fs46 013,Lindsley, Donald,4
07121706,Single-Width Unbranched Chains W=1,Pyroxene,Pyroxene, synthetic Fs100 DL-CMP-061,Lindsley, Donald,225
upmp16,Insular, Mixed, Single, and Larger Tetrahedral Groups,Pumpellyite,P16 Pumpellyite 48.7 3mil 8-27-94,Voci, Christopher,295
11030205,Simple Oxides,Oxide,Magnetite I.1 12nm,Nyiro-Kosa, Ilona,60
11090201,Anhydrous Phosphates, Arsenates, and Vanadates containing Hydroxyl or Halogen,Phosphate,Wolfeite DD324,Dyar, Darby,295
05101802,Hydrated Sulfates Containing Hydroxyl or Halogen,Sulfate,Copiapite SPT 125 dry,Cloutis, Edward,175
17020701,N/A,Terrestrial Samples,Palagonite tuff NMB12-08,Farrand, Bill,4
17011801,Single-Width Unbranched Chains W=1,Pyroxene,Pigeonite NMNH 117671 Pigeonite Goose Creek Virginia,Dyar, Darby,300
04072501,Insular SiO4 Groups Only,Olivine,Olivine, synthetic Fo80,Menzies, Olywn,170
00122801,Single-Width Unbranched Chains W=1,Pyroxene,Diopside 95AK8F,Johnson, Elizabeth,295
07043006,Single-Width Unbranched Chains W=1,Pyroxene,Pyroxene, synthetic En17Fs83C 024,Lindsley, Donald,12
13040401,Sulfides, including Selenides and Tellurides,Sulfite,Chalcopyrite CHA 101 Temegami, Ontario,Cloutis, Edward,295
19012601,N/A,Glass,McCanta Glass PDCV-2 QFM Gusev basalt,McCanta, Molly,295
khs39c,Multiple Oxides,Multiple Oxide,Harrell Ep-3-139C Spinel 18mil 4-8-91,McGuire, Anne,295
10011901,Sheets of Six-Membered Rings,Smectite,Nontronite Nau-1 JB-790 <125mm,Bishop, Janice,295
14012701,Sheets of Six-Membered Rings,Kaolinite-Serpentine,Kaolinite, shocked 29.3 GPa 3645,Michalski, Joe,295
tpj86j,Sheets of Six-Membered Rings,Kaolinite-Serpentine,O'Hanley Chrysotile J68 Picrotile 101mil 4-27-94,O'Hanley, David,295
10121403,Simple Oxides,Oxide,Ferrihydrite, nanophase 1GOE 07-2010,Bosch, Julian,24
13120401,N/A,Glass,Glass, synthetic BAS-1 IW,McCanta, Molly,295
07020501,Hydrated Sulfates Containing Hydroxyl or Halogen,Sulfate,Kainite G817 Thuringen,Dyar, Darby,295
05112901,Simple Oxides,Oxide,Ferrihydrite, reduced JB-428 reduced 409A,Bishop, Janice,14
06031501,Single-Width Unbranched Chains W=1,Pyroxene,Jadeite 7D BURO7 NMNH,Sorensen, Sorena,295
00092401,Sheets of Six-Membered Rings,Chlorite,Chlorite Windsor ,Dyar, Darby,295
ib1eop,Multiple Oxides,Pyroxene,DH-101-E OPX 13mil 4-11-90,McGuire, Anne,295
08122401,N/A,Mixtures,Ferrihydrite -- Hematite -- Magnetite -- Maghemite 40:20:20:20 mix JB-JLB-814,Bishop, Janice,295
isi35a,Insular SiO4 Groups Only,Glass,35A Fe Si Johnson wafer 34mil 4-21-90,Brady, John,295
10111301,Simple Oxides,Oxide,Hematite, nanophase Alfa Aesar 07-2010,Holden, Jim,24
16021501,N/A,Terrestrial Samples,Ocean sediment 185 1149 4H1 87-89 <63mm BU,Anderson, Chloe,295
08022101,Anhydrous Sulfates Containing Hydroxyl or Halogen,Alunite,Jarosite, synthetic E 1.0K,Dyar, Darby,295
13031304,Hydrated Sulfates Containing Hydroxyl or Halogen,Sulfate,Amarantite G3775 Los Pintados, Chile,Dyar, Darby,18
06071901,Single-Width Unbranched Chains W=1,Pyroxene,Pyroxene, synthetic Fs100 DL-CMP-061,Lindsley, Donald,295
18100602,N/A,Terrestrial Samples,Lake Towuti Sediment RS0238 Brown University,Sheppard, Rachel,295
11021401,N/A,Terrestrial Samples,Sandstone PNF-5-1 (8),Schoonen, Martin,295
qg7mus,Sheets of Six-Membered Rings,Mica,Guidotti Muscovite SBG-7 Pure Muscovite SBG-7 Pure Mt 63mil 10-13-92,Guidotti, Charles,295
11060501,N/A,Terrestrial Samples,Oil sand MS<2 ,Osacky, Marek,295
04042203,Anhydrous Sulfates Containing Hydroxyl or Halogen,Sulfate,Romerite SPT 123,Cloutis, Edward,95
02042001,Double-Width Unbranched Chains W=2,Amphibole,Holmquisite ,Law, Tony,70
09122901,N/A,Biogeochemical Mineralogical By-Products,Islandicum grown on Fe Gel, dehydrate 1 11-17-09,Holden, Jim,250
11051103,N/A,Industrial Samples,Nanoporous FeOOH 20% NHF 25C, NaHCO3 on FeOOH,Fan, Maohong,295
03111501,Simple Oxides,Oxide,Ferrihydrite JA-498 Icleandic hot springs,Bishop, Janice,295
06121701,Sheets of Six-Membered Rings,Smectite,Nontronite Sampor smectite JB-175 ,Bishop, Janice,175
10112601,N/A,Terrestrial Samples,Basalt, altered HYD-5 outside Atacama Desert ,Greenberger, Rebecca,295
15021101,Insular SiO4 Groups and O, OH, F, and H2O,Titanite,Titanite 93.72H,Barnes, Cal,295
ehsg09,Insular SiO4 Groups and O, OH, F, and H2O,Staurolite,Holdaway Staurolite 53-2 1mil 10-19-88,Holdaway, Michael,295
07021202,Sheets of Six-Membered Rings,Chlorite,Clinochlore West Chester, PA,Dyar, Darby,30
13052201,N/A,Miscellaneous,Green Tea 2Fe:1GT mounted dry,Oakes, Jacqueline,4
dkispn,Multiple Oxides,Multiple Oxide,Cima, CA Spinel Ki-5-31 8-30-88 3mil,McGuire, Anne,295
16120302,Insular SiO4 Groups Only,Olivine,Olivine KI-3373 FO34.9 + Oxide 100-200mesh 22mg,Morse, S. A.,295
05082405,Anhydrous Sulfates Containing Hydroxyl or Halogen,Alunite,Jarosite, synthetic 2B heated to 300C,Brophy, Gerald,30
18010702,N/A,Biogeochemical Mineralogical By-Products,P. delaneyi Akaganeite AKAG102315 heat-no cells annoxically dried,Kashyap, Srishti,80
00101901,Double-Width Unbranched Chains W=2,Amphibole,Amphibole 2 Libby, MT,Gunter, Mickey,295
08120302,Hydrated Sulfates Containing Hydroxyl or Halogen,Sulfate,Fibroferite 285 61-90,Bishop, Janice,295
03062901,Simple Oxides,Oxide,Hematite, synthetic ,Dyar, Darby,30
11031702,Simple Oxides,Oxide,Magnetite V.2,Nyiro-Kosa, Ilona,4
13042101,Hydrated Sulfates Containing Hydroxyl or Halogen,Sulfate,Fibroferrite SPT 121,Cloutis, Edward,4
r2p822,Sheets of Six-Membered Rings,Mica,Guidotti Biotite 28-8-22-59 Bryant pond 74mil 6-27-93,Guidotti, Charles,295
12022101,Hydroxides and Oxides Containing Hydroxyl,Hydroxide,Goethite nanophase np-Gt A1,Tosca, Nick,295
10071001,N/A,Industrial Samples,Steel #4,Gupta, Ratnesh,295
17060701,N/A,Miscellaneous,Liquid sample holder blue plastic test #1,Sklute, Elizabeth,300
10042101,N/A,Biogeochemical Mineralogical By-Products,Islandicum, anaerobically dried,Holden, Jim,4
15010201,Double-Width Unbranched Chains W=2,Amphibole,Amphibole 05.32H,Barnes, Cal,295
v2b21h,Double-Width Unbranched Chains W=2,Amphibole,Barnes Hornblende 21 55.67 9mil 3-23-95,Barnes, Calvin,295
18091201,Double-Width Unbranched Chains W=2,Amphibole,Amphibole Tony Law 1B,Dyar, Darby,295
05060301,Sheets of Six-Membered Rings,Chlorite,Chlorite CGIBG 3,Guidotti, Charles,295
18010603,N/A,Biogeochemical Mineralogical By-Products,P. delaneyi Akaganeite AKAG102315 no heat-no cells annoxically dried,Kashyap, Srishti,295
13041201,Hydroxides and Oxides Containing Hydroxyl,Hydroxide,Schwertmannite VZO 119-120 Nagyborzsony, Hungary,Bishop, Janice,295
20041901,Sheets of Six-Membered Rings,Talc,Gunter Talc #15, CHI_ Guangxi_Longsheng_G1_88, Univ. of Idaho,Gunter, Mickey,295
ngm150,Sheets of Six-Membered Rings,Mica,Guidotti Ra-a29-66 Muscovite (150mg) 87mil 5-22-92,Guidotti, Charles,295
19121201,Sheets of Six-Membered Rings,Talc,Gunter Talc #47, USA_CA_Grantham, Univ. of Idaho, repeat,Gunter, Mickey,295
12011302,N/A,Biogeochemical Mineralogical By-Products,Sully_4 inoculated + incubated at 92C for 100h past stationary phase  ,Holden, Jim,200
11032603,Simple Oxides,Oxide,Maghemite VI.2 100nm,Nyiro-Kosa, Ilona,18
13051701,N/A,Miscellaneous,Green Tea 1Fe:10GT mounted dry,Oakes, Jacqueline,4
07122603,Single-Width Unbranched Chains W=1,Pyroxene,Pyroxene, synthetic Wo40En48Fs12 075,Lindsley, Donald,45
04112002,Insular SiO4 Groups Only,Olivine,Olivine, synthetic Fo70,Menzies, Olywn,145
06082001,Double-Width Unbranched Chains W=2,Amphibole,Amphibole Libby, MT boulder 6-2-06,Gunter, Mickey,295
xvh863t,Six-Membered Rings,Tourmaline,Harvard Misc. HS#86321 Clear Tourmaline SN .9 5mil 11-14-94,Dyar, Darby,295
03062902,Simple Oxides,Oxide,Hematite, synthetic ,Dyar, Darby,35
xvbmt19,Six-Membered Rings,Tourmaline,Blk.Mtn.Pegmatite BMT-19 Pink Tourmaline SN 1.99 13mil 11-13-94,Dyar, Darby,295
15012502,N/A,Industrial Samples,Coal fly ash Zhang #4,Fan, Maohong,295
04061303,Anhydrous Sulfates Containing Hydroxyl or Halogen,Sulfate,Tochilinite TOC 101,Dyar, Darby,220
06010401,N/A,Fulgurite,Fulgurite CT metal blebs sample 8 ,Sheffer, Abigail,295
11090801,N/A,Terrestrial Samples,Oil sand MS,Osacky, Marek,130
07042404,Insular SiO4 Groups Only,Olivine,Olivine, synthetic Fo89.5 New,Lindsley, Donald,150
13120201,N/A,Glass,Glass, synthetic BAS-1 Air,McCanta, Molly,295
rt160b,Sheets of Six-Membered Rings,Mica,Zhou T160B Biotite+Magnetite 18mil 3-8-93,Zhou, Fuxing,295
knl133,Sheets of Six-Membered Rings,Mica,NL133 Biotite 3mil 5-2-91,unknown,295
07113002,Single-Width Unbranched Chains W=1,Pyroxene,Pyroxene, synthetic Wo20En56Fs24 019,Lindsley, Donald,150
ud202h,Single-Width Unbranched Chains W=1,Pyroxene,Dish Hill Cpx DH-202 59.47 4mil 7-15-94,Dyar, Darby,295
v2828s,Multiple Oxides,Multiple Oxide,Spinel Peridotite H30-82-8 Spinel 58.19 2mil 4-22-95,McGuire, Anne,295
06082601,Unbranched Chains with W>2,Smectite,Smectite JB-171 SA z-1 <2mm ,Bishop, Janice,295
05120801,Insular SiO4 Groups Only,Olivine,Olivine, synthetic Fo30,Lindsley, Donald,150
10110503,Simple Oxides,Oxide,Hematite, nanophase Alfa Aesar 07-2010,Holden, Jim,295
11012601,Hydrated Phosphates, Arsenates, and Vanadates containing Hydroxyl or Halogen,Phosphate,Stewartite DD288,Dyar, Darby,295
07122401,Single-Width Unbranched Chains W=1,Pyroxene,Pyroxene, Synthetic Wo20Fs80 SynPx087 ,Lindsley, Donald,150
05091401,Al-Si Frameworks,Feldspar,Anorthite Fe3+ Fe57,Housely, Robert,18
20060201,Sheets of Six-Membered Rings,Talc,Gunter Talc #57, USA_MT_CT_Ultratalc609, Univ. of Idaho,Gunter, Mickey,295
17061201,Hydroxides and Oxides Containing Hydroxyl,Biogeochemical Mineralogical By-Products,Geobacter Lepidocrocite heat+cells, filtered then dried anaerobically 6-5-17,Valvur, Helena,150
01101301,Double-Width Unbranched Chains W=2,Amphibole,Edenite PBM-5,Moore, Paulus,295
07042703,Insular SiO4 Groups Only,Olivine,Olivine, synthetic Fo70 New,Lindsley, Donald,175
16092101,Hydroxides and Oxides Containing Hydroxyl,Hydroxide,Goethite, synthetic, nanophase GOET030216 freeze dried,Sklute, Elizabeth,80
11020201,N/A,Terrestrial Samples,Sandstone PNF-4-1 (7),Schoonen, Martin,295
10111501,Simple Oxides,Oxide,Hematite, nanophase Alfa Aesar 07-2010,Holden, Jim,4
jkgltu,Six-Membered Rings,Tourmaline,Kerrich Ghost Lake Bath. tourmaline 12mil 2-16-91,Kerrich, Bob,295
13081901,N/A,Industrial Samples,Coal fly ash 0Fe:4Na ash no acetone,Fan, Maohong,295
04122201,Insular SiO4 Groups Only,Olivine,Olivine, synthetic Fo90 ,Lindsley, Donald,75
09022001,N/A,Miscellaneous,Ferrous Glutonate Pharmalytic S121081,Dyar, Darby,295
04072920,Native Elements and Alloys,Metal,Fe foil  4 mm-s,n/a,285
18021601,N/A,Terrestrial Samples,Dolerite PRR-26160 surface,Salvatore, Mark,295
06111701,Sheets of Six-Membered Rings,Mica,Biotite mica-Fe CRPG Geostandard,Dyar, Darby,295
20051401,Sheets of Six-Membered Rings,Talc,Gunter Talc #55, MT_CT_Sericron, Univ. of Idaho,Gunter, Mickey,295
16092901,Simple Oxides,Oxide,Magnetite, synthetic, nanophase MAG060516 dried and mounted in glove box,Sklute, Elizabeth,295
11012401,Anhydrous Carbonates,Carbonate,Magnesite JB-946e,Bishop, Janice,295
07052202,Double-Width Unbranched Chains W=2,Amphibole,Kaersutite Fr-12,Dyar, Darby,24
18052701,N/A,Meteorite,Meteorite Hamburg fusuion crust,Weiler, Brandon,295
07061701,Single-Width Unbranched Chains W=1,Pyroxene,Pyroxene, synthetic Wo50En40Fs10 033,Lindsley, Donald,150
15041703,Simple Oxides,Oxide,Lepidocrocite, synthetic, nanophase LEP030415,Sklute, Elizabeth,220
05081101,Anhydrous Sulfates Containing Hydroxyl or Halogen,Alunite,Jarosite, synthetic 2V heated to 248C,Brophy, Gerald,295
ud207h,Single-Width Unbranched Chains W=1,Pyroxene,DIsh Hill Cpx DH-207 66.87 3mil 7-20-94,Dyar, Darby,295
l1d94c,Sheets of Six-Membered Rings,Chlorite,Guidotti Chlorite Zone 1 Ra-d94-66 6mil 10-15-91,Guidotti, Charles,295
12100101,Multiple Oxides,Multiple Oxide,Spinel CrSp1_2,Cheek, Leah,295
14083001,N/A,Glass,Glass, synthetic BAA-2 CO2,McCanta, Molly,295
07061106,Single-Width Unbranched Chains W=1,Pyroxene,Pyroxene, synthetic Wo10En45Fs45 009,Lindsley, Donald,225
ud213h,Single-Width Unbranched Chains W=1,Pyroxene,Dish Hill Cpx DH-213 50.25 2mil 7-29-94,Dyar, Darby,295
l86leh,Double-Width Unbranched Chains W=2,Amphibole,Wilshire Hornblende 86LEH 9mil 9-30-91,Wilshire, Howard,295
20071701,Sheets of Six-Membered Rings,Talc,Gunter Talc #126, CT_AM, Univ. of Idaho,Gunter, Mickey,295
10100201,N/A,Terrestrial Samples,Sandstone Moenkopi sample 2 PNF_1_6,Schoonen, Martin,295
02071701,Insular SiO4 Groups Only,Garnet,Garnet, almandine GAR 103,Cloutis, Edward,295
nmsoco,Insular SiO4 Groups Only,Olivine,Mackwell Syn.Olv. CO-Co2 10^-7 - 10^-9 atm fO2 800degrees celsius 100h,Mackwell, Steve,295
07122005,Single-Width Unbranched Chains W=1,Pyroxene,Pyroxene, synthetic En50Fs50 SynPx004,Lindsley, Donald,4
05112102,Insular SiO4 Groups Only,Olivine,Olivine, synthetic Fo60 Hartzman,Lindsley, Donald,200
12041703,Simple Oxides,Oxide,Hematite 763 7-12,Breves, Elly,200
08092201,Hydrated Sulfates Containing Hydroxyl or Halogen,Sulfate,Sideronatrite 115164,Dyar, Darby,295
08021901,Anhydrous Sulfates Containing Hydroxyl or Halogen,Alunite,Jarosite, synthetic H 0.5 Na,Dyar, Darby,295
07042101,Single-Width Unbranched Chains W=1,Pyroxene,Pyroxene, synthetic Wo50En0Fs50,Lindsley, Donald,275
06011401,Single-Width Unbranched Chains W=1,Pyroxene,Pyroxene, synthetic En3SFs65 025,Lindsley, Donald,295
04120401,Insular SiO4 Groups Only,Olivine,Olivine, synthetic Fo30 ,Lindsley, Donald,12
06042001,N/A,Fulgurite,Fulgurite Texas Pecos Plains sand,Sheffer, Abigail,295
07120105,Single-Width Unbranched Chains W=1,Pyroxene,Pyroxene, synthetic Wo20En56Fs24 019,Lindsley, Donald,4
15041503,Hydroxides and Oxides Containing Hydroxyl,Hydroxide,Goethite, synthetic, nanophase GOET012315,Sklute, Elizabeth,295-220
15041801,Simple Oxides,Oxide,Lepidocrocite, synthetic, nanophase LEP030415,Sklute, Elizabeth,80
20090901,Sheets of Six-Membered Rings,Talc,Gunter Talc #88, US_CA_CT_Westal, Univ. of Idaho,Dyar, Darby,295
11031602,Simple Oxides,Oxide,Magnetite V.1 62nm,Nyiro-Kosa, Ilona,12
12061601,N/A,Biogeochemical Mineralogical By-Products,Sully_4 inoculated + incubated at 92C for 100h past stationary phase  ,Holden, Jim,4
18011601,N/A,Biogeochemical Mineralogical By-Products,P. delaneyi Lepidocrocite heat + cells anoxically dried,Kashyap, Srishti,220
05111201,Simple Oxides,Oxide,Ferrihydrite, reduced JB-428 reduced 409A ,Bishop, Janice,18.3
07030704,N/A,Terrestrial Samples,Rusticle 6516 WM-1,Lunze, Jason,295
15012805,Simple Oxides,Oxide,Magnetite KRN-10-02 Kiirunavaara low phosphorous ore MUN,Hanchar, John,295
09011501,Hydrated Sulfates Containing Hydroxyl or Halogen,Sulfate,Fibroferrite G596-1 31.9.12.1,Dyar, Darby,295
04042703,Insular SiO4 Groups Only,Olivine,Fayalite, synthetic,Menzies, Olwyn,85
15010101,Double-Width Unbranched Chains W=2,Amphibole,Amphibole 05.29H,Barnes, Cal,295
20112501,Single-Width Unbranched Chains W=1,pyroxene,Aegirine 82544 AMNH Langesundsfjorden Norway,Dyar, Darby,295
11071201,N/A,Biogeochemical Mineralogical By-Products,Roane July 2011, inoculated + incubated 92C 100h,Holden, Jim,12
19070301,N/A,Terrestrial Samples,Blood falls sample ES26 air dried sediment mostly sample,Mikucki, Jill,220
07111405,Single-Width Unbranched Chains W=1,Pyroxene,Pyroxene, synthetic En90 Fs10GDL-CMP-065,Lindsley, Donald,100
13092501,Sheets of Six-Membered Rings,Smectite,Nontronite, shocked Nau-1 39.1 GPa ,Michalski, Joe,295
xpbmt17,Six-Membered Rings,Tourmaline,BLK MTN pegmatite BMT-17 Pink Tourmaline 28mil 8-22-92,Dyar, Darby,295
15042501,Simple Oxides,Oxide,Maghemite, synthetic, nanophase MAGH041415,Sklute, Elizabeth,80
06111603,Insular SiO4 Groups Only,Olivine,Olivine, synthetic Fo89.5,Lindsley, Donald,295
09010301,Hydrated Sulfates Containing Hydroxyl or Halogen,Sulfate,Copiapite FAC-7 JB-842,Bishop, Janice,295
11032304,Simple Oxides,Oxide,Maghemite VI.1 70nm,Nyiro-Kosa, Ilona,45
12022902,Hydroxides and Oxides Containing Hydroxyl,Hydroxide,Lepidocrocite Zuikmentelel Silesia HMM 81159,Dyar, Darby,200
13070401,Multiple Oxides,Multiple Oxide,Spinel FeSp8-3 Brown U.,Cheek, Leah,295
17032301,Insular SiO4 Groups Only,Olivine,Montticellite NMNH 13639, Italy, whole sample not pure but maybe only one Fe bearing phase,Dyar, Darby,150
21041201,N/A,rock,Hendrix JSC-1a treatment JSC-1a,Hendrix, Donald,295
11020501,N/A,Terrestrial Samples,Sandstone PNF-4-2 (12),Schoonen, Martin,295
06082103,Single-Width Unbranched Chains W=1,Pyroxene,Pyroxene, re-equilibrated MPYX-5A,McCanta, Molly,295
04022501,Anhydrous Sulfates Containing Hydroxyl or Halogen,Sulfate,Romerite SPT 113,Cloutis, Edward,230
18061701,N/A,Biogeochemical Mineralogical By-Products,Ice Mamba M1-2 Blood Falls culture, dead cell control, ferrihydrite, anoxically dried ,Mickuchi, Jill,80
01021501,Double-Width Unbranched Chains W=2,Amphibole,Hornblende 96AHNS,Qunke,295
11072906,Hydrated Phosphates, Arsenates, and Vanadates containing Hydroxyl or Halogen,Phosphate,Triphylite DD193,Dyar, Darby,295
02061101,Hydrated Acid and Sulfates,Sulfate,Coquimbite SPT 119,Cloutis, Edward,295
19041502,Simple Oxides,oxide,Wustite, synthetic D intermediate very slightly magnetic,Lindsley, Donald,295
08010102,Single-Width Unbranched Chains W=1,Pyroxene,Pyroxene, synthetic Wo10En13.5Fs76.5 048,Lindsley, Donald,150
07050106,Single-Width Unbranched Chains W=1,Pyroxene,Pyroxene, synthetic Wo10En22.5Fs67.5 053,Lindsley, Donald,125
04022601,Insular SiO4 Groups Only,Olivine,Olivine San Carlos,Dyar, Darby,230
08010106,Single-Width Unbranched Chains W=1,Pyroxene,Pyroxene, synthetic Wo10En13.5Fs76.5 048,Lindsley, Donald,60
20072101,Sheets of Six-Membered Rings,Talc,Gunter Talc #130, CB_IT, Univ. of Idaho,Gunter, Mickey,295
10061001,N/A,Mixtures,Nontronite -- Magnesite 50:50 mix JB-953,Bishop, Janice,295
rgoh49,Sheets of Six-Membered Rings,Mica,Guidotti Muscovite O-H-49' zone Gr 38mil 3-12-93,Guidotti, Charles,295
jgrac6,Sheets of Six-Membered Rings,Mica,Guidotti Biotite Ra-c61-66 7  19mil 11-9-90,Guidotti, Charles,295
15080502,Insular SiO4 Groups Only,Olivine,Olivine, fayalite, Germany, Greifensteiner, Kalk NMNH 1210672,Dyar, Darby,295
18071901,Si2O7 Groups, Generally with No Additional Anions,Pyroxene,Pyroxene HMM 93406 Sumatra, Indonesia,Dyar, Darby,295
r27bbt,Sheets of Six-Membered Rings,Mica,Guidotti Biotite SBG-7 Sebago 72mil 7-3-93,Guidotti, Charles,295
n3017c,Sheets of Six-Membered Rings,Chlorite,McKibben core sample chlorite 3017' 32mil 5-31-92,McKibben, Mike,295
04040203,Anhydrous Sulfates Containing Hydroxyl or Halogen,Sulfate,Melanterite SPT 130,Cloutis, Edward,45
fbb1sp,Multiple Oxides,Multiple Oxide,Dish Hill Ba-2-1 B-1 Spinel 1mil 5-21-89,McGuire, Anne,295
07030801,Simple Oxides,Oxide,Magnetite PV4,Li, Y.-L.,295
11122301,N/A,Biogeochemical Mineralogical By-Products,Chimney EG09-2 "inside" dried,Holden, Jim,295
11010401,Al-Si Frameworks,Feldspar,Feldspar, plagioclse 1382a (An73),Cheek, Leah,295
07082901,N/A,Glass,Glass, synthetic NNO-1.5_Pt Basalt,Dufresne, Celeste,295
16121301,Single-Width Unbranched Chains W=1,Pyroxene,Orthoferrosilite NMNH 134665, Norway, Lofoten Island, Austauguy,Dyar, Darby,295
01081101,Al-Si Frameworks,Feldspar,Feldspar Lake County,Dyar, Darby,295
04060901,Anhydrous Sulfates Containing Hydroxyl or Halogen,Sulfate,Tochilinite TOC 101,Dyar, Darby,12
10111201,Simple Oxides,Oxide,Hematite, nanophase Alfa Aesar 07-2010,Holden, Jim,45
08010305,Single-Width Unbranched Chains W=1,Pyroxene,Pyroxene, synthetic Wo30Fs70 085,Lindsley, Donald,40
11111001,Single-Width Unbranched Chains W=1,Pyroxene,Orthopyroxene BRZ-Bulk T3,Klima, Rachel,295
19043001,N/A,Terrestrial Samples,Rainier andesite DLR Dyar-McCanta,Dyar, Darby,295
v2sp12,Single-Width Unbranched Chains W=1,Pyroxene,Spinel Peridotite H279-12 CPX 10.55 16mil 2-9-95,McGuire, Anne,295
06101903,Anhydrous Sulfates Containing Hydroxyl or Halogen,Alunite,Jarosite, synthetic 8 K0.75Na0.25Fe1.5Al1.5 ,Tosca, Nick,295
19072601,N/A,Terrestrial Samples,Blood falls sample ES25 air dried sediment mostly sample,Mikucki, Jill,150
07011601,Insular SiO4 Groups Only,Olivine,Sand 260 ,Schaefer, Martha,295
12051901,N/A,Industrial Samples,Coal fly ash 3% Fe coal devolatilized 800C,Fan, Maohong,275
17061901,N/A,Biogeochemical Mineralogical By-Products,MFE DIS-1 filtered 6-26-17 then frozen ,Ross, Laura,4
13031401,Hydrated Sulfates Containing Hydroxyl or Halogen,Sulfate,Amarantite G3775 Los Pintados, Chile,Dyar, Darby,24
11113004,Sheets of Six-Membered Rings,Smectite,Nontronite Nau-1 Shocked 20 GPa no acetone,Michalski, Joe,295
08010902,Single-Width Unbranched Chains W=1,Pyroxene,Pyroxene, synthetic Wo50En0Fs50 041,Lindsley, Donald,295
t39a8f,Double-Width Unbranched Chains W=2,Amphibole,Goodge Hornblende 39A-86 18mil 2-17-94,Goodge, John,295
07041904,Single-Width Unbranched Chains W=1,Pyroxene,Pyroxene, synthetic Wo20En20Fs20 055,Lindsley, Donald,125
18100501,Single-Width Unbranched Chains W=1,Pyroxene,Pyroxene LAR 04316,68,Dyar, Darby,295
19021101,N/A,Glass,McCanta Glass BHVO-2 QFM PDCV-1,McCanta, Molly,295
06122004,Sheets of Six-Membered Rings,Smectite,Montmorillonite Swa-1 JB-170,Bishop, Janice,250
07120203,Single-Width Unbranched Chains W=1,Pyroxene,Pyroxene, synthetic En70Fs30 SynPx 026A,Lindsley, Donald,150
qgra31,Sheets of Six-Membered Rings,Mica,Guidotti Muscovite Ra-a31-66 zone (?) 48mil 11-29-92,Guidotti, Charles,295
17021301,N/A,Terrestrial Samples,Granite PEL 1847 Lofoten Islands, Norway,Helbert, Joern,295
09082201,N/A,Terrestrial Samples,Basalt Mid-Atlantic Ridge 161-2,Reynolds, Valerie,295
06080701,Insular SiO4 Groups Only,Garnet,Garnet YUK-371-77,Taran, Michail,295
06121704,Sheets of Six-Membered Rings,Smectite,Nontronite Sampor smectite JB-175 ,Bishop, Janice,100
07043002,Single-Width Unbranched Chains W=1,Pyroxene,Pyroxene, synthetic En17Fs83C 024,Lindsley, Donald,45
07022502,Hydrated Phosphates, Arsenates, and Vanadates containing Hydroxyl or Halogen,Phosphate,Barbosalite P38(1) Tip Top Mine, Custer, Co, SD,Dyar, Darby,295
05081702,Sheets of Six-Membered Rings,Mica,Phlogopite 710-1B,Guidotti, Charles,295
05101801,Hydrated Sulfates Containing Hydroxyl or Halogen,Sulfate,Copiapite SPT 125 dry,Cloutis, Edward,200
13121101,N/A,Glass,Glass, synthetic BAS-4 IW,McCanta, Molly,295
11032604,Simple Oxides,Oxide,Maghemite VI.2 100nm,Nyiro-Kosa, Ilona,24
01102601,Simple Oxides,Oxide,Ilmenite PK,McEnroe, Suzanne,295
07061205,Single-Width Unbranched Chains W=1,Pyroxene,Pyroxene, synthetic Wo10En45Fs45 009,Lindsley, Donald,100
vrut17,Six-Membered Rings,Tourmaline,Metamorphic Ru-T17-92 Tourmaline 31.79 19mil 11-5-94,Dyar, Darby,295
10072601,N/A,Industrial Samples,Steel #8,Gupta, Ratnesh,295
03102001,N/A,Mixtures,Goethite -- Jarosite 130260 Mix #2,Bishop, Janice,245
07122506,Single-Width Unbranched Chains W=1,Pyroxene,Pyroxene, synthetic Wo40En48Fs12 075,Lindsley, Donald,100
05121204,Insular SiO4 Groups Only,Olivine,Olivine, synthetic Fo10,Lindsley, Donald,40
18041502,N/A,Biogeochemical Mineralogical By-Products,P. delaneyi Ferrihydrite no heat-no cells anoxically dried ,Kashyap, Srishti,80
18052401,Single-Width Unbranched Chains W=1,Pyroxene,Diopside Hershel,Dyar, Darby,295
15022302,N/A,Terrestrial Samples,Ocean sediment KN223-S12-LC1-S06-0-5 BU,Anderson, Chloe,295
05111902,Insular SiO4 Groups Only,Olivine,Olivine, synthetic Fo80 Podpara,Lindsley, Donald,40
11121201,N/A,Fulgurite,Fulgurite T1 Egypt,Nottke, Tony,295
04092002,Insular SiO4 Groups Only,Olivine,Olivine unaltered,Bentley, Mark,295
04060201,Anhydrous Sulfates Containing Hydroxyl or Halogen,Sulfate,Romerite SPT 110,Cloutis, Edward,45
07101301,N/A,Mixtures,Garnet standards mix (almandine and andradite),Dyar, Darby,150
11072802,Hydrated Phosphates, Arsenates, and Vanadates containing Hydroxyl or Halogen,Phosphate,Tavorite DD135,Dyar, Darby,295
07120109,Single-Width Unbranched Chains W=1,Pyroxene,Pyroxene, synthetic En70Fs30 SynPx 026A,Lindsley, Donald,225
10102401,Al-Si Frameworks,Feldspar,Feldspar, plagioclase 5851 (An2),Cheek, Leah,295
w4epa1,Single-Width Unbranched Chains W=1,Pyroxene,Peridotite Ep-1-123A 01 257.11 10mil 6-15-95,McGuire, Anne,295
12062701,Hydrated Phosphates, Arsenates, and Vanadates containing Hydroxyl or Halogen,Phosphate,Vivianite DD312,Dyar, Darby,12
06121401,Sheets of Six-Membered Rings,Mica,Biotite mica-Fe CRPG Geostandard,Dyar, Darby,18
11071708,N/A,Industrial Samples,Coal Fly Ash FeOOH 25C,Fan, Maohoung,225
hsc1570,Insular SiO4 Groups Only,Olivine,Freund S.C. Olvine 15hrs, 700degrees celsius 4mil 9-12-89,Freund, Friedemann,973
11113003,N/A,Fulgurite,Fulgurite T-13 chinite, Guangdong PRC,Nottke, Tony,295
14062501,N/A,Glass,Glass, synthetic BAS-2 Air,McCanta, Molly,295
04080402,Insular SiO4 Groups Only,Olivine,Olivine, synthetic Fo60,Menzies, Olywn,30
12082904,Sheets of Six-Membered Rings,Clay,Clay VA22 603-604,Michalski, Joe,295
07042602,Insular SiO4 Groups Only,Olivine,Olivine, synthetic Fo89.5 New,Lindsley, Donald,18
18073001,Double-Width Unbranched Chains W=2,Amphibole,Amphibole G5-2,Law, Tony,295
07092001,Simple Oxides,Oxide,Ferrihydrite JA-499 Iceland,Bishop, Janice,295
03031801,Al-Si Frameworks,Feldspar,Feldspar Bushveld BS31,Tegner, Christian,295
03103101,Sheets of Six-Membered Rings,Kaolinite-Serpentine,Antigorite JA-561,Bishop, Janice,12
11020701,N/A,Terrestrial Samples,Sandstone PNF-4-6 (9),Schoonen, Martin,295
13070301,Multiple Oxides,Multiple Oxide,Spinel FeSp8-1,Cheek, Leah,295
d112gt,Insular SiO4 Groups Only,Garnet,Hunt Valley Garnet HV-112 1mil 7-11-88,Lang, Helen,295
10111202,Simple Oxides,Oxide,Hematite, nanophase Alfa Aesar 07-2010,Holden, Jim,30
11051601,N/A,Glass,Glass, synthetic Gardner 1013A,Gardner, Jim,295
06061101,Simple Oxides,Oxide,Magnetite C1,Li, Y.-L.,295
15040901,N/A,Biogeochemical Mineralogical By-Products,Sully March innoculation time point 6, series A no acetone,Holden, Jim,150
05062401,Sheets of Six-Membered Rings,Chlorite,Chlorite CG-BG 2,Guidotti, Charles,295
ehsmg3,Insular SiO4 Groups and O, OH, F, and H2O,Staurolite,Holdaway Staurolite EH-6 1mil 10-11-88,Holdaway, Michael,295
13041701,Sulfides, including Selenides and Tellurides,Sulfite,Marcasite Waredale, England MHC Collection,Dyar, Darby,130
04072101,Insular SiO4 Groups Only,Olivine,Olivine, synthetic Fo80,Menzies, Olywn,60
12041101,Simple Oxides,Oxide,Wustite, synthetic B,Lindsley, Donald,4
16041101,N/A,Glass,Glass, synthetic VUL +0,Cannon, Kevin,295
14101701,N/A,Terrestrial Samples,Core U1429A 15-1-32 WHOI ash,Gosan, Liviu,295
15033003,N/A,Terrestrial Samples,Core U1425B 3-6-45 WHOI,Gosan, Liviu,250
05041101,N/A,Glass,Glass, space-weathered S6505R,Noble, Sarah,295
06011404,Single-Width Unbranched Chains W=1,Pyroxene,Pyroxene, synthetic En17Fs83C 024,Lindsley, Donald,295
04080902,Insular SiO4 Groups Only,Olivine,Olivine, synthetic Fo60,Menzies, Olywn,42
07050701,Single-Width Unbranched Chains W=1,Pyroxene,Pyroxene, synthetic Wo30En49Fs21 067,Lindsley, Donald,125
13071702,N/A,Industrial Samples,Coal fly ash 2Fe 2Na Pyrolysis coal,Fan, Maohong,295
04041503,Hydrated Acid and Sulfates,Sulfate,Szomolnokite 560,Dyar, Darby,45
13071402,Single-Width Unbranched Chains W=1,Pyroxene,Orthopyroxene Bample Brown U.,Cheek, Leah,295
16043001,N/A,Terrestrial Samples,Ocean sediment 185 1149 02H01 53-55 bulk BU,Anderson, Chloe,295
18051701,N/A,Terrestrial Samples,Dolerite PRR-25633 surface,Salvatore, Mark,295
06090502,Simple Oxides,Oxide,Ferrihydrite, synthetic JB-46,Bishop, Janice,295
03112302,Simple Oxides,Oxide,Ferrihydrite JB-564 Czech 5005-1,Bishop, Janice,35
15082102,N/A,Biogeochemical Mineralogical By-Products,Sully Wet Ferrihydrite FH Control Initial,Holden, Jim,295
17010701,N/A,Terrestrial Samples,Amphibolite PEL DLR-1506-1535 Venus-analog ,Helbert, Joern,295
07051403,Single-Width Unbranched Chains W=1,Pyroxene,Pyroxene, synthetic Wo40En30Fs30 079,Lindsley, Donald,4
11031302,Simple Oxides,Oxide,Magnetite V.1 62nm,Nyiro-Kosa, Ilona,150
12082903,Sheets of Six-Membered Rings,Clay,Clay VA22 575-577,Michalski, Joe,295
v2srv4,Insular SiO4 Groups Only,Garnet,Smyth Garnet SRV-4 49.62 3mil 4-1-95,Smyth, Joe,295
05120702,Insular SiO4 Groups Only,Olivine,Olivine, synthetic Fo30,Lindsley, Donald,275
05100901,Hydroxides and Oxides Containing Hydroxyl,Hydroxide,Green Rust #2,Mazeina, Lena,14.9
05080701,Anhydrous Sulfates Containing Hydroxyl or Halogen,Alunite,Jarosite, synthetic 8B heated to 300C,Brophy, Gerald,295
05082001,Sheets of Six-Membered Rings,Chlorite,Chlorite CG-BG 3,Guidotti, Charles,295
r210bt,Sheets of Six-Membered Rings,Mica,Guidotti Biotite SBG-10 64mil 6-4-93,Guidotti, Charles,295
15060701,Simple Oxides,Oxide,Hematite MOD22_22 magnetic separates,McEnroe, Suzanne,35
03081501,Simple Oxides,Oxide,Ferrihydrite, synthetic JB-46 (RBG-Sherman) <45mm ,Bishop, Janice,295
qgoc18,Sheets of Six-Membered Rings,Mica,Guidotti Muscovite o-c-18 zone 8 40mil 1-10-93,Guidotti, Charles,295
07043008,Single-Width Unbranched Chains W=1,Pyroxene,Pyroxene, synthetic Wo10En22.5Fs67.5 053,Lindsley, Donald,295
15081003,N/A,Biogeochemical Mineralogical By-Products,Sully 7-15 Wet Ferrihydrite FH Final A ,Holden, Jim,150
13080201,N/A,Glass,Glass, synthetic AND-2 QFM,McCanta, Molly,295
05022601,Hydrated Acid and Sulfates,Sulfate,Voltaite 115035,Dyar, Darby,295
15070902,N/A,Biogeochemical Mineralogical By-Products,Islandicum Pipes buffer control time point 0,Holden, Jim,80
05031101,Hydrated Acid and Sulfates,Sulfate,Szomolnokite DD100,Dyar, Darby,295
04042101,Anhydrous Sulfates Containing Hydroxyl or Halogen,Sulfate,Romerite SPT 118,Cloutis, Edward,20
20110301,N/A,Terrestrial Samples,AX17 AK heat no cells (2),Elizabeth Sklute,4
bmok9,Sheets of Six-Membered Rings,Mica,Guidotti Biotite o-k-9 1mil 12-15-87,Guidotti, Charles,295
06101502,Anhydrous Sulfates Containing Hydroxyl or Halogen,Alunite,Natrojarosite AJ5-3 UC Davis,Dyar, Darby,295
11050901,N/A,Glass,Glass, experimental PD2K-3 Pinatubo dacite,Bell,295
15081704,N/A,Biogeochemical Mineralogical By-Products,Sully 7-15 Dry Ferrihydrite FH Final A ,Holden, Jim,220
15052701,N/A,Glass,Glass, synthetic RHY-6 Mo-MoO2,McCanta, Molly,295
13012201,Sheets of Six-Membered Rings,Kaolinite-Serpentine,Serpentine, Nor4-12_back_green Greenberger-Mustard Brown U.,Greenberger, Rebecca,295
06071804,Double-Width Unbranched Chains W=2,Amphibole,Amphibole SC #1,Righter, Kevin,295
04092801,Double-Width Unbranched Chains W=2,Amphibole,Amphibole Mo-2A ,Moore, Paulus,295
16011501,N/A,Biogeochemical Mineralogical By-Products,Sully Dry Ferrihydrite FH 0C FROZEN,Holden, Jim,150
10121004,Hydroxides and Oxides Containing Hydroxyl,Hydroxide,Akaganeite, nanophase 1GOE 07-2010 ,Bosch, Julian,200
07102401,Insular SiO4 Groups Only,Garnet,Garnet, grossular AK97-9b Willsboro Mine, Clinopyroxene-bearing rock, Willsboro, NY,Dyar, Darby,295
08010111,Single-Width Unbranched Chains W=1,Pyroxene,Pyroxene, synthetic Wo30Fs70 085,Lindsley, Donald,275
03040101,Al-Si Frameworks,Feldspar,Feldspar Bushveld B1,Tegnar, Christian,295
qe3cab,Sheets of Six-Membered Rings,Mica,Earley Biotite 3Ca Biotite 8mil 10-14-92,Earley, Drummond,295
05121002,Insular SiO4 Groups Only,Olivine,Olivine, synthetic Fo10,Lindsley, Donald,275
03020801,Sheets of Six-Membered Rings,Kaolinite-Serpentine,Antigorite JA-562,Bishop, Janice,295
ud212h,Single-Width Unbranched Chains W=1,Pyroxene,Dish Hill Cpx DH-212 73.13 6mil 7-29-94,Dyar, Darby,295
13091501,N/A,Miscellaneous,Green Tea B 1Fe:2GT disc mount,Oakes, Jacqueline,295
05032101,Hydrated Acid and Sulfates,Sulfate,Halotrichite V70127 ,Dyar, Darby,295
07041007,Single-Width Unbranched Chains W=1,Pyroxene,Pyroxene, synthetic Wo5En47.5Fs47.5 012,Lindsley, Donald,45
06120704,Sheets of Six-Membered Rings,Chlorite,Chlorite, clinochlore West Chester PA,Dyar, Darby,24
12041402,Simple Oxides,Oxide,Wustite, synthetic BB2,Lindsley, Donald,80
08030401,Sheets of Six-Membered Rings,Mica,Annite Mix 4.001,Francis, M.,295
10120903,Hydroxides and Oxides Containing Hydroxyl,Hydroxide,Akaganeite, nanophase 1GOE 07-2010 ,Bosch, Julian,100
00122101,Single-Width Unbranched Chains W=1,Pyroxene,Diopside 95AK24,Johnson, Elizabeth,295
17022501,N/A,Terrestrial Samples,Palagonite tuff PBB-08,Farrand, Bill,4
07122207,Single-Width Unbranched Chains W=1,Pyroxene,Pyroxene, synthetic Wo20En40Fs40 051,Lindsley, Donald,80
04100101,Double-Width Unbranched Chains W=2,Amphibole,Amphibole PBM-7,Dyar, Darby,295
21020301,Sheets of Six-Membered Rings,Talc,Gunter Talc #80 CT_NYTAL_100,Gunter, Mickey,295
13061901,N/A,Miscellaneous,Green Tea 1Fe:2GT mounted dry,Oakes, Jacqueline,295
04082601,Insular SiO4 Groups Only,Olivine,Olivine, synthetic Fo40,Lindsley, Donald,20
11051801,N/A,Glass,Glass, synthetic Gardner 1019B,Gardner, Jim,295
10111504,N/A,Biogeochemical Mineralogical By-Products,Islandicum inoculated 11-08-2010,Holden, Jim,250
18041603,N/A,Biogeochemical Mineralogical By-Products,P. delaneyi Ferrihydrite heat-no cells anoxically dried ,Kashyap, Srishti,150
h200_k,Al-Si Frameworks,Feldspar,Housely 200,Housely, Robert,200
n29855,Sheets of Six-Membered Rings,Chlorite,McKibben Core sample chlorite 298C5' 26mil 5-29-92,McKibben, Mike,295
07042504,Insular SiO4 Groups Only,Olivine,Olivine, synthetic Fo89.5 New,Lindsley, Donald,45
06032201,Single-Width Unbranched Chains W=1,Pyroxene,Jadeite 8E NMNH R3076,Sorensen, Sorena,295
11101401,N/A,Terrestrial Samples,Sandstone, Caspian Sea PNF 10-6, grey ss, no acetone,Schoonen, Martin,295
06072305,Anhydrous Sulfates Containing Hydroxyl or Halogen,Alunite,Jarosite, synthetic T7 (K0Na1H3O0)(Fe2.25Al0.75),Tosca, Nick,295
06082003,Single-Width Unbranched Chains W=1,Pyroxene,Pyroxene, shocked MPX-8,McCanta, Molly,295
07120202,Single-Width Unbranched Chains W=1,Pyroxene,Pyroxene, synthetic En70Fs30 SynPx 026A,Lindsley, Donald,175
r282bt,Sheets of Six-Membered Rings,Mica,Guidotti Biotite SBG-82 Sebago 63mil 7-5-93,Guidotti, Charles,295
04052201,N/A,Terrestrial Samples,Basalt JB-395-A Haleakala,Bishop, Janice,12
18020601,N/A,Biogeochemical Mineralogical By-Products,P. islandicum Lepidocrocite heat-no cells anoxically dried,Kashyap, Srishti,4
07081901,N/A,Glass,Glass, synthetic NNO +1_2 Basalt,Dufresne, Celeste,295
07062701,Sheets of Six-Membered Rings,Pyrophyllite-Talc,Talc FTA-19-R2 J.C.C 8-4-06,Jenkins, David,295
06071704,Double-Width Unbranched Chains W=2,Amphibole,Amphibole Soda Springs #3,King, Penny,295
rc143m,Sheets of Six-Membered Rings,Mica,Chinner 83143 Muscovite 53mil 4-1-93,Chinner,295
11072901,Anhydrous Phosphates, Arsenates, and Vanadates containing Hydroxyl or Halogen,Phosphate,Rockbridgeite R-2,Dyar, Darby,295
gbaxhb,Double-Width Unbranched Chains W=2,Amphibole,Dish Hill HBL X 6:49 am 8mil 9-5-89,Dyar, Darby,295
07040104,Single-Width Unbranched Chains W=1,Pyroxene,Pyroxene, synthetic Wo5En66.5Fs28.5 015,Lindsley, Donald,175
05101601,Anhydrous Sulfates Containing Hydroxyl or Halogen,Alunite,Jarosite Schiffman 9100410,Harding, Sherie,295
16041201,N/A,Glass,Glass, synthetic VUL +,Cannon, Kevin,295
09020901,N/A,Miscellaneous,Ferrous Glutonate Pharmalytic,Dyar, Darby,295
04081817,Simple Oxides,Oxide,Hematite, synthetic,Dyar, Darby,225
05082501,Anhydrous Sulfates Containing Hydroxyl or Halogen,Alunite,Jarosite, synthetic 2B heated to 300C,Brophy, Gerald,120
18110501,Sheets of Six-Membered Rings,Talc,Gunter Talc #25, ITA_Rodoretto_A2, Univ. of Idaho,Gunter, Mickey,295
13010701,Al-Si Frameworks,Feldspar,Feldspar, plagioclase SS(An68),Cheek, Leah,295
07101302,N/A,Mixtures,Garnet standards mix (almandine and andradite),Dyar, Darby,125
07110902,Single-Width Unbranched Chains W=1,Pyroxene,Pyroxene, synthetic Wo40En55F55 Px077,Lindsley, Donald,45
02090301,Al-Si Frameworks,Feldspar,Feldspar Bushveld B20,Tegnar, Christian,295
20100703,N/A,Terrestrial Samples,AX17 Bioreduced Fh Heat no Cells (2A),Elizabeth Sklute,150
05100301,Anhydrous Sulfates Containing Hydroxyl or Halogen,Sulfate,Romerite SPT 110 dry,Cloutis, Edward,250
05101402,Hydroxides and Oxides Containing Hydroxyl,Hydroxide,Green Rust #6,Mazeina, Lena,295
h290,Al-Si Frameworks,Feldspar,Housely Anorthite Fe3+ 290K,Housely, Robert,295
05080903,Anhydrous Sulfates Containing Hydroxyl or Halogen,Alunite,Jarosite, synthetic 16B heated to 300C,Brophy, Gerald,295
17041301,Single-Width Unbranched Chains W=1,Pyroxene,Hedenbergite126736 South mnt. Laxeymine, Owyhee Co, Idaho,Dyar, Darby,300
05011601,Six-Membered Rings,Tourmaline,Tourmaline Him3,Ertl, Andreas,295
12082403,Sheets of Six-Membered Rings,Clay,Clay VA22 602-603,Michalski, Joe,295
01093001,Al-Si Frameworks,Feldspar,Feldspar Bushveld BT13-b P1,Tegnar, Christian,295
07122605,Single-Width Unbranched Chains W=1,Pyroxene,Pyroxene, synthetic Wo40En48Fs12 075,Lindsley, Donald,24
08060301,Si2O7 with Additional O, H, F and H2O,Axinite,Axinite MA30,Oyman, Tolga,295
04111802,Insular SiO4 Groups Only,Olivine,Olivine, synthetic Fo70,Menzies, Olywn,60
10031701,Simple Oxides,Oxide,Ferrihydrite 8 Chat 1 >44,Estes, Emily,295
07052804,Single-Width Unbranched Chains W=1,Pyroxene,Pyroxene, synthetic Wo20En64Fs16 017,Lindsley, Donald,80
19041902,N/A,Industrial Samples,Ferric Citrate JC23686003,Williams, Simon,295
04121401,Insular SiO4 Groups Only,Olivine,Olivine, synthetic Fo10 ,Lindsley, Donald,80
12061401,Hydrated Phosphates, Arsenates, and Vanadates containing Hydroxyl or Halogen,Phosphate,Vivianite DD311,Dyar, Darby,4
03110602,N/A,Mixtures,Ferrihydrite -- Magnetite Balmont Mix #4,Bishop, Janice,12
16043002,Simple Oxides,Oxide,Ferrihydrite, reacted SG FH-40-0-A,Dehouck, Erwin,295
10120502,N/A,Terrestrial Samples,Basalt, altered HYD-8 Atacama Desert ,Greenberger, Rebecca,295
18070901,N/A,Biogeochemical Mineralogical By-Products,Ice Mamba M1-5 Blood Falls culture, live cells, air, ferrihydrite, oxically dried,Mickuchi, Jill,295
19091202,Double-Width Unbranched Chains W=2,Amphibole,Hastingsite Dp3K,Jenkins, David,295
03071502,Simple Oxides,Oxide,Ferrihydrite 96214 Smedley's Iron Mine ,Dyar, Darby,15
gba1hb,Double-Width Unbranched Chains W=2,Amphibole,Dish Hill HBL Dh-101 A 8mil 9-6-89,McGuire, Anne,295
02101701,Six-Membered Rings,Tourmaline,Schorl Eibenstein,Ertl, Andreas,295
07050804,Single-Width Unbranched Chains W=1,Pyroxene,Pyroxene, synthetic Wo30En49Fs21 067,Lindsley, Donald,24
14112401,N/A,Terrestrial Samples,Core U1429A 2-1-145 WHOI,Gosan, Liviu,295
05010802,Anhydrous Sulfates Containing Hydroxyl or Halogen,Sulfate,Romerite SPT 110,Cloutis, Edward,210
eftjc3,Six-Membered Rings,Tourmaline,Foit tourmaline JC-3 3mil 12-19-88,Foit, Nick,295
06121510,Sheets of Six-Membered Rings,Mica,Glauconite Hurricane Mountain, NH,Dyar, Darby,12
07122710,Single-Width Unbranched Chains W=1,Pyroxene,Pyroxene, synthetic Wo50En15Fs35 037,Lindsley, Donald,125
11062702,N/A,Glass,Glass, synthetic DD K2294 3,Dyar, Darby,295
07030602,Anhydrous Sulfates Containing Hydroxyl or Halogen,Alunite,Jarosite, synthetic EPML - 022407,Tosca, Nick,295
05111003,Insular SiO4 Groups Only,Olivine,Olivine, synthetic Fo50,Lindsley, Donald,35
07113004,Single-Width Unbranched Chains W=1,Pyroxene,Pyroxene, synthetic Wo20En56Fs24 019,Lindsley, Donald,100
15082101,N/A,Biogeochemical Mineralogical By-Products,Sully 7-15 Dry Ferrihydrite FH Control Initial ,Holden, Jim,220
07112705,Single-Width Unbranched Chains W=1,Pyroxene,Pyroxene, synthetic Wo50En25Fs25 039,Lindsley, Donald,150
11020101,Sheets of Six-Membered Rings,Kaolinite-Serpentine,Antigorite GP-2B,Evans, Bernard,295
04072302,Insular SiO4 Groups Only,Olivine,Olivine, synthetic Fo80,Menzies, Olywn,95
20102601,N/A,Terrestrial Samples,AX17 Bioreduced Akaganeite heat + cells (1),Elizabeth Sklute,295
07050204,Single-Width Unbranched Chains W=1,Pyroxene,Pyroxene, synthetic Wo10En22.5Fs67.5 053,Lindsley, Donald,12
17060802,Hydroxides and Oxides Containing Hydroxyl,Biogeochemical Mineralogical By-Products,Geobacter Lepidocrocite heat-no cells, filtered then dried anaerobically 6-5-17,Valvur, Helena,80
20042701,Sheets of Six-Membered Rings,Talc,Gunter Talc #20, CHI_94, Univ. of Idaho,Gunter, Mickey,295
12100501,Multiple Oxides,Multiple Oxide,Spinel FeSp6_4,Cheek, Leah,295
kst33l,Insular SiO4 Groups Only,Olivine,Mackwell Olivine 1400C 10^-3.3atm 4hrs 11mil 5-17-91,Mackwell, Steve,295
20120601,Single-Width Unbranched Chains W=1,pyroxene,Aegirine AMNH 40068 Mont Saint-Hilaire, Canada,Dyar, Darby,295
l547ag,Insular SiO4 Groups Only,Garnet,Holdaway Assm. 4 547-A Garnet 9mil 8-12-91,Holdaway, Michael,295
07111404,Single-Width Unbranched Chains W=1,Pyroxene,Pyroxene, synthetic En90 Fs10GDL-CMP-065,Lindsley, Donald,125
e112mu,Sheets of Six-Membered Rings,Mica,Hunt Valley Muscovite HV-112 (pany;redo) 7mil 2-14-89,Lang, Helen,295
15051501,N/A,Glass,Glass, synthetic Peralum B 450C, CO2 111814,McCanta, Molly,295
04071102,Six-Membered Rings,Beryl,Beryl, blue #56,Groat, Lee,12
07041801,Single-Width Unbranched Chains W=1,Pyroxene,Pyroxene, synthetic En8Fs92A 021A,Lindsley, Donald,18
fb0vph,Sheets of Six-Membered Rings,Mica,Dish Hill Ba-2-100 vein phlogopite 1mil 5-23-89,McGuire, Anne,295
09100601,Sheets of Six-Membered Rings,Mica,Glaucophane Cyros, Greece,Jenkins, David,295
l5c84c,Sheets of Six-Membered Rings,Chlorite,Guidotti Chlorite zone 5 Ra-c84-66 11mil 10-22-91,Guidotti, Charles,295
15082204,N/A,Biogeochemical Mineralogical By-Products,Sully Wet Ferrihydrite FH Control Initial,Holden, Jim,220
05030701,Hydrated Acid and Sulfates,Sulfate,Szomolnokite 159098,Dyar, Darby,295
09052801,N/A,Meteorite,Meteorite Y 984028 interior whole rock,Dyar, Darby,325
04010801,N/A,Fulgurite,Fulgurite CT tube with rock,Sheffer, Abigail,295
04082004,Simple Oxides,Oxide,Hematite, synthetic,Dyar, Darby,50
05010801,Anhydrous Acid and Sulfates,Sulfate,Yavapaiite MD L-579,Lane, Melissa,295
03072001,Simple Oxides,Oxide,Ferrihydrite 96214 Smedley's Iron Mine ,Dyar, Darby,160
02122901,Insular SiO4 Groups Only,Olivine,Olivine, Meteorite Chassigny,Dyar, Darby,295
07122310,Single-Width Unbranched Chains W=1,Pyroxene,Pyroxene, Synthetic Wo20Fs80 SynPx087 ,Lindsley, Donald,175
18042501,N/A,Biogeochemical Mineralogical By-Products,P. Islandicum Ferrihydrite no heat-no cells anoxically dried ,Kashyap, Srishti,5
11091301,N/A,Terrestrial Samples,Oil sand ES,Osacky, Marek,4
16121001,Insular SiO4 Groups Only,Olivine,Monticellite NMNH 159061, California, Riverside Co., Crestmore Quarry,Dyar, Darby,295
04092301,Insular SiO4 Groups Only,Olivine,Olivine, irradiated MSB 6,Bentley, Mark,295
14123101,Insular SiO4 Groups Only,Garnet,Garnet 06.05H,Barnes, Cal,295
17012201,Al-Si Frameworks,Feldspar,Feldspar Bushveld B-16,Tegner, Christian,80
06120505,Sheets of Six-Membered Rings,Chlorite,Chlorite, clinochlore West Chester PA,Dyar, Darby,175
15120601,Simple Oxides,Oxide,Magnetite, synthetic, nanophase MAG041415 cation deficient,Sklute, Elizabeth,7
13032401,N/A,Biogeochemical Mineralogical By-Products,Sully_3 10-02-12  ,Holden, Jim,30
08070906,Anhydrous Sulfates Containing Hydroxyl or Halogen,Alunite,Jarosite, synthetic 0.2Na 40Fe 140°C w-alumina (U),Basciano, Laurel,295
12011801,N/A,Terrestrial Samples,Sandstone PNF11_3,Schoonen, Martin,295
02101601,Six-Membered Rings,Tourmaline,Schorl Konigsalm,Ertl, Andreas,295
10092301,Hydroxides and Oxides Containing Hydroxyl,Hydroxide,Goethite, nanophase C1 07-20-10 m.08-23-10,Tosca, Nick,295
07111904,Single-Width Unbranched Chains W=1,Pyroxene,Pyroxene, synthetic Wo50En0Fs50 083,Lindsley, Donald,150
05120703,Insular SiO4 Groups Only,Olivine,Olivine, synthetic Fo30,Lindsley, Donald,250
11061502,Simple Oxides,Oxide,Ferrihydrite HFO Douthat Bridge Water Column,Estes, Emily,18
17061402,Simple Oxides,Biogeochemical Mineralogical By-Products,Geobacter Ferrihydrite heat+cells, filtered then dried anaerobically 6-5-17,Valvur, Helena,80
06031401,Single-Width Unbranched Chains W=1,Pyroxene,Jadeite 8A NMNH 94303,Sorensen, Sorena,295
07040902,Single-Width Unbranched Chains W=1,Pyroxene,Pyroxene, synthetic Wo10En63Fs27 010,Lindsley, Donald,4
17071401,N/A,Biogeochemical Mineralogical By-Products,Freshwater iron mat extra material collected 10-26-16 filtered 6-16-17 stored frozen dried in air 4 h,Ross, Laura,295
03101301,Single-Width Unbranched Chains W=1,Pyroxene,Pyroxene H30-B4 Spinel lherzolite, Harrat al Kishb, Saudi Arabia,Dyar, Darby,190
08030201,Anhydrous Sulfates Containing Hydroxyl or Halogen,Alunite,Jarosite, synthetic G H30,Dyar, Darby,295
07121606,Single-Width Unbranched Chains W=1,Pyroxene,Pyroxene, synthetic En30Fs70 SynPx 023,Lindsley, Donald,45
fba3sp,Multiple Oxides,Multiple Oxide,Dish Hill Ba-2-1 A3 Spinel 1mil 5-20-89,McGuire, Anne,295
07110801,Single-Width Unbranched Chains W=1,Pyroxene,Pyroxene, synthetic Wo40En55F55 Px077,Lindsley, Donald,125
03121402,Simple Oxides,Oxide,Maghemite JB-301,Bishop, Janice,245
10060101,Sheets of Six-Membered Rings,Smectite,Nontronite JB-790a,Bishop, Janice,295
07051002,Single-Width Unbranched Chains W=1,Pyroxene,Pyroxene, synthetic Wo40En30Fs30 079,Lindsley, Donald,250
12072301,N/A,Terrestrial Samples,Halemaumau H10-6,McCanta, Molly,295
06121206,Sheets of Six-Membered Rings,Mica,Biotite mica-Fe CRPG Geostandard,Dyar, Darby,250
11070203,N/A,Industrial Samples,Coal Fly Ash Sample M Fe6+,Fan, Mahoung,18
07051101,Single-Width Unbranched Chains W=1,Pyroxene,Pyroxene, synthetic Wo40En30Fs30 079,Lindsley, Donald,200
15061204,Insular SiO4 Groups Only,Olivine,Olivine SCOFe3-1 ,Gaetani, Glenn,295
vfsh79,N/A,Industrial Samples,Fly Ash 91979-100 SN 12.058 6mil 11-16-94,unknown,295
07050304,Single-Width Unbranched Chains W=1,Pyroxene,Pyroxene, synthetic En40Fs60 with metal blebs 005A ,Lindsley, Donald,175
07041201,Single-Width Unbranched Chains W=1,Pyroxene,Pyroxene, synthetic Wo10En36Fs54 011,Lindsley, Donald,225
12022402,Hydroxides and Oxides Containing Hydroxyl,Hydroxide,Goethite nanophase np-Gt A1,Tosca, Nick,200
05111301,Insular SiO4 Groups Only,Olivine,Olivine, synthetic Fo70 Hartzman,Lindsley, Donald,293
07042301,Single-Width Unbranched Chains W=1,Pyroxene,Pyroxene, synthetic Wo50En0Fs50,Lindsley, Donald,12
04081806,Simple Oxides,Oxide,Hematite, synthetic,Dyar, Darby,280
02041101,Simple Oxides,Oxide,Ilmenite KI-2193,Morse, S.A.,295
14060401,N/A,Glass,Glass, synthetic BAS-7 QFM,McCanta, Molly,295
15060503,Simple Oxides,Oxide,Hematite MOD22_22 magnetic separates,McEnroe, Suzanne,75
08042301,Al-Si Frameworks,Feldspar,Feldspar K139 Hildreth,Hildreth, Wes,295
as131g,Double-Width Unbranched Chains W=2,Amphibole,Sevigny Hornblende 1mil 11-19-87,unknown,295
12021304,Hydroxides and Oxides Containing Hydroxyl,Hydroxide,Goethite HMM 119377 Florissant Co., CO,Dyar, Darby,4
18020603,N/A,Biogeochemical Mineralogical By-Products,P. islandicum Lepidocrocite heat-no cells anoxically dried,Kashyap, Srishti,150
11030701,Simple Oxides,Oxide,Magnetite III.1 70nm,Nyiro-Kosa, Ilona,175
18022301,N/A,Industrial Samples,Ca2Fe2O5, fresh #1 University of Wyoming,Sun, Zhao,295
fba2sp,Multiple Oxides,Multiple Oxide,Dish Hill Ba-2-1 A2 Spinel 1mil 5-20-89,McGuire, Anne,295
06100302,Hydrated Acid and Sulfates,Sulfate,Bilinite 169017,Dyar, Darby,295
09052601,N/A,Meteorite,Meteorite Y 984028 exterior whole rock,Dyar, Darby,325
12061402,Hydrated Phosphates, Arsenates, and Vanadates containing Hydroxyl or Halogen,Phosphate,Vivianite DD311,Dyar, Darby,80
03052701,Simple Oxides,Oxide,Hemo-ilmenite 1009,McEnroe, Suzanne,295
07122504,Single-Width Unbranched Chains W=1,Pyroxene,Pyroxene, synthetic Wo40En48Fs12 075,Lindsley, Donald,150
02080601,N/A,Meteorite,Meteorite LEW 88516,36 whole rock,Dyar, Darby,295
09110102,N/A,Hydroxide,Ferrihydrite, Fe Gel, dehydrated,Holden, Jim,100
17032001,Insular SiO4 Groups Only,Olivine,Montticellite NMNH 13639, Italy, whole sample not pure but maybe only one Fe bearing phase,Dyar, Darby,100
15041404,Hydroxides and Oxides Containing Hydroxyl,Hydroxide,Akageneite, synthetic, nanophase AKAG020515,Sklute, Elizabeth,80
02011001,Double-Width Unbranched Chains W=2,Amphibole,Amphibole 20 loCa 2ER4 24 hrs,Jenkins, David,80
15061602,N/A,Meteorite,Meteorite Allende APL,Hibbitts, Karl,295
12021601,N/A,Biogeochemical Mineralogical By-Products,Roane-Sully 2, Fe gel media uninoculated + incubated 92C overnight, prepared Dec 2011 ,Holden, Jim,295
16010701,N/A,Biogeochemical Mineralogical By-Products,Sully Dry Ferrihydrite FH C FROZEN,Holden, Jim,220
04051701,N/A,Terrestrial Samples,Basalt JB-395-A Haleakala,Bishop, Janice,295
bsarpx,Single-Width Unbranched Chains W=1,Pyroxene,Sarambi Pyroxene SARPx 4mil 1-12-88,unknown,295
08100901,Anhydrous Sulfates Containing Hydroxyl or Halogen,Sulfate,Linarite GA2 Chile,Dyar, Darby,295
02113001,Sheets of Six-Membered Rings,Kaolinite-Serpentine,Antigorite JA-560,Bishop, Janice,295
07122505,Single-Width Unbranched Chains W=1,Pyroxene,Pyroxene, synthetic Wo40En48Fs12 075,Lindsley, Donald,125
19041201,Simple Oxides,oxide,Wustite, synthetic D intermediate very slightly magnetic,Lindsley, Donald,80
07091001,Double-Width Unbranched Chains W=2,Amphibole,Amphibole 84-BR,Dyar, Darby,18
11021001,N/A,Terrestrial Samples,Sandstone PNF-4-7 (2),Schoonen, Martin,295
qe7nab,Sheets of Six-Membered Rings,Mica,Earley Biotite 7. Na Biotite 6mil 10-19-92,Earley, Drummond,295
10011501,Sheets of Six-Membered Rings,Kaolinite-Serpentine,Antigorite IM-3A,Evans, Bernard,295
05081901,Sheets of Six-Membered Rings,Chlorite,Chlorite CG-BG 1,Guidotti, Charles,295
07112301,Single-Width Unbranched Chains W=1,Pyroxene,Pyroxene, synthetic Wo10En72Fs18 018,Lindsley, Donald,80
08051002,Hydrated Acid and Sulfates,Sulfate,Szomolnokita,Coleman, Max,295
21021502,N/A,Terrestrial Samples,AX17 grown on Lepidocrocite 1 heat + cells,Elizabeth Sklute,150
10110502,Simple Oxides,Oxide,Ferrihydrite, nanophase 1GOE 03-2010,Bosch, Julian,4
06062301,Single-Width Unbranched Chains W=1,Pyroxene,Pyroxene, shocked MPX8,McCanta, Molly,295
06081502,Single-Width Unbranched Chains W=1,Pyroxene,Pyroxene, synthetic En90Fs10 G DL-CMP-065,Lindsley, Donald,295
19070502,N/A,Terrestrial Samples,Blood falls sample ES27 air dried sediment mostly sample,Mikucki, Jill,80
14073101,N/A,Glass,Glass, synthetic DAC-1 Mo-MoO2,McCanta, Molly,295
thslac,N/A,Industrial Samples,Hagni Fly Ash LACLEDE 7mil 2-8-94,unknown,295
fshv4,Insular SiO4 Groups and O, OH, F, and H2O,Staurolite,Hunt Valley Staurolite HV-4 1mil 2-16-89,Lang, Helen,295
10012001,Sheets of Six-Membered Rings,Chlorite,Clinochlore (ripidolite) CCa-2 JB-794 <45mm,Bishop, Janice,295
um293b,Six-Membered Rings,Tourmaline,HS #43293 Buergerite Tourmaline 49.75 5mil 10-12-94,Dyar, Darby,295
07121909,Single-Width Unbranched Chains W=1,Pyroxene,Pyroxene, synthetic En50Fs50 SynPx004,Lindsley, Donald,30
10112501,N/A,Terrestrial Samples,Basalt, altered HYD-4 Atacama Desert ,Greenberger, Rebecca,295
04072919,Native Elements and Alloys,Metal,Fe foil  4 mm-s,n/a,280
07111001,Single-Width Unbranched Chains W=1,Pyroxene,Pyroxene, synthetic Wo40En55F55 Px077,Lindsley, Donald,30
06121205,Sheets of Six-Membered Rings,Mica,Biotite mica-Fe CRPG Geostandard,Dyar, Darby,275
07052103,Double-Width Unbranched Chains W=2,Amphibole,Kaersutite Fr-12,Dyar, Darby,100
psp35s,Multiple Oxides,Multiple Oxide,Spinel Peridotite Ki-5-35 Spinel 10mil 8-17-92,McGuire, Anne,295
07050401,Single-Width Unbranched Chains W=1,Pyroxene,Pyroxene, synthetic En40Fs60 with metal blebs 005A ,Lindsley, Donald,80
02101801,Six-Membered Rings,Tourmaline,Schorl Goslarn,Ertl, Andreas,295
06011502,Single-Width Unbranched Chains W=1,Pyroxene,Pyroxene, synthetic En17FS83A 020,Lindsley, Donald,295
tcc54c,Sheets of Six-Membered Rings,Kaolinite-Serpentine,O'Hanley Chrysotile C54 Chrasb. 88mil 5-9-94,O'Hanley, David,295
v22man,Sheets of Six-Membered Rings,Mica,Mancini Biotite Run1 63.93 3mil 4-15-95,unknown,295
14111001,Double-Width Unbranched Chains W=2,Amphibole,Hastingsite Mueller HAST-5-0-2C 0%,Jenkins, David,295
07112502,Single-Width Unbranched Chains W=1,Pyroxene,Pyroxene, synthetic En80Fs20 006,Lindsley, Donald,200
04112301,Insular SiO4 Groups Only,Olivine,Olivine, synthetic Fo70,Menzies, Olywn,270
15030404,N/A,Terrestrial Samples,Core V1424A 3-5-54 WHOI,Gosan, Liviu,250
16040701,N/A,Glass,Glass, synthetic VUL-1,Cannon, Kevin,295
08050802,Anhydrous Sulfates Containing Hydroxyl or Halogen,Sulfate,Romerite,Coleman, Max,295
13101901,N/A,Miscellaneous,Green Tea filter paper 1 M FeCl3 NFZ70 9-18,Oakes, Jacqueline,295
20072901,Multiple Oxides,oxide,magnetite, Marty Gilmore,Gilmore, Marty,295
07050409,Single-Width Unbranched Chains W=1,Pyroxene,Pyroxene, synthetic Wo30En49Fs21 067,Lindsley, Donald,295
03022001,N/A,Meteorite,Meteorite ALHA 77005 fusion crust,Dyar, Darby,295
05031801,Anhydrous Sulfates Containing Hydroxyl or Halogen,Sulfate,Romerite C5602-1,Dyar, Darby,295
12040901,Multiple Oxides,Oxide,Hercynite 96710 Kongsberg, Bohemia,Dyar, Darby,200
04090102,Insular SiO4 Groups Only,Olivine,Olivine, synthetic Fo20,Lindsley, Donald,170
20070701,Sheets of Six-Membered Rings,Talc,Gunter Talc #112 USA_NC_HC_CT_light,Gunter, Mickey,295
04081812,Simple Oxides,Oxide,Hematite, synthetic,Dyar, Darby,250
06122701,Double-Width Unbranched Chains W=2,Amphibole,Amphibole, Meteorite LAP 04840,16,Dyar, Darby,295
t28a8a,Double-Width Unbranched Chains W=2,Amphibole,Goodge Hornblende 28A-86 14mil 2-19-94,Goodge, John,295
r2gh72,Sheets of Six-Membered Rings,Mica,Guidotti Muscovite zone 7 O-H-72 2mil 8-17-93,Guidotti, Charles,295
04081910,Simple Oxides,Oxide,Hematite, synthetic,Dyar, Darby,170
12042101,Simple Oxides,Oxide,Wustite, synthetic D intermediate very slightly magnetic,Lindsley, Donald,4
07112103,Single-Width Unbranched Chains W=1,Pyroxene,Pyroxene, synthetic Wo10En72Fs18 018,Lindsley, Donald,295
praa29,Sheets of Six-Membered Rings,Mica,Guidotti Muscovite RA-a29-66 Muscovite 47mil 9-6-92,Guidotti, Charles,295
11120102,Sheets of Six-Membered Rings,Chlorite,Chlorite, shocked 10 GPa no acetone,Michalski, Joe,295
dstf70,Insular SiO4 Groups and O, OH, F, and H2O,Staurolite,Rice Staurolite Fe70-1 3mil 9-22-88,Rice, Jack,295
07050503,Single-Width Unbranched Chains W=1,Pyroxene,Pyroxene, synthetic Wo30En49Fs21 067,Lindsley, Donald,225
16013001,Simple Oxides,Oxide,WSol028-C nolanite 4-6nm,John, Jesse,295
04120402,Insular SiO4 Groups Only,Olivine,Olivine, synthetic Fo30 ,Lindsley, Donald,18
06051401,Double-Width Unbranched Chains W=2,Amphibole,Amphibole CM 1B,King, Penny,295
11070503,N/A,Industrial Samples,Coal Fly Ash Sample T Fe6+,Fan, Mahoung,24
07050903,Single-Width Unbranched Chains W=1,Pyroxene,Pyroxene, synthetic Wo30En49Fs21 067,Lindsley, Donald,4
07022003,Insular SiO4 Groups Only,Garnet,Garnet 5v-Ra-a13-66,Guidotti, Charles,295
07061102,Single-Width Unbranched Chains W=1,Pyroxene,Pyroxene, synthetic Wo40En15Fs45 070,Lindsley, Donald,4
09020401,Sheets of Six-Membered Rings,Mica,Glaucophane 6lFE-9-122 6-11-08,Jenkins, David,295
15040503,N/A,Terrestrial Samples,Core U1424A 1-4-121 WHOI,Gosan, Liviu,250
20112101,N/A,Terrestrial Samples,AK17 Lep heat + no cells (3a),Elizabeth Sklute,295
19010901,N/A,Glass,McCanta Glass PDCV-5 IW AP 15 G,McCanta, Molly,295
09051701,Simple Oxides,Oxide,Wustite, synthetic A Fe-saturated,Lindsley, Donald,175
depopx,Single-Width Unbranched Chains W=1,Pyroxene,Ep-1-13 OPX Potrillo Maar, NM 7-28-88,McGuire, Anne,295
08060502,Si2O7 with Additional O, H, F and H2O,Axinite,Axinite I3-225,Oyman, Tolga,295
15062401,N/A,Glass,Glass, synthetic RHY-5 Mo-MoO2,McCanta, Molly,295
13081302,N/A,Glass,Glass, synthetic AND-2 AIR,McCanta, Molly,295
06061601,Single-Width Unbranched Chains W=1,Pyroxene,Pyroxene, shocked MPX6,McCanta, Molly,295
07110803,Single-Width Unbranched Chains W=1,Pyroxene,Pyroxene, synthetic Wo40En55F55 Px077,Lindsley, Donald,80
12021101,Sheets of Six-Membered Rings,Smectite,Smectite SCB-W first separate,Harding, Sherie,295
06072107,Anhydrous Sulfates Containing Hydroxyl or Halogen,Alunite,Jarosite, synthetic NAJ 7-2 Na.84H3O.16Fe2.62Al.3,Dyar, Darby,295
15083102,N/A,Biogeochemical Mineralogical By-Products,Islandicum 8-15 Dry Ferrihydrite FH Initial A,Holden, Jim,80
13090901,Native Elements and Alloys,Metal,Fe foil  4 mm-s,n/a,295
xubmt20,Six-Membered Rings,Tourmaline,Blk. Mtn. Pegmatite BMT-20 Tourmaline 54.38 1mil 9-19-94,Dyar, Darby,295
19120101,Sheets of Six-Membered Rings,Talc,Gunter Talc #46, USA_CA_Victorville, Univ. of Idaho,Gunter, Mickey,295
06110301,Hydrated Acid and Sulfates,Sulfate,Voltaite 137958,Dyar, Darby,225
12091701,Al-Si Frameworks,Feldspar,Feldspar, plagioclase 1382a (An73),Cheek, Leah,295
07041707,Single-Width Unbranched Chains W=1,Pyroxene,Pyroxene, synthetic En8Fs92A 021A,Lindsley, Donald,45
09062901,Sheets of Six-Membered Rings,Kaolinite-Serpentine,Antigorite ATG 75-32,Evans, Bernard,295
07060404,Single-Width Unbranched Chains W=1,Pyroxene,Pyroxene, synthetic Wo30En17.5F252.5 066,Lindsley, Donald,100
02060201,Anhydrous Sulfates Containing Hydroxyl or Halogen,Alunite,Natrojarosite SPT 114,Cloutis, Edward,295
06080902,Double-Width Unbranched Chains W=2,Amphibole,Amphibole Soda Springs #4,King, Penny,295
18033101,N/A,Terrestrial Samples,Lake Towuti sediment RS0286 Brown Univerisity,Sheppard, Rachel,4
pspb30,Single-Width Unbranched Chains W=1,Pyroxene,Spinel Peridotite CPX H30-63 29mil 6-15-92,McGuire, Anne,295
07032905,Single-Width Unbranched Chains W=1,Pyroxene,Pyroxene, synthetic Wo8En46Fs46 013,Lindsley, Donald,100
04030802,Insular SiO4 Groups Only,Olivine,Forsterite standard H131929,Dyar, Darby,190
06091201,Compound Sulfates,Sulfate,Botryogen C5525-3,Dyar, Darby,295
04031501,N/A,Fulgurite,Fulgurite Trinity Glass sand #1,Sheffer, Abby,295
11071502,N/A,Industrial Samples,Coal Fly Ash FeOOH 25C,Fan, Maohoung,4
07111501,Single-Width Unbranched Chains W=1,Pyroxene,Pyroxene, synthetic En90 Fs10GDL-CMP-065,Lindsley, Donald,80
07030701,N/A,Terrestrial Samples,Rusticle 6514-1,Lunze, Jason,295
11030303,Simple Oxides,Oxide,Magnetite I.1 12nm,Nyiro-Kosa, Ilona,150
10091103,N/A,Biogeochemical Mineralogical By-Products,Hyperthermus butylicus log growth 8-19-10 mounted dry,Holden, Jim,257
03072002,Simple Oxides,Oxide,Ferrihydrite 96214 Smedley's Iron Mine ,Dyar, Darby,185
06080906,Double-Width Unbranched Chains W=2,Amphibole,Amphibole SC #3,Righter, Kevin,295
20070101,Sheets of Six-Membered Rings,Talc,Gunter Talc #107, USA_VT_CT_Engelhard_top, Univ. of Idaho,Gunter, Mickey,295
17070602,N/A,Biogeochemical Mineralogical By-Products,J2675 SS yellow collected 3-28-13 filtered 6-16-17 stored in freezer,Ross, Laura,80
07051103,Single-Width Unbranched Chains W=1,Pyroxene,Pyroxene, synthetic Wo40En30Fs30 079,Lindsley, Donald,150
10111703,N/A,Biogeochemical Mineralogical By-Products,Islandicum inoculated 11-08-2010,Holden, Jim,30
12051703,N/A,Industrial Samples,Coal fly ash 3% Fe coal devolatilized 800C + 10 min H2O,Fan, Maohong,200
01102901,Simple Oxides,Oxide,Hemo-ilmenite 4-B,McEnroe, Suzanne,295
08080701,Hydrated Acid and Sulfates,Sulfate,Blodite G809,Dyar, Darby,295
jkmitu,Six-Membered Rings,Tourmaline,Kerrich McKenzie Island Tourmaline 11mil 2-18-91,Kerrich, Bob,295
14111701,Double-Width Unbranched Chains W=2,Amphibole,Hastingsite Mueller HAST-5-80 80% ,Jenkins, David,295
07061203,Single-Width Unbranched Chains W=1,Pyroxene,Pyroxene, synthetic Wo10En45Fs45 009,Lindsley, Donald,150
15062703,N/A,Biogeochemical Mineralogical By-Products,Islandicum Pipes buffer time point 6 control,Holden, Jim,150
15040301,N/A,Terrestrial Samples,Core U1425B 1-4-26 WHOI,Gosan, Liviu,250
05100403,Anhydrous Sulfates Containing Hydroxyl or Halogen,Sulfate,Romerite SPT 110 dry,Cloutis, Edward,125
13041601,Hydrated Acid and Sulfates,Sulfate,Coquimbite G2677,Dyar, Darby,130
07050302,Single-Width Unbranched Chains W=1,Pyroxene,Pyroxene, synthetic En40Fs60 with metal blebs 005A ,Lindsley, Donald,225
03041101,Al-Si Frameworks,Feldspar,Feldspar Bushveld B12,Tegnar, Christian,295
07040901,Single-Width Unbranched Chains W=1,Pyroxene,Pyroxene, synthetic Wo10En63Fs27 010,Lindsley, Donald,12
04122801,Insular SiO4 Groups Only,Olivine,Olivine, synthetic Fo90 ,Lindsley, Donald,270
03010802,Anhydrous Sulfates Containing Hydroxyl or Halogen,Alunite,Jarosite 132060 Sierra Pena Blanca, Mexico,Dyar, Darby,295
07022201,Insular SiO4 Groups and O, OH, F, and H2O,Staurolite,Staurolite O-J-66,Guidotti, Charles,295
10062901,N/A,Mixtures,Forsterite -- Nontronite -- Magnesite 20:10:10 mix JB-968,Bishop, Janice,295
17052501,Double-Width Unbranched Chains W=2,Amphibole,Ferroglaucophane,Harper, Martin,300
02020801,Al-Si Frameworks,Feldspar,Anorthite Fe2+ ,Housely, Robert,160
h29ol,Insular SiO4 Groups Only,Olivine,S. African Gt. Perid Kb-12-29 Olivine 15mil 9-14-89,McGuire, Anne,295
jh3b1c,Single-Width Unbranched Chains W=1,Pyroxene,H30-B1 CPX for Moss. 33mil 2-24-91,McGuire, Anne,295
r2ac4e,Sheets of Six-Membered Rings,Mica,Guidotti Muscovite Ra-C4-66 (rerun) 126mil 8-8-93,Guidotti, Charles,295
08101501,Hydrated Sulfates Containing Hydroxyl or Halogen,Sulfate,Copiapite G596-1,Dyar, Darby,295
05120705,Insular SiO4 Groups Only,Olivine,Olivine, synthetic Fo30,Lindsley, Donald,200
02010801,Double-Width Unbranched Chains W=2,Amphibole,Amphibole 30 mol % Fe 3CR7,Jenkins, David,80
ud203h,Single-Width Unbranched Chains W=1,Pyroxene,Dish Hill Cpx DH-203 77.30 7mil 7-16-94,Dyar, Darby,295
l84brh,Double-Width Unbranched Chains W=2,Amphibole,Wilshire Hornblende 84-BR 3mil 9-28-91,Wilshire, Howard,295
15030301,N/A,Terrestrial Samples,Ocean sediment KN223-S10-LC1-S02-0-10 BU,Anderson, Chloe,295
07122107,Single-Width Unbranched Chains W=1,Pyroxene,Pyroxene, synthetic Wo10Fs90 088,Lindsley, Donald,45
18073002,Double-Width Unbranched Chains W=2,Amphibole,Amphibole A3,Law, Tony,295
19042001,N/A,Industrial Samples,Ferric Citrate JC23686002,Williams, Simon,295
04081809,Simple Oxides,Oxide,Hematite, synthetic,Dyar, Darby,265
10090101,Hydroxides and Oxides Containing Hydroxyl,Hydroxide,Goethite, nanophase C1 07-20-10 m.08-23-10,Tosca, Nick,30
05102802,Insular SiO4 Groups Only,Olivine,Olivine, synthetic Fo20 Zhou,Lindsley, Donald,18
11121601,N/A,Biogeochemical Mineralogical By-Products,Chimney EG09-2 "inside" dried,Holden, Jim,4
04040903,Insular SiO4 Groups Only,Olivine,Fayalite, synthetic Fe0,Menzies, Olwyn,120
07122201,Single-Width Unbranched Chains W=1,Pyroxene,Pyroxene, synthetic Wo20En40Fs40 051,Lindsley, Donald,225
05091301,Sheets of Six-Membered Rings,Chlorite,Chlorite Likenhoo 24,unkwn,295
kzz5bi,Sheets of Six-Membered Rings,Mica,Zhou Z5 Biotite 6mil 6-20-91,Zhou, Fuxing,295
15123101,N/A,Biogeochemical Mineralogical By-Products,Sully Wet Ferrihydrite FH 0C FROZEN,Holden, Jim,220
18012401,N/A,Biogeochemical Mineralogical By-Products,P. islandicum Akaganeite no heat-no cells anoxically dried,Kashyap, Srishti,4
06112706,Insular SiO4 Groups Only,Zircon,Zircon, synthetic 48 57Fe+p,Hanchar, John,190
04051202,Sheets of Six-Membered Rings,Kaolinite-Serpentine,Antigorite JA-560,Bishop, Janice,150
04033101,Simple Oxides,Oxide,Ferrihydrite JB-428 reduced 409A,Bishop, Janice,295
15070201,N/A,Biogeochemical Mineralogical By-Products,Islandicum Pipes buffer time point 4 run A,Holden, Jim,150
crac466,Sheets of Six-Membered Rings,Mica,Guidotti Biotite Ra-C4-66 Rerun 4mil 4-6-88,Guidotti, Charles,295
11081002,Simple Oxides,Oxide,Ferrihydrite 2 DB Seep Bio,Estes, Emily,4
11042701,Anhydrous Phosphates, Arsenates, and Vanadates containing Hydroxyl or Halogen,Phosphate,Triplite DD305,Dyar, Darby,295
07092702,Simple Oxides,Oxide,Ferrihydrite JA-499 Iceland,Bishop, Janice,18
07122211,Single-Width Unbranched Chains W=1,Pyroxene,Pyroxene, synthetic Wo20En40Fs40 051,Lindsley, Donald,24
04042002,Anhydrous Sulfates Containing Hydroxyl or Halogen,Sulfate,Romerite SPT 116,Cloutis, Edward,30
18042801,N/A,Biogeochemical Mineralogical By-Products,P. Islandicum Ferrihydrite heat + cells anoxically dried ,Kashyap, Srishti,5
04122302,Insular SiO4 Groups Only,Olivine,Olivine, synthetic Fo90 ,Lindsley, Donald,145
16011502,N/A,Biogeochemical Mineralogical By-Products,Sully Dry Ferrihydrite FH 0C FROZEN,Holden, Jim,80
06122102,Sheets of Six-Membered Rings,Smectite,Montmorillonite Swa-1 JB-170,Bishop, Janice,175
18100701,N/A,Terrestrial Samples,Lake Towuti Sediment RS0238 Brown University,Sheppard, Rachel,130
15060301,N/A,Meteorite,Meteorite USNM 6926 Bells, TX,Hibbitts, Karl,295
13082801,Sheets of Six-Membered Rings,Kaolinite-Serpentine,Serpentine MCL-1-A, A. URI,Stander, Amy,295
07060402,Single-Width Unbranched Chains W=1,Pyroxene,Pyroxene, synthetic Wo30En17.5F252.5 066,Lindsley, Donald,150
07061304,Single-Width Unbranched Chains W=1,Pyroxene,Pyroxene, synthetic Wo10En45Fs45 009,Lindsley, Donald,18
11030602,Simple Oxides,Oxide,Magnetite III.1 70nm,Nyiro-Kosa, Ilona,250
11122003,Anhydrous Carbonates,Carbonate,Siderite Brendt Hyde,King, Penny,80
16090301,Sheets of Six-Membered Rings,Mica,Biotite 44A 54 degrees ambient,Bucholz, Claire,285
13041901,Hydrated Acid and Sulfates,Sulfate,Gypsum GYP-D Brammer standard,Dyar, Darby,4
02102201,Six-Membered Rings,Tourmaline,Olenite Green Eibenstein,Ertl, Andreas,295
h12_k,Al-Si Frameworks,Feldspar,Housley Anorthite Fe2+ 12K,Housely, Robert,12
20050602,Sheets of Six-Membered Rings,Talc,Gunter Talc #35, USA_GA_Earnest_fibrous, Univ. of Idaho,Gunter, Mickey,295
04102802,Multiple Oxides,Multiple Oxide,Spinel Br-14,Choi, Sung Hi,295
05102001,Hydrated Sulfates Containing Hydroxyl or Halogen,Sulfate,Copiapite SPT 125 dry,Cloutis, Edward,55
11070201,N/A,Industrial Samples,Coal Fly Ash Sample M Fe6+,Fan, Mahoung,30
01081201,N/A,Terrestrial Samples,Basalt JB-455 G2 dry,Bishop, Janice,295
16080501,Sheets of Six-Membered Rings,Mica,Biotite 95-29,Bucholz, Claire,295
05072201,Single-Width Unbranched Chains W=1,Pyroxene,Pyroxene, re-equilibrated MPYX-5B,McCanta, Molly,295
11091903,N/A,Meteorite,Meteorite MET 01070,Howard, Kieran,295
ud231h,Single-Width Unbranched Chains W=1,Pyroxene,Dish Hill Cpx DH-231 80.72 5mil 8-5-94,Dyar, Darby,295
s254bt,Sheets of Six-Membered Rings,Mica,Guidotti Biotite 82-54 Songo 13mil 10-24-93,Guidotti, Charles,295
14020703,Anhydrous Sulfates Containing Hydroxyl or Halogen,Sulfate,Amorphous ferric sulfate 012414AChv,Sklute, Elizabeth,295
07011701,Sheets of Six-Membered Rings,Mica,Biotite S95,Seaman, Sheila,295
03081002,Simple Oxides,Oxide,Ferrihydrite, synthetic JB-46 (RBG-Sherman) <45mm ,Bishop, Janice,30
12040401,Simple Oxides,Oxide,Magnetite JB-307,Bishop, Janice,130
19071201,N/A,Terrestrial Samples,Blood falls sample ES24 air dried sediment mostly sample,Mikucki, Jill,150
ehbspn,Multiple Oxides,Multiple Oxide,Al Kishb SA Spinel H30-B2 8mil 11-9-88,McGuire, Anne,295
18090503,Double-Width Unbranched Chains W=2,Amphibole,Amphibole Tony Law C1,Dyar, Darby,295
01091901,N/A,Meteorite,Meteorite #11,Bland, Phil,295
qgrac6,Sheets of Six-Membered Rings,Mica,Guidotti Muscovite Ra-c61-66 zone 7 43mil 12-13-92,Guidotti, Charles,295
16092201,Hydroxides and Oxides Containing Hydroxyl,Hydroxide,Goethite, synthetic, nanophase GOET030216 freeze dried,Sklute, Elizabeth,220
07021402,Sheets of Six-Membered Rings,Chlorite,Clinochlore West Chester, PA,Dyar, Darby,12
05102706,Insular SiO4 Groups Only,Olivine,Olivine, synthetic Fo20 Zhou,Lindsley, Donald,35
12062402,Hydrated Phosphates, Arsenates, and Vanadates containing Hydroxyl or Halogen,Phosphate,Vivianite DD171,Dyar, Darby,4
19110801,Sheets of Six-Membered Rings,Talc,Gunter Talc #44, USA_NC_Murphy_143, Univ. of Idaho,Gunter, Mickey,295
10103001,Simple Oxides,Oxide,Ferrihydrite, nanophase 1GOE 06-2008,Bosch, Julian,60
15082203,N/A,Biogeochemical Mineralogical By-Products,Sully Wet Ferrihydrite FH Control Initial,Holden, Jim,150
11121901,N/A,Biogeochemical Mineralogical By-Products,Chimney EG09-1-2 "outside" dried,Holden, Jim,80
vsp25x,Single-Width Unbranched Chains W=1,Pyroxene,Spinel Perid Ki-5-235 CPX 22.17 18mil 12-3-94,McGuire, Anne,295
17070501,Multiple Oxides,Multiple Oxide,Spinel FeSp6_1 Brown U.,Cheek, Leah,295
13071203,Sheets of Six-Membered Rings,Kaolinite-Serpentine,Serpentine McL_M81-309_105_B11_B1, A. URI,Stander, Amy,295
07122703,Single-Width Unbranched Chains W=1,Pyroxene,Pyroxene, synthetic Wo50En15Fs35 037,Lindsley, Donald,295
12070502,Native Elements and Alloys,Metal,Fe foil  10 mm-s,n/a,295
l5a3gc,Sheets of Six-Membered Rings,Chlorite,Guidotti Chlorite Zone 5 Ra-A3-66 12mil 10-25-91,Guidotti, Charles,295
10110301,Simple Oxides,Oxide,Ferrihydrite, nanophase 1GOE 03-2010,Bosch, Julian,45
04041002,Insular SiO4 Groups Only,Olivine,Fayalite, synthetic Fe0,Menzies, Olwyn,170
20112001,N/A,Terrestrial Samples,AK17 Lep heat + no cells (3a),Elizabeth Sklute,220
13110401,N/A,Industrial Samples,Metal FCC Goldstein prepared mount,Goldstein, Joseph,295
20050902,N/A,Fe metal,Fe Foil calibration  4 mm-s,Dyar, Darby,295
17041001,Six-Membered Rings,Tourmaline,LHMR -O Tourmaline University of AZ Runyon,Runyon, Simone,295
upmp10,Insular, Mixed, Single, and Larger Tetrahedral Groups,Pumpellyite,P10 Pumpellyite 45.63 6mil 8-19-94,Voci, Christopher,295
18061801,N/A,Biogeochemical Mineralogical By-Products,Ice Mamba M1-2 Blood Falls culture, dead cell control, ferrihydrite, anoxically dried ,Mickuchi, Jill,295
04081805,Simple Oxides,Oxide,Hematite, synthetic,Dyar, Darby,285
04050403,Hydrated Acid and Sulfates,Sulfate,Rozenite JB-626-B Iron Mountain <125mm,Dyar, Darby,35
02070101,Simple Oxides,Oxide,Hemo-ilmenite 1004.01.5,McEnroe, Suzanne,12
dbaolv,Insular SiO4 Groups Only,Olivine,Dish Hill, CA Olivine Ba-2-3 7-29-88,McGuire, Anne,295
18082004,Single-Width Unbranched Chains W=1,Pyroxene,Pyroxene Wo8 x=40 K Lindsley pigeonite #6,Dyar, Darby,295
12111501,N/A,Biogeochemical Mineralogical By-Products,Chimney, Cauldron Cd08 4450 9-2-02,Holden, Jim,295
15080602,N/A,Biogeochemical Mineralogical By-Products,Islandicum Pipes buffer 6-15 run A time point 0,Holden, Jim,150
07122103,Single-Width Unbranched Chains W=1,Pyroxene,Pyroxene, synthetic Wo10Fs90 088,Lindsley, Donald,125
07110602,Single-Width Unbranched Chains W=1,Pyroxene,Pyroxene, synthetic Wo40En55F55 Px077,Lindsley, Donald,250
04060501,Anhydrous Sulfates Containing Hydroxyl or Halogen,Sulfate,Romerite SPT 110,Cloutis, Edward,120
04041902,Hydrated Acid and Sulfates,Sulfate,Szomolnokite 560,Dyar, Darby,295
07121104,Single-Width Unbranched Chains W=1,Pyroxene,Pyroxene, synthetic Wo20En32Fs48 057,Lindsley, Donald,125
15083104,N/A,Biogeochemical Mineralogical By-Products,Islandicum 8-15 Dry Ferrihydrite FH Initial A,Holden, Jim,220
12122101,Sheets of Six-Membered Rings,Kaolinite-Serpentine,Serpentine, Nor4-12_back_green Greenberger-Mustard Brown U.,Greenberger, Rebecca,295
18072901,Double-Width Unbranched Chains W=2,Amphibole,Amphibole HOLMQ.,Law, Tony,295
coh56,Sheets of Six-Membered Rings,Mica,Guidotti Biotite OH56 2mil 3-5-88,Guidotti, Charles,295
04081803,Simple Oxides,Oxide,Hematite, synthetic,Dyar, Darby,295
09122801,N/A,Biogeochemical Mineralogical By-Products,Islandicum grown on Fe Gel, dehydrate 1 11-17-09,Holden, Jim,295
11040701,Simple Oxides,Oxide,Maghemite VI.3,Nyiro-Kosa, Ilona,295
07092202,Simple Oxides,Oxide,Ferrihydrite JA-499 Iceland,Bishop, Janice,175
18082301,Single-Width Unbranched Chains W=1,Pyroxene,Pyroxene LAR-06605,10,Dyar, Darby,295
06081301,Single-Width Unbranched Chains W=1,Pyroxene,Pyroxene, shocked 3499,McCanta, Molly,295
10082001,N/A,Biogeochemical Mineralogical By-Products,Chimney EG09-1-2 "outside" dried,Holden, Jim,295
15081603,N/A,Biogeochemical Mineralogical By-Products,Sully 7-15 Wet Ferrihydrite FH Control initial ,Holden, Jim,150
17070701,N/A,Biogeochemical Mineralogical By-Products,J2675 SS yellow collected 3-28-13 filtered 6-16-17 stored in freezer,Ross, Laura,150
07041004,Single-Width Unbranched Chains W=1,Pyroxene,Pyroxene, synthetic Wo5En47.5Fs47.5 012,Lindsley, Donald,100
06101405,Anhydrous Sulfates Containing Hydroxyl or Halogen,Alunite,Natrojarosite NAJ7-1 UC Davis,Bishop, Janice,295
ewgrun,Double-Width Unbranched Chains W=2,Amphibole,Whipple Grunerite 3mil 11-15-88,Burns, Roger,295
09080701,N/A,Terrestrial Samples,Basalt Mid-Atlantic Ridge 098-3,Reynolds, Valerie,295
06121501,Sheets of Six-Membered Rings,Mica,Glauconite Hurricane Mountain, NH,Dyar, Darby,150
16050602,Simple Oxides,Oxide,Ferrihydrite, reacted SG FH-40-4-A,Dehouck, Erwin,295
15062603,N/A,Biogeochemical Mineralogical By-Products,Islandicum Pipes buffer time point 6 control,Holden, Jim,295
07052204,Double-Width Unbranched Chains W=2,Amphibole,Kaersutite Fr-12,Dyar, Darby,12
16120802,Single-Width Unbranched Chains W=1,Pyroxene,Pigeonite NMNH 1218247, Heindola, Finland,Dyar, Darby,295
tpw54c,Sheets of Six-Membered Rings,Kaolinite-Serpentine,O'Hanley Chrysotile W54 Picrolite 101mil 4-12-94,O'Hanley, David,295
20030601,N/A,Terrestrial Samples,ES27 Blood Falls Sediment supernatant,Mikucki, Jill,295
15032303,N/A,Biogeochemical Mineralogical By-Products,Sully March innoculation time point 2, series A no acetone,Holden, Jim,295
07042002,Single-Width Unbranched Chains W=1,Pyroxene,Pyroxene, synthetic Wo20En20Fs20 055,Lindsley, Donald,45
07122607,Single-Width Unbranched Chains W=1,Pyroxene,Pyroxene, synthetic Wo40En48Fs12 075,Lindsley, Donald,12
04081918,Simple Oxides,Oxide,Hematite, synthetic,Dyar, Darby,90
14022601,Sheets of Six-Membered Rings,Kaolinite-Serpentine,Serpentine, shocked 27.9 GPa,Michalski, Joe,295
15110401,Native Elements and Alloys,Metal,Fe foil  10 mm-s,n/a,150
10090602,N/A,Biogeochemical Mineralogical By-Products,Roane 8-19-10 mounted dry,Holden, Jim,283
03101802,N/A,Mixtures,Hematite -- Lepidocrocite Mix #1,Bishop, Janice,270
16120801,Single-Width Unbranched Chains W=1,Pyroxene,Pigeonite NMNH 117671, Goose Creek, Virginia,Dyar, Darby,295
ghsc56,Sheets of Six-Membered Rings,Kaolinite-Serpentine,O'Hanley Serpentinite C56 54mil 9-4-89,O'Hanley, David,295
depspn,Multiple Oxides,Multiple Oxide,Ep-1-13 Spinel Potrillo Maar, NM 7-18-88,McGuire, Anne,295
12081502,Sheets of Six-Membered Rings,Clay,Clay, CHN 290-292,Michalski, Joe,295
15080802,N/A,Biogeochemical Mineralogical By-Products,Sully 7-15 Wet Ferrihydrite FH Initial A ,Holden, Jim,150
ud201h,Single-Width Unbranched Chains W=1,Pyroxene,Dish Hill Cpx DH-201 50.55 7mil 7-14-94,Dyar, Darby,295
h140_k,Al-Si Frameworks,Feldspar,Housely Anorthite Fe3+ 140K,Housely, Robert,140
07060602,Hydroxides and Oxides Containing Hydroxyl,Hydroxide,Goethite np-Gt B1,Tosca, Nick,295
07043009,Single-Width Unbranched Chains W=1,Pyroxene,Pyroxene, synthetic Wo10En22.5Fs67.5 053,Lindsley, Donald,275
16122001,Single-Width Unbranched Chains W=1,Pyroxene,Clinopyroxene GK-7 Green Knobs, NM,Dyar, Darby,295
06120805,Sheets of Six-Membered Rings,Mica,Zinnwaldite ZW-C GIT-IWG,Dyar, Darby,295
10080201,Sheets of Six-Membered Rings,Kaolinite-Serpentine,Antigorite BM 31725 m. 1-6-10,Evans, Bernard,295
12022005,Hydroxides and Oxides Containing Hydroxyl,Hydroxide,Goethite nanophase np-Gt A1,Tosca, Nick,130
11010604,Anhydrous Sulfates Containing Hydroxyl or Halogen,Alunite,Jarosite, natural RT dry,Loiselle, Liane,295
10070601,Sheets of Six-Membered Rings,Mica,Muscovite O-K-47 Maine,Guidotti, Charles,295
05112202,Insular SiO4 Groups Only,Olivine,Olivine, synthetic Fo60 Hartzman,Lindsley, Donald,55
11101901,N/A,Terrestrial Samples,Sandstone, Caspian Sea PNF 10-0, grey ss,Schoonen, Martin,295
08051102,N/A,Sulfate,Coquimbite,Coleman, Max,295
04102601,N/A,Fulgurite,Fulgurite Trinity sand #2,Sheffer, Abby,295
15022601,N/A,Industrial Samples,Metal, treated sample#1 heat for 5 min 5% Fe 3+:ZnO,Kittilstved, Kevin,295
15041304,Hydroxides and Oxides Containing Hydroxyl,Hydroxide,Akageneite, synthetic, nanophase AKAG020515,Sklute, Elizabeth,295
07060305,Single-Width Unbranched Chains W=1,Pyroxene,Pyroxene, synthetic Wo30En17.5F252.5 066,Lindsley, Donald,225
20022401,N/A,Terrestrial Samples,ES26 Blood Falls Sediment supernatant,Mikucki, Jill,295
08120601,Simple Oxides,Oxide,Ferrihydrite, dehydrated JB-JLB-823,Bishop, Janice,295
15041402,Hydroxides and Oxides Containing Hydroxyl,Hydroxide,Akageneite, synthetic, nanophase AKAG020515,Sklute, Elizabeth,150
16101701,Simple Oxides,Oxide,Hematite, synthetic, nanophase HEM030216,Sklute, Elizabeth,220
04071401,Six-Membered Rings,Tourmaline,Pertlikite (Mg Voltaite),Ertl, Andreas,295
hosc51,Sheets of Six-Membered Rings,Kaolinite-Serpentine,O'Hanley Serpentinite C51 69mil 10-22-89,O'Hanley, David,295
07101203,N/A,Mixtures,Garnet standards mix (almandine and andradite),Dyar, Darby,175
xubmt11,Six-Membered Rings,Tourmaline,Blk.Mtn. Pegmatite BMT-11 Tourmaline 40.06 16mil 9-30-94,Dyar, Darby,295
02062801,Simple Oxides,Oxide,Hemo-ilmenite 1007.01.2,McEnroe, Suzanne,12
07121807,Single-Width Unbranched Chains W=1,Pyroxene,Pyroxene, synthetic En50Fs50 SynPx004,Lindsley, Donald,275
g8op,Single-Width Unbranched Chains W=1,Pyroxene,S. Africa Gt. Perid OPX Kb-12-8 7mil 8-19-89,McGuire, Anne,295
12051701,N/A,Industrial Samples,Coal fly ash 3% Fe coal devolatilized 800C + 10 min H2O,Fan, Maohong,80
usp62p,Insular SiO4 Groups Only,Olivine,Spinel Peridotite Olv. Ki-5-62 115.17 17mil,McGuire, Anne,295
12050501,N/A,Biogeochemical Mineralogical By-Products,Chimney Ba 08-2 4438 8-21-08,Holden, Jim,4
06090101,Sheets of Six-Membered Rings,Smectite,Smectite JB-175 Sampor <2mm,Bishop, Janice,295
neoxb5b,Sheets of Six-Membered Rings,Mica,Earley Biotite CuBiFeOx-5 6mil 5-5-92,Earley, Drummond,295
14080901,N/A,Glass,Glass, synthetic RHY-3 Mo-MoO2,McCanta, Molly,295
03081801,Sheets of Six-Membered Rings,Kaolinite-Serpentine,Antigorite JA-561,Bishop, Janice,12
11061301,N/A,Terrestrial Samples,Oil sand EC,Osacky, Marek,295
02070201,Anhydrous Sulfates Containing Hydroxyl or Halogen,Sulfate,Tochilinite TOC 101,Dyar, Darby,295
06081703,Double-Width Unbranched Chains W=2,Amphibole,Amphibole USGS-16,Gunter, Mickey,295
04062302,Anhydrous Sulfates Containing Hydroxyl or Halogen,Sulfate,Romerite SPT 110,Cloutis, Edward,145
11051901,N/A,Glass,Glass, synthetic Gardner 1015,Gardner, Jim,295
e101mv,Sheets of Six-Membered Rings,Mica,Hunt Valley Muscovite HV-101 6mil 1-9-89,Lang, Helen,295
15081302,N/A,Biogeochemical Mineralogical By-Products,Sully 7-15 Dry Ferrihydrite FH A Initial ,Holden, Jim,295
07051604,Double-Width Unbranched Chains W=2,Amphibole,Kaersutite Tm,Dyar, Darby,175
09051603,Simple Oxides,Oxide,Wustite, synthetic A Fe-saturated,Lindsley, Donald,200
08120902,Simple Oxides,Mixtures,Ferrihydrite -- Nontronite 10:90 mix JB-JLB-802,Bishop, Janice,295
04061403,Anhydrous Sulfates Containing Hydroxyl or Halogen,Sulfate,Tochilinite TOC 101,Dyar, Darby,295
10092201,N/A,Terrestrial Samples,Sandstone Moenkopi sample 6 FTNF_3,Schoonen, Martin,295
11111102,Sheets of Six-Membered Rings,Smectite,Nontronite Nau-1 ,Michalski, Joe,295
06122105,Sheets of Six-Membered Rings,Smectite,Montmorillonite Swa-1 JB-170,Bishop, Janice,100
04122401,Insular SiO4 Groups Only,Olivine,Olivine, synthetic Fo90 ,Lindsley, Donald,170
06070501,Insular SiO4 Groups and O, OH, F, and H2O,Titanite,Titanite, brown,King, Penny,295
14091001,N/A,Glass,Glass, synthetic AND-2 CO2,McCanta, Molly,295
01110101,Simple Oxides,Oxide,Hemo-ilmenite 1009,McEnroe, Suzanne,295
14111201,Double-Width Unbranched Chains W=2,Amphibole,Hastingsite Mueller HAST-5-20 20% ,Jenkins, David,295
06102001,Insular SiO4 Groups Only,Garnet,Garnet, grossulur BPM-27 Los Angeles Museum, Bishop, Inyo County, CA,Dyar, Darby,295
06072304,Anhydrous Sulfates Containing Hydroxyl or Halogen,Alunite,Jarosite, synthetic T12 (K0Na1H3O0)(Fe2.5Al0.5),Tosca, Nick,295
16010601,N/A,Biogeochemical Mineralogical By-Products,Sully Wet Ferrihydrite FH 0B FROZEN,Holden, Jim,80
11091402,N/A,Terrestrial Samples,Oil sand EC,Osacky, Marek,130
06080805,Double-Width Unbranched Chains W=2,Amphibole,Amphibole Soda Springs #3,King, Penny,295
05120901,Insular SiO4 Groups Only,Olivine,Olivine, synthetic Fo30,Lindsley, Donald,55
00042901,Double-Width Unbranched Chains W=2,Amphibole,Dyar grunerite 1-k V3  T=180K,Grant, Christopher,180
15040302,N/A,Terrestrial Samples,Core U1425B 1-5-144 WHOI,Gosan, Liviu,250
07041003,Single-Width Unbranched Chains W=1,Pyroxene,Pyroxene, synthetic Wo5En47.5Fs47.5 012,Lindsley, Donald,125
07060901,Single-Width Unbranched Chains W=1,Pyroxene,Pyroxene, synthetic Wo40En15Fs45 070,Lindsley, Donald,250
07040906,Single-Width Unbranched Chains W=1,Pyroxene,Pyroxene, synthetic Wo5En47.5Fs47.5 012,Lindsley, Donald,225
04103001,Multiple Oxides,Multiple Oxide,Spinel Br-06,Choi, Sung Hi,295
05082402,Anhydrous Sulfates Containing Hydroxyl or Halogen,Alunite,Jarosite, synthetic 2B heated to 300C,Brophy, Gerald,12
07061501,Single-Width Unbranched Chains W=1,Pyroxene,Pyroxene, synthetic Wo50En40Fs10 033,Lindsley, Donald,250
07041705,Single-Width Unbranched Chains W=1,Pyroxene,Pyroxene, synthetic En8Fs92A 021A,Lindsley, Donald,80
12030802,Simple Oxides,Oxide,Ilmenite 14119LD 9-06,Riner, Miriam,200
04082302,Double-Width Unbranched Chains W=2,Amphibole,Amphibole Lake Albiom, Co.,Minitti, Michelle,295
06101205,Anhydrous Sulfates Containing Hydroxyl or Halogen,Alunite,Jarosite #5 UC Davis,Bishop, Janice,295
05102702,Insular SiO4 Groups Only,Olivine,Olivine, synthetic Fo20 Zhou,Lindsley, Donald,65
10122401,Al-Si Frameworks,Feldspar,Feldspar, plagioclase PL-15,Cheek, Leah,295
09082601,N/A,Terrestrial Samples,Basalt Mid-Atlantic Ridge 215-4,Reynolds, Valerie,295
06020501,Hydroxides and Oxides Containing Hydroxyl,Hydroxide,Green rust#5,Mazeina, Lena,293
jgbb86,Sheets of Six-Membered Rings,Mica,Guidotti Biotite Ra-b86-66 15mil 9-27-90,Guidotti, Charles,295
13051301,N/A,Miscellaneous,Green Tea 1Fe:10GT mounted dry,Oakes, Jacqueline,295
06121901,Sheets of Six-Membered Rings,Smectite,Nontronite Sampor smectite JB-175 ,Bishop, Janice,24
18091501,Double-Width Unbranched Chains W=2,Amphibole,Amphibole Tony Law 008-2,Dyar, Darby,295
15081601,N/A,Biogeochemical Mineralogical By-Products,Sully 7-15 Wet Ferrihydrite FH Control initial ,Holden, Jim,6
07110901,Single-Width Unbranched Chains W=1,Pyroxene,Pyroxene, synthetic Wo40En55F55 Px077,Lindsley, Donald,60
17061102,Hydroxides and Oxides Containing Hydroxyl,Biogeochemical Mineralogical By-Products,Geobacter Lepidocrocite heat+cells, filtered then dried anaerobically 6-5-17,Valvur, Helena,80
12062901,N/A,Biogeochemical Mineralogical By-Products,Sully_3 inoculated + incubated at 92C until stationary phase  ,Holden, Jim,4
06101304,Anhydrous Sulfates Containing Hydroxyl or Halogen,Alunite,Natrojarosite AJ5-4 UC Davis,Dyar, Darby,295
14102401,Sheets of Six-Membered Rings,Modulated Phyllosilicates,Vermiculite Ore ALB5SA00 Palabora, S. Africa, US Dept of Interior,Swayze, Gregg,295
11081901,Hydrated Normal Phosphates, Arsenates, and Vanadates,Phosphate,Fairfieldite DD171,Dyar, Darby,295
10090901,N/A,Biogeochemical Mineralogical By-Products,Roane 8-19-10 mounted dry,Holden, Jim,76
jb8416,Insular SiO4 Groups Only,Garnet,Brady VI (Al80Py20)84 (Sp)16 10mil 2-6-91,Brady, John,295
04080301,Insular SiO4 Groups Only,Olivine,Olivine, synthetic Fo60,Menzies, Olywn,12
01020101,Double-Width Unbranched Chains W=2,Amphibole,Hornblende DMP-2,Qunke,295
c84a,Sheets of Six-Membered Rings,Mica,Biotite (MOELLER84A) 2mil 4-13-88,Guidotti, Charles,295
16042201,N/A,Glass,Glass, synthetic ALK+2,Cannon, Kevin,295
15120101,Hydroxides and Oxides Containing Hydroxyl,Hydroxide,Goethite, synthetic, nanophase GOET011515,Sklute, Elizabeth,295
06031701,Single-Width Unbranched Chains W=1,Pyroxene,Jadeite 8C NMNH RGC4B,Sorensen, Sorena,295
04061203,Anhydrous Sulfates Containing Hydroxyl or Halogen,Sulfate,Tochilinite TOC 101,Dyar, Darby,145
qrab65,Sheets of Six-Membered Rings,Mica,Guidotti Muscovite RA-B53-66 Pure Muscovite 33mil 9-11-92,Guidotti, Charles,295
18020903,N/A,Biogeochemical Mineralogical By-Products,P. islandicum Lepidocrocite no heat-no cells anoxically dried,Kashyap, Srishti,150
h30_k,Al-Si Frameworks,Feldspar,Housely Fe2+ Anorthite 30K,Housely, Robert,30
08010202,Single-Width Unbranched Chains W=1,Pyroxene,Pyroxene, synthetic Wo30Fs70 085,Lindsley, Donald,225
06052901,N/A,Biogeochemical Mineralogical By-Products,Magnetite BIF MT,Li, Y.L.,295
g6op,Single-Width Unbranched Chains W=1,Pyroxene,S. Africa Gt Perid. OPX Kb-12-6 1121000 33mil 8-16-89,McGuire, Anne,295
07121803,Single-Width Unbranched Chains W=1,Pyroxene,Pyroxene, synthetic Fs100 DL-CMP-061,Lindsley, Donald,60
13041102,Hydroxides and Oxides Containing Hydroxyl,Hydroxide,Schwertmannite VZO 119-120 Nagyborzsony, Hungary,Bishop, Janice,200
10080602,N/A,Biogeochemical Mineralogical By-Products,Islandicum grown 6-18-10 dried anaerobically 7-15-10,Holden, Jim,8
07041104,Single-Width Unbranched Chains W=1,Pyroxene,Pyroxene, synthetic Wo5En47.5Fs47.5 012,Lindsley, Donald,4
12050901,N/A,Biogeochemical Mineralogical By-Products,Chimney Dante ALV 4441 9-1-08,Holden, Jim,130
15032202,N/A,Biogeochemical Mineralogical By-Products,Sully March innoculation time point 6, series C (control) no acetone,Holden, Jim,295
05121402,Insular SiO4 Groups Only,Olivine,Fayalite, synthetic Fo0,Lindsley, Donald,150
07041703,Single-Width Unbranched Chains W=1,Pyroxene,Pyroxene, synthetic En8Fs92A 021A,Lindsley, Donald,125
09110301,N/A,Hydroxide,Ferrihydrite, Fe Gel, dehydrated,Holden, Jim,200
07040803,Single-Width Unbranched Chains W=1,Pyroxene,Pyroxene, synthetic Wo10En63Fs27 010,Lindsley, Donald,24
13042202,Hydrated Sulfates Containing Hydroxyl or Halogen,Sulfate,Fibroferrite SPT 121,Cloutis, Edward,12
12051101,N/A,Biogeochemical Mineralogical By-Products,Chimney Sa08 ALV 4446 8-29-08,Holden, Jim,130
08112201,Six-Membered Rings,Tourmaline,Schorl SAV Ehrenfreidersdorf,Ertl, Andreas,295
01110301,Simple Oxides,Oxide,Hemo-ilmenite 1007.01.2,McEnroe, Suzanne,295
04030301,Hydrated Sulfates Containing Hydroxyl or Halogen,Sulfate,Ferricopiapite 535 Lane,Dyar, Darby,295
jh347s,Multiple Oxides,Multiple Oxide,H312-47 Spinel 15mil 3-14-91,McGuire, Anne,295
05091701,N/A,Glass,Glass, space-weathered S625.6R,Noble, Sarah,295
04120501,Insular SiO4 Groups Only,Olivine,Olivine, synthetic Fo30 ,Lindsley, Donald,25
doh72,Sheets of Six-Membered Rings,Mica,Guidotti O-H-72 biotite 8-22-88,Guidotti, Charles,295
06120604,Sheets of Six-Membered Rings,Chlorite,Chlorite, clinochlore West Chester PA,Dyar, Darby,80
s215bt,Sheets of Six-Membered Rings,Mica,Guidotti Biotite 84-15 songo 9mil 10-15-93,Guidotti, Charles,295
03060101,Simple Oxides,Oxide,Hemo-ilmenite 1012.01.1,McEnroe, Suzanne,295
11062101,N/A,Glass,Glass, synthetic 82-70 P(1),Blank, Jen,295
21021903,N/A,Terrestrial Samples,AX17 grown on Lepidocrocite 2 heat - no cells,Elizabeth Sklute,80
03012001,N/A,Terrestrial Samples,Acid Saline Lake KCB 5,Benison, Kathy,295
12061406,Hydrated Phosphates, Arsenates, and Vanadates containing Hydroxyl or Halogen,Phosphate,Vivianite DD311,Dyar, Darby,8
13032301,N/A,Biogeochemical Mineralogical By-Products,Sully_3 10-02-12  ,Holden, Jim,18
18012602,N/A,Biogeochemical Mineralogical By-Products,P. islandicum Akaganeite heat-no cells anoxically dried,Kashyap, Srishti,80
15110601,Simple Oxides,Oxide,Maghemite, synthetic, nanophase MAGH061815,Sklute, Elizabeth,150
10102802,Simple Oxides,Oxide,Ferrihydrite, nanophase 1GOE 06-2008,Bosch, Julian,12
05050902,Simple Oxides,Oxide,Hematite UT04-Mo05kd Mars,Chan, Marjorie,295
pspb4s,Multiple Oxides,Multiple Oxide,Spinel Peridotite H30-b4 Spinel 16mil 8-16-92,McGuire, Anne,295
04112701,Insular SiO4 Groups Only,Olivine,Olivine, synthetic Fo50,Menzies, Olywn,195
04061202,Anhydrous Sulfates Containing Hydroxyl or Halogen,Sulfate,Tochilinite TOC 101,Dyar, Darby,120
07022605,Hydrated Phosphates, Arsenates, and Vanadates containing Hydroxyl or Halogen,Phosphate,Kidwellite P18 Shadey Polk Co. Arkansas,Dyar, Darby,295
15060504,Simple Oxides,Oxide,Hematite MOD22_22 magnetic separates,McEnroe, Suzanne,60
06092201,Sheets of Six-Membered Rings,Chlorite,Chlorite CG-BG 5,Guidotti, Charles,295
07111901,Single-Width Unbranched Chains W=1,Pyroxene,Pyroxene, synthetic Wo50En0Fs50 083,Lindsley, Donald,225
06051701,N/A,Meteorite,Meteorite ALHA 84001,92 J whole rock,Bishop, Janice,295
12081503,Sheets of Six-Membered Rings,Clay,Clay VA22 612-614,Michalski, Joe,295
02072401,Sheets of Six-Membered Rings,Clay,Illite ILL 102,Cloutis, Edward,295
11032702,Simple Oxides,Oxide,Maghemite VI.2 100nm,Nyiro-Kosa, Ilona,80
06071803,Double-Width Unbranched Chains W=2,Amphibole,Amphibole LC #3,Righter, Kevin,295
00120401,Al-Si Frameworks,Feldspar,Feldspar 1012011,McEnroe, Suzanne,295
05081701,Insular SiO4 Groups Only,Olivine,Olivine, Meteorite 2737 NWA SNC 45-125mm,Pieters, Carle,295
10090803,N/A,Biogeochemical Mineralogical By-Products,Roane 8-19-10 mounted dry,Holden, Jim,118
04103002,Multiple Oxides,Multiple Oxide,Spinel SS-17,Choi, Sung Hi,295
07042401,Insular SiO4 Groups Only,Olivine,Olivine, synthetic Fo89.5 New,Lindsley, Donald,225
07121505,Single-Width Unbranched Chains W=1,Pyroxene,Pyroxene, synthetic En30Fs70 SynPx 023,Lindsley, Donald,250
18082003,Single-Width Unbranched Chains W=1,Pyroxene,Pyroxene Wo8 x=20 F Lindsley pigeonite #2,Dyar, Darby,295
07050803,Single-Width Unbranched Chains W=1,Pyroxene,Pyroxene, synthetic Wo30En49Fs21 067,Lindsley, Donald,30
16101501,Simple Oxides,Oxide,Hematite, synthetic, nanophase HEM030216,Sklute, Elizabeth,80
12092601,Multiple Oxides,Multiple Oxide,Spinel CrSp1_4,Cheek, Leah,295
10100501,N/A,Terrestrial Samples,Sandstone Moenkopi sample 5 FTNF_1,Schoonen, Martin,295
09052002,Simple Oxides,Oxide,Wustite, synthetic CC too much Fe for M+ saturation,Lindsley, Donald,245
04061002,Anhydrous Sulfates Containing Hydroxyl or Halogen,Sulfate,Tochilinite TOC 101,Dyar, Darby,30
17061501,Simple Oxides,Biogeochemical Mineralogical By-Products,Geobacter Ferrihydrite heat+cells, filtered then dried anaerobically 6-5-17,Valvur, Helena,150
c44d,Sheets of Six-Membered Rings,Mica,Biotite (MOELLER44D) 2mil 4-8-88,Guidotti, Charles,295
13120901,N/A,Glass,Glass, synthetic KOM-2 QFM,McCanta, Molly,295
15070502,N/A,Biogeochemical Mineralogical By-Products,Islandicum KPO4 buffer run A initial,Holden, Jim,80
06080804,Insular SiO4 Groups Only,Mixtures,Garnet standard mix 50:50 wt alm:and,Dyar, Darby,295
15101401,N/A,Terrestrial Samples,Siltstone, sandy JL109-16 coarse,Li, June,295
07042405,Insular SiO4 Groups Only,Olivine,Olivine, synthetic Fo89.5 New,Lindsley, Donald,125
14011601,N/A,Glass,Glass, synthetic Fa-Plag Lazareva-Lindsley 1.203,Lazareva, Lena,295
14011401,N/A,Glass,Glass, synthetic Fa-Plag Lazareva-Lindsley 1.005,Lazareva, Lena,295
15062902,N/A,Biogeochemical Mineralogical By-Products,Islandicum Pipes buffer time point 6 run A,Holden, Jim,80
10090701,N/A,Biogeochemical Mineralogical By-Products,Roane 8-19-10 mounted dry,Holden, Jim,256
02081101,Simple Oxides,Oxide,Hematite HEM 102,Cloutis, Edward,295
06012601,N/A,Meteorite,Meteorite DKPR-1 non-mag,Kennedy, Justin,295
07042606,Insular SiO4 Groups Only,Olivine,Olivine, synthetic Fo70 New,Lindsley, Donald,275
04042702,Insular SiO4 Groups Only,Olivine,Fayalite, synthetic,Menzies, Olwyn,90
11033107,Simple Oxides,Oxide,MaghemiteVI.4 12nm,Nyiro-Kosa, Ilona,225
04080401,Insular SiO4 Groups Only,Olivine,Olivine, synthetic Fo60,Menzies, Olywn,25
10121501,Simple Oxides,Oxide,Ferrihydrite, nanophase 1GOE 07-2010,Bosch, Julian,18
16111102,Native Elements and Alloys,Metal,Fe foil  10 mm-s,n/a,295
01092701,Simple Oxides,Oxide,Ilmenite PK,McEnroe, Suzanne,80
02022501,Al-Si Frameworks,Feldspar,Anorthite Fe3+ 57Fe ,Housely, Robert,90
15080902,N/A,Biogeochemical Mineralogical By-Products,Sully 7-15 Wet Ferrihydrite FH Final A ,Holden, Jim,295
05102002,Hydrated Sulfates Containing Hydroxyl or Halogen,Sulfate,Copiapite SPT 125 dry,Cloutis, Edward,40
04080702,Insular SiO4 Groups Only,Olivine,Olivine, synthetic Fo60,Menzies, Olywn,25
psku14,Six-Membered Rings,Tourmaline,Silver KNob SKU-14 Tourmaline 32mil 8-3-92,Dyar, Darby,295
07041606,Single-Width Unbranched Chains W=1,Pyroxene,Pyroxene, synthetic En8Fs92A 021A,Lindsley, Donald,225
07022603,Hydrated Phosphates, Arsenates, and Vanadates containing Hydroxyl or Halogen,Phosphate,Ferro-Alluaudite P14 Custer Co, SD,Dyar, Darby,295
02032601,Six-Membered Rings,Tourmaline,Tourmaline Abildgaard,Dyar, Darby,295
07111203,Single-Width Unbranched Chains W=1,Pyroxene,Pyroxene, synthetic En90 Fs10GDL-CMP-065,Lindsley, Donald,295
v2pl1b,Sheets of Six-Membered Rings,Mica,Pool #1 Biotite 79.84 4mil 3-15-95,unknown,295
12082901,Sheets of Six-Membered Rings,Clay,Clay VA3 382-389,Michalski, Joe,295
18072401,Si2O7 Groups, Generally with No Additional Anions,Pyroxene,Pyroxene Ep-3-162 opx,Dyar, Darby,295
05100601,Anhydrous Sulfates Containing Hydroxyl or Halogen,Sulfate,Romerite SPT 110 dry,Cloutis, Edward,40
04081201,Insular SiO4 Groups Only,Olivine,Olivine, synthetic Fo60,Menzies, Olywn,145
02022601,Al-Si Frameworks,Feldspar,Anorthite Fe3+ 57Fe ,Housely, Robert,110
05120404,Insular SiO4 Groups Only,Olivine,Olivine, synthetic Fo40 Zhou,Lindsley, Donald,250
11042604,Anhydrous Phosphates, Arsenates, and Vanadates containing Hydroxyl or Halogen,Phosphate,Lulzacite DD197,Dyar, Darby,295
12052501,N/A,Terrestrial Samples,Halemaumau H10-2,McCanta, Molly,295
17070601,N/A,Biogeochemical Mineralogical By-Products,J2675 SS yellow collected 3-28-13 filtered 6-16-17 stored in freezer,Ross, Laura,4
aad1266,Sheets of Six-Membered Rings,Mica,Guidotti Biotite Ra-a65-66 1mil 10-1-87,Guidotti, Charles,295
20102801,N/A,Terrestrial Samples,AX17 AK no heat no cells (3),Elizabeth Sklute,4
08051401,Sheets of Six-Membered Rings,Mica,Biotite T01-23,Evans, Katie,295
11032503,Simple Oxides,Oxide,Maghemite VI.1 70nm,Nyiro-Kosa, Ilona,295
l5b15c,Sheets of Six-Membered Rings,Chlorite,Guidotti Zone 5 Ra-b15-66 Chlorite 12mil 8-24-91,Guidotti, Charles,295
20102501,N/A,Terrestrial Samples,AX17 Bioreduced Akaganeite heat + cells (1),Elizabeth Sklute,220
15111701,Simple Oxides,Oxide,Maghemite, synthetic, nanophase MAGH061815,Sklute, Elizabeth,150
15041602,Hydroxides and Oxides Containing Hydroxyl,Hydroxide,Goethite, synthetic, nanophase GOET012315,Sklute, Elizabeth,4
06011403,Single-Width Unbranched Chains W=1,Pyroxene,Pyroxene, synthetic En25FS75c 028A,Lindsley, Donald,295
11062001,N/A,Glass,Glass, synthetic 85-43 S(4),Blank, Jen,295
20022001,N/A,Terrestrial Samples,ES26 Blood Falls Sediment supernatant,Mikucki, Jill,150
18082401,Single-Width Unbranched Chains W=1,Pyroxene,Pyroxene Ep-3-46 cpx,Dyar, Darby,295
14080601,N/A,Glass,Glass, synthetic DAC-3 Mo-MoO2,McCanta, Molly,295
uw47d,Sheets of Six-Membered Rings,Kaolinite-Serpentine,O'Hanley Chrysotile W47 Asbestos 42.4019 37mil 8-11-94,O'Hanley, David,295
nmoair,Insular SiO4 Groups Only,Olivine,Mackwell Syn.Olv. Air 600degrees celsius 100h 18mil 5-12-92,Mackwell, Steve,295
cgray,Sheets of Six-Membered Rings,Chlorite,Gray Fe-Chlorite 2mil 2-17-88,unknown,295
21011801,Sheets of Six-Membered Rings,Talc,Gunter Talc #132 Protech,Gunter, Mickey,295
06031101,Single-Width Unbranched Chains W=1,Pyroxene,Jadeite 4C NMNH 108369,Sorensen, Sorena,295
16020101,Simple Oxides,Oxide,WSol025 nolanite 20-30nm,John, Jesse,295
07122602,Single-Width Unbranched Chains W=1,Pyroxene,Pyroxene, synthetic Wo40En48Fs12 075,Lindsley, Donald,60
13060401,Sheets of Six-Membered Rings,Kaolinite-Serpentine,Serpentine MLC QV2-140 Shoe-B URI,Stander, Amy,295
18082001,Single-Width Unbranched Chains W=1,Pyroxene,Pyroxene Wo8 x=40 K Lindsley pigeonite #6,Dyar, Darby,295
18042603,N/A,Biogeochemical Mineralogical By-Products,P. Islandicum Ferrihydrite no heat-no cells anoxically dried ,Kashyap, Srishti,220
10111701,N/A,Biogeochemical Mineralogical By-Products,Islandicum inoculated 11-08-2010,Holden, Jim,60
09070201,Sheets of Six-Membered Rings,Kaolinite-Serpentine,Antigorite ATG Mg 47,Evans, Bernard,295
07052304,Double-Width Unbranched Chains W=2,Amphibole,Kaersutite DL-7,Dyar, Darby,200
02111802,Sheets of Six-Membered Rings,Mica,Phlogopite, blue green ,Dyar, Darby,295
08010303,Single-Width Unbranched Chains W=1,Pyroxene,Pyroxene, synthetic Wo30Fs70 085,Lindsley, Donald,30
07073001,N/A,Terrestrial Samples,Concretions Vial 2:powdered core IS1-A#4 Convoy, San Digo, CA,unkwn,295
06121104,Sheets of Six-Membered Rings,Mica,Zinnwaldite ZW-C GIT-IWG,Dyar, Darby,24
15052703,Simple Oxides,Oxide,Magnetite 46-4846,Sklute, Elizabeth,295
08012101,Al-Si Frameworks,Feldspar,Feldspar Bushveld BS7,Tegner, Christian,295
02061801,Hydrated Acid and Sulfates,Sulfate,Coquimbite SPT 126,Cloutis, Edward,295
02021301,Al-Si Frameworks,Feldspar,Anorthite Fe2+ ,Housely, Robert,275
06122104,Sheets of Six-Membered Rings,Smectite,Montmorillonite Swa-1 JB-170,Bishop, Janice,125
07010202,N/A,Meteorite,Meteorite LAP 04840,16 whole rock <125mm,Dyar, Darby,295
13071701,N/A,Industrial Samples,Coal fly ash 3Fe 1Na 20 min water,Fan, Maohong,295
06122005,Sheets of Six-Membered Rings,Smectite,Montmorillonite Swa-1 JB-170,Bishop, Janice,225
04050601,N/A,Terrestrial Samples,Basalt JB-391-A Haleakala,Bishop, Janice,12
15082501,N/A,Biogeochemical Mineralogical By-Products,Islandicum 8-15 Wet Ferrihydrite FH Final A,Holden, Jim,150
15081103,N/A,Biogeochemical Mineralogical By-Products,Sully 7-15 Dry Ferrihydrite FH Control Final ,Holden, Jim,295
qe10mu,Sheets of Six-Membered Rings,Mica,Guidotti Muscovite SBG-10 Muscovite 41mil 10-23-92,Guidotti, Charles,295
04020301,Hydrated Acid and Sulfates,Sulfate,Szomolnokite 560,Dyar, Darby,260
07111101,Single-Width Unbranched Chains W=1,Pyroxene,Pyroxene, synthetic Wo40En55F55 Px077,Lindsley, Donald,24
kzz3ph,Sheets of Six-Membered Rings,Mica,Zhou Z3 Phlogopite 19mil 6-19-91,Zhou, Fuxing,295
07042804,Insular SiO4 Groups Only,Olivine,Olivine, synthetic Fo70 New,Lindsley, Donald,12
07122108,Single-Width Unbranched Chains W=1,Pyroxene,Pyroxene, synthetic Wo10Fs90 088,Lindsley, Donald,50
10060701,Sheets of Six-Membered Rings,Mica,Mica, Ti-rich DH508B,Rider, Milan,295
05121205,Insular SiO4 Groups Only,Olivine,Olivine, synthetic Fo10,Lindsley, Donald,30
13041703,Sulfides, including Selenides and Tellurides,Sulfite,Marcasite Waredale, England MHC Collection,Dyar, Darby,295
s2exp4,Sheets of Six-Membered Rings,Mica,Earley Biotite 4 12mil 9-26-93,Earley, Drummond,295
05120704,Insular SiO4 Groups Only,Olivine,Olivine, synthetic Fo30,Lindsley, Donald,225
07042008,Single-Width Unbranched Chains W=1,Pyroxene,Pyroxene, synthetic Wo50En0Fs50,Lindsley, Donald,295
18012905,Anhydrous Borates,Phosphate,Vonsenite John Hughes,Dyar, Darby,295
07071101,Sheets of Six-Membered Rings,Smectite,Ferrosaponite JB-762 Pit #5, Flagstaff Hill, CA,Bishop, Janice,295
11033101,Simple Oxides,Oxide,MaghemiteVI.4 12nm,Nyiro-Kosa, Ilona,80
04041502,Hydrated Acid and Sulfates,Sulfate,Szomolnokite 560,Dyar, Darby,30
05080902,Anhydrous Sulfates Containing Hydroxyl or Halogen,Alunite,Jarosite, synthetic 15B heated to 300C,Brophy, Gerald,295
07040703,Single-Width Unbranched Chains W=1,Pyroxene,Pyroxene, synthetic Wo10En63Fs27 010,Lindsley, Donald,125
13061801,N/A,Miscellaneous,Green Tea 1Fe:10GT mounted dry,Oakes, Jacqueline,295
05102401,Insular SiO4 Groups Only,Olivine,Olivine, synthetic Fo20 Zhou,Lindsley, Donald,275
11072903,Hydrated Phosphates, Arsenates, and Vanadates containing Hydroxyl or Halogen,Phosphate,Barbosalite DD135,Dyar, Darby,295
20080806,Sheets of Six-Membered Rings,clay,Montmorillonite 114,Dyar, Darby,295
11033105,Simple Oxides,Oxide,MaghemiteVI.4 12nm,Nyiro-Kosa, Ilona,175
04051602,N/A,Terrestrial Samples,Basalt JB-397-A Haleakala,Bishop, Janice,295
07041106,Single-Width Unbranched Chains W=1,Pyroxene,Pyroxene, synthetic Wo10En36Fs54 011,Lindsley, Donald,275
11040102,Simple Oxides,Oxide,MaghemiteVI.4 12nm,Nyiro-Kosa, Ilona,275
dhbolv,Insular SiO4 Groups Only,Olivine,al Kishb, SA H30-B2 Olivine 7-28-89,McGuire, Anne,295
04093002,Double-Width Unbranched Chains W=2,Amphibole,Amphibole PBM-8,Dyar, Darby,295
ubmt20,Six-Membered Rings,Tourmaline,Blk. Mtn. Pegmatite BMT-20 Tourmaline 54.38 1mil 9-19-94,Dyar, Darby,295
05100201,N/A,Fulgurite,Fulgurite Starke Florida A glass,Sheffer, Abigail,295
14072901,N/A,Glass,Glass, synthetic DAC-2 Mo-MoO2,McCanta, Molly,295
11100501,N/A,Terrestrial Samples,Dolerite MS10_BV_12_int Beacon Valley, Antarctica no acetone,Salvatore, Mark,295
h90_k,Al-Si Frameworks,Feldspar,Housely Fe2+ Anorthite 90K,Housely, Robert,90
10070901,N/A,Industrial Samples,Steel 5,Gupta, Ratnesh,295
05082503,Anhydrous Sulfates Containing Hydroxyl or Halogen,Alunite,Jarosite, synthetic 2B heated to 300C,Brophy, Gerald,170
05082409,Anhydrous Sulfates Containing Hydroxyl or Halogen,Alunite,Jarosite, synthetic 2B heated to 300C,Brophy, Gerald,50
08050803,Anhydrous Sulfates Containing Hydroxyl or Halogen,Alunite,Jarosite (wake),Coleman, Max,295
04042303,Anhydrous Sulfates Containing Hydroxyl or Halogen,Sulfate,Romerite SPT 126,Cloutis, Edward,170
20072301,Sheets of Six-Membered Rings,Talc,Gunter Talc #122, CT_BP_CashmereBouquet_A, Univ. of Idaho,Gunter, Mickey,295
11062904,N/A,Industrial Samples,Coal Fly Ash Sample M Fe6+,Fan, Mahoung,175
04081501,Insular SiO4 Groups Only,Olivine,Olivine, synthetic Fo60,Menzies, Olywn,270
14102001,Sheets of Six-Membered Rings,Clay,Vermiculite ALBIVA00 Louisa, VA,Swayze, Gregg,295
12050401,N/A,Biogeochemical Mineralogical By-Products,Chimney Ba 08-1 4438 8-21-08,Holden, Jim,130
07050301,Single-Width Unbranched Chains W=1,Pyroxene,Pyroxene, synthetic En40Fs60 with metal blebs 005A ,Lindsley, Donald,250
03072502,Simple Oxides,Oxide,Hematite, specular 83421 Westphalia ,Dyar, Darby,35
07121609,Single-Width Unbranched Chains W=1,Pyroxene,Pyroxene, synthetic En30Fs70 SynPx 023,Lindsley, Donald,18
18041505,N/A,Biogeochemical Mineralogical By-Products,P. delaneyi Ferrihydrite no heat-no cells anoxically dried ,Kashyap, Srishti,295
fbb1cp,Single-Width Unbranched Chains W=1,Pyroxene,Dish Hill Ba-2-1 B-1 CPX 2mil 5-9-89,McGuire, Anne,295
15041704,Simple Oxides,Oxide,Lepidocrocite, synthetic, nanophase LEP030415,Sklute, Elizabeth,150
07122309,Single-Width Unbranched Chains W=1,Pyroxene,Pyroxene, Synthetic Wo20Fs80 SynPx087 ,Lindsley, Donald,200
18062001,N/A,Biogeochemical Mineralogical By-Products,Ice Mamba M1-4 Blood Falls culture, live cell, ferrihydrite, anoxically dried ,Mickuchi, Jill,5
jhp39d,Single-Width Unbranched Chains W=1,Pyroxene,Harrell Orthopyroxene Ep-3-139D 28mil 10-1-90,McGuire, Anne,295
jlm245,Sheets of Six-Membered Rings,Mica,Lee-Guidotti Muscovite 245-MW-60 74mil 8-6-90,Guidotti, Charles,295
11091403,N/A,Terrestrial Samples,Oil sand EC<2,Osacky, Marek,4
05012101,Double-Width Unbranched Chains W=2,Amphibole,Amphibole PBM-10,Dyar, Darby,295
02040701,Al-Si Frameworks,Feldspar,Anorthite 57Fe Fe3+ ,Housely, Robert,240
17051501,Multiple Oxides,Feldspar,Plagioclase 1382a (an73) Brown U.,Cheek, Leah,300
16072901,Six-Membered Rings,Beryl,Bazzite Tordar,Taran, Michail,295
11072905,Hydrated Phosphates, Arsenates, and Vanadates containing Hydroxyl or Halogen,Phosphate,Triphylite DD180,Dyar, Darby,295
15040303,N/A,Terrestrial Samples,Core U1427B 2-3-70 WHOI,Gosan, Liviu,250
20060601,Sheets of Six-Membered Rings,Talc,Gunter Talc #61, ITA_Gianna_C, Univ. of Idaho,Gunter, Mickey,295
15112004,Hydroxides and Oxides Containing Hydroxyl,Hydroxide,Lepidocrocite, synthetic, nanophase LEP100615_2,Sklute, Elizabeth,80
dkicpx,Single-Width Unbranched Chains W=1,Pyroxene,Cima, CA Ki-5-31 CPX 8-10-88,McGuire, Anne,295
fst101,Insular SiO4 Groups and O, OH, F, and H2O,Staurolite,Hunt Valley Staurolite HV-101 impure 1mil 2-22-89,Lang, Helen,295
18073101,Double-Width Unbranched Chains W=2,Amphibole,Amphibole G5,Law, Tony,295
05091801,N/A,Glass,Glass, space-weathered S650.5R,Noble, Sarah,295
20111102,N/A,Terrestrial Samples,AK17 Lep heat + cells (1),Elizabeth Sklute,295
thcad2,Sheets of Six-Membered Rings,Chlorite,Harper Chlorite ACDC-2 27mil 5-1-94,Harper, Greg,295
s2377b,Sheets of Six-Membered Rings,Mica,Barnes Biotite MMB-377 11mil 11-3-93,Barnes, Calvin,295
10081801,Sheets of Six-Membered Rings,Kaolinite-Serpentine,Antigorite BM 1966,500,Evans, Bernard,295
11100406,Simple Oxides,Oxide,Ferrihydrite HFO Douthat Bridge Water Column,Estes, Emily,295
05101902,Hydrated Sulfates Containing Hydroxyl or Halogen,Sulfate,Copiapite SPT 125 dry,Cloutis, Edward,100
06101403,Anhydrous Sulfates Containing Hydroxyl or Halogen,Alunite,Natrojarosite NAJ8-2 UC Davis,Bishop, Janice,295
05112303,Insular SiO4 Groups Only,Olivine,Olivine, synthetic Fo60 Hartzman,Lindsley, Donald,13.2
11071803,N/A,Industrial Samples,Coal Fly Ash FeOOH 25C,Fan, Maohoung,295
12011401,N/A,Biogeochemical Mineralogical By-Products,Sully_4 inoculated + incubated at 92C for 100h past stationary phase  ,Holden, Jim,295
12050502,N/A,Biogeochemical Mineralogical By-Products,Chimney Ba 08-2 4438 8-21-08,Holden, Jim,80
02090901,Al-Si Frameworks,Feldspar,Feldspar Bushveld B17,Tegnar, Christian,295
05121801,Anhydrous Carbonates,Carbonate,Siderite E48,Turner, David,13
02051101,Al-Si Frameworks,Feldspar,Anorthite Fe2+ ,Housely, Robert,12
00120101,Al-Si Frameworks,Feldspar,Feldspar 10040105,McEnroe, Suzanne,295
10040701,Anhydrous Phosphates, Arsenates, and Vanadates containing Hydroxyl or Halogen,Phosphate,Griphite DH148,Dyar, Darby,295
05030101,Anhydrous Sulfates Containing Hydroxyl or Halogen,Sulfate,Melanterite 136727 ,Dyar, Darby,295
08122302,N/A,Mixtures,Ferrihydrite -- Magnetite 50:50 mix JB-JLB-810,Bishop, Janice,295
06121103,Sheets of Six-Membered Rings,Mica,Zinnwaldite ZW-C GIT-IWG,Dyar, Darby,30
13082701,Sheets of Six-Membered Rings,Kaolinite-Serpentine,Serpentine MCL-81_167_238 to EDH_B22_B_Bulk, A. URI,Stander, Amy,295
04082501,Six-Membered Rings,Tourmaline,Schorl Zillertal,Ertl, Andreas,295
08120901,Hydrated Sulfates Containing Hydroxyl or Halogen,Sulfate,Copiapite MAC-2 JB-835,Bishop, Janice,295
05120603,Insular SiO4 Groups Only,Olivine,Olivine, synthetic Fo40 Zhou,Lindsley, Donald,40
05100701,Anhydrous Sulfates Containing Hydroxyl or Halogen,Sulfate,Romerite SPT 110 dry,Cloutis, Edward,20
07122606,Single-Width Unbranched Chains W=1,Pyroxene,Pyroxene, synthetic Wo40En48Fs12 075,Lindsley, Donald,18
03122701,N/A,Fulgurite,Fulgurite CT metal blebs,Sheffer, Abigail,295
ihc139,Sheets of Six-Membered Rings,Kaolinite-Serpentine,O'Hanley C139 Antigorite 48mil 4-23-90,O'Hanley, David,295
06121605,Sheets of Six-Membered Rings,Smectite,Nontronite Sampor smectite JB-175 ,Bishop, Janice,200
06092801,N/A,Mixtures,MHC 2046 -- MHC 2070 50:50 mix,Dyar, Darby,295
w4epa4,Single-Width Unbranched Chains W=1,Pyroxene,Peridotite KBH-94-15 OPX 126.25 8mil 6-29-95,McGuire, Anne,295
06011504,Single-Width Unbranched Chains W=1,Pyroxene,Pyroxene, synthetic En80 Fs20C 027,Lindsley, Donald,295
20063002,Sheets of Six-Membered Rings,Talc,Gunter Talc #106, USA_VT_Johnson_JTMS,Gunter, Mickey,295
qgok10,Sheets of Six-Membered Rings,Mica,Guidotti Muscovite o-k-10 zone 8 41mil 1-5-93,Guidotti, Charles,295
11020502,Sulfides, including Selenides and Tellurides,Sulfide,Pyrite, synthetic acid-washed,Schoonen, Martin,295
18030501,N/A,Terrestrial Samples,Dolerite PRR-36150 interior,Salvatore, Mark,295
15110301,Native Elements and Alloys,Metal,Fe foil  10 mm-s,n/a,8
03071901,Simple Oxides,Oxide,Ferrihydrite 96214 Smedley's Iron Mine ,Dyar, Darby,110
15110302,Native Elements and Alloys,Metal,Fe foil  10 mm-s,n/a,80
14032502,N/A,Fulgurite,Tektite #1,Nottke, Tony,295
15042302,Simple Oxides,Oxide,Ferrihydrite, synthetic air dried 2-3-15,Sklute, Elizabeth,4
02040201,Al-Si Frameworks,Feldspar,Anorthite 57Fe Fe3+ ,Housely, Robert,30
d366ab,Double-Width Unbranched Chains W=2,Amphibole,Hornblende H366-A-B with ? 8-18-88,Dyar, Darby,295
07101503,N/A,Mixtures,Garnet standards mix (almandine and andradite),Dyar, Darby,18
07121710,Single-Width Unbranched Chains W=1,Pyroxene,Pyroxene, synthetic Fs100 DL-CMP-061,Lindsley, Donald,125
15041705,Simple Oxides,Oxide,Lepidocrocite, synthetic, nanophase LEP030415,Sklute, Elizabeth,150-80
06082403,Unbranched Chains with W>2,Smectite,Saponite, shocked SAP 103,Michalski, Joe,295
02020101,Al-Si Frameworks,Feldspar,Anorthite Fe2+ ,Housely, Robert,90
11032804,Simple Oxides,Oxide,Maghemite VI.2 100nm,Nyiro-Kosa, Ilona,250
15053001,N/A,Meteorite,Meteorite Murchison,Hibbitts, Karl,295
05120604,Insular SiO4 Groups Only,Olivine,Olivine, synthetic Fo40 Zhou,Lindsley, Donald,30
12051902,N/A,Industrial Samples,Coal fly ash 3% Fe coal devolatilized 800C,Fan, Maohong,295
04042803,Insular SiO4 Groups Only,Olivine,Fayalite, synthetic,Menzies, Olwyn,55
04081912,Simple Oxides,Oxide,Hematite, synthetic,Dyar, Darby,150
km926h,Simple Oxides,Oxide,McGuire 92649 Hematite for Moss. 9mil 6-13-91,McGuire, Anne,295
07122002,Single-Width Unbranched Chains W=1,Pyroxene,Pyroxene, synthetic En50Fs50 SynPx004,Lindsley, Donald,18
10122601,Hydrated Normal Phosphates, Arsenates, and Vanadates,Phosphate,Kryzhanovskite MDD18,Dyar, Darby,295
06121001,Sheets of Six-Membered Rings,Mica,Zinnwaldite ZW-C GIT-IWG,Dyar, Darby,150
13122901,N/A,Glass,Glass, synthetic AND-3 IW,McCanta, Molly,295
15082703,N/A,Biogeochemical Mineralogical By-Products,Islandicum 8-15 Wet Ferrihydrite FH Control Final,Holden, Jim,150
02071601,Double-Width Unbranched Chains W=2,Pyroxene,Pyroxene PYX 112,Cloutis, Edward,295
11072603,Hydrated Phosphates, Arsenates, and Vanadates containing Hydroxyl or Halogen,Phosphate,Bermanite DD130,Dyar, Darby,295
tcb152,Sheets of Six-Membered Rings,Mica,Cathedral Biotite 69mil 4-9-94,Dyar, Darby,295
17042801,N/A,Halide,FeCL3 6^H2O U Conn,Oakes, Jacqueline,300
04081908,Simple Oxides,Oxide,Hematite, synthetic,Dyar, Darby,185
07060502,Single-Width Unbranched Chains W=1,Pyroxene,Pyroxene, synthetic Wo30En17.5F252.5 066,Lindsley, Donald,24
16080401,Sheets of Six-Membered Rings,Mica,Biotite E19-8,Bucholz, Claire,295
14101501,N/A,Terrestrial Samples,Core U1430B 4-5-66 WHOI ash,Gosan, Liviu,295
r2m4bt,Sheets of Six-Membered Rings,Mica,Munoz Biotite BM-4 30mil 8-10-93,Munoz, Jim,295
09020101,Hydroxides and Oxides Containing Hydroxyl,Hydroxide,Schwertmannite Hyde,King, Penny,295
08122801,N/A,Mixtures,Ferrihydrite -- Maghemite 50:50 mix JB-JLB-808,Bishop, Janice,295
09050801,Simple Oxides,Oxide,Wustite, synthetic D intermediate very slightly magnetic,Lindsley, Donald,225
10011001,N/A,Biogeochemical Mineralogical By-Products,Islandicum grown on Fe Gel, dehydrate 1 11-17-09,Holden, Jim,18
13100201,Sheets of Six-Membered Rings,Kaolinite-Serpentine,Kaolinite, shocked 39.6 GPa,Michalski, Joe,295
08121801,Hydrated Sulfates Containing Hydroxyl or Halogen,Sulfate,Copiapite FAC-5 JB-841,Bishop, Janice,295
13041501,Hydrated Sulfates Containing Hydroxyl or Halogen,Sulfate,Copiapite R6254-B,Dyar, Darby,295
16082401,N/A,Terrestrial Samples,Ocean sediment 185 1149 2H1 53-55 >125mm,Anderson, Chloe,295
06121504,Sheets of Six-Membered Rings,Mica,Glauconite Hurricane Mountain, NH,Dyar, Darby,80
praa66,Sheets of Six-Membered Rings,Mica,Guidotti Muscovite RA-A26-66 Pure Musc. 32mil 9-1-92,Guidotti, Charles,295
11082001,Anhydrous Phosphates, Arsenates, and Vanadates containing Hydroxyl or Halogen,Phosphate,Wolfeite DD326,Dyar, Darby,295
05100703,Anhydrous Sulfates Containing Hydroxyl or Halogen,Sulfate,Romerite SPT 110 dry,Cloutis, Edward,13.1
gk16op,Single-Width Unbranched Chains W=1,Pyroxene,Cima,CA Spinel Perid Ki-5-16 OPX 16mil 9-12-89,McGuire, Anne,295
15081303,N/A,Biogeochemical Mineralogical By-Products,Sully 7-15 Dry Ferrihydrite FH A Initial ,Holden, Jim,220
h150_k,Double-Width Unbranched Chains W=2,Amphibole,Tony Law Holmquistite 150K,Law, Tony,150
fbsphl,Sheets of Six-Membered Rings,Mica,Dish Hill Ba-2-1 selvage phlogite 5mil 5-28-89,McGuire, Anne,295
10102901,Simple Oxides,Oxide,Ferrihydrite, nanophase 1GOE 06-2008,Bosch, Julian,24
jvt45p,Sheets of Six-Membered Rings,Chlorite,Saccocia Chlorite Vt-400-500 7mil 1-20-91,Saccocia, Peter,295
05110902,Insular SiO4 Groups Only,Olivine,Olivine, synthetic Fo50,Lindsley, Donald,40
02010701,Al-Si Frameworks,Feldspar,Plagioclase Bushveld B1B,Tegnar, Christian,295
07121201,Single-Width Unbranched Chains W=1,Pyroxene,Pyroxene, synthetic Wo20En32Fs48 057,Lindsley, Donald,30
04100402,Double-Width Unbranched Chains W=2,Amphibole,Amphibole PBM-R-1B new,Dyar, Darby,295
12081501,Sheets of Six-Membered Rings,Clay,Clay VA22 1030-1034,Michalski, Joe,295
04040901,Insular SiO4 Groups Only,Olivine,Fayalite, synthetic Fe0,Menzies, Olwyn,75
10091402,N/A,Biogeochemical Mineralogical By-Products,Hyperthermus butylicus log growth 8-19-10 mounted dry,Holden, Jim,25
04072815,Native Elements and Alloys,Metal,Fe foil  4 mm-s,n/a,185
04110201,Multiple Oxides,Multiple Oxide,Spinel BE-001,Choi, Sung Hi,295
qehsob,Sheets of Six-Membered Rings,Mica,Earley Biotite 5. H2SO4 Biotite 6mil 10-15-92,Earley, Drummond,295
06081601,Single-Width Unbranched Chains W=1,Pyroxene,Pyroxene, synthetic Fs100 DL-CMP-061,Lindsley, Donald,295
03120602,Hydroxides and Oxides Containing Hydroxyl,Hydroxide,Goethite 119377 Florissant Co., CO,Dyar, Darby,165
09051902,Simple Oxides,Oxide,Wustite, synthetic CC too much Fe for M+ saturation,Lindsley, Donald,265
18012301,N/A,Biogeochemical Mineralogical By-Products,P. delaneyi Lepidocrocite heat- no cells anoxically dried,Kashyap, Srishti,4
vfsh18,N/A,Industrial Samples,Fly Ash 91918 SN 12.59 9mil 11-25-94,unknown,295
07082001,N/A,Glass,Glass, synthetic NNO +3_dPt Basalt,Dufresne, Celeste,295
06102003,N/A,Mixtures,Fo0 and Andradite Std 50:50,Dyar, Darby,295
gc25op,Single-Width Unbranched Chains W=1,Pyroxene,Cima Spinel Perid OPX Ci-1-25 11mil 8-17-89,McGuire, Anne,295
05120202,N/A,Terrestrial Samples,Acid Saline Lake KCB-11,Benison, Kathy,295
18081201,Single-Width Unbranched Chains W=1,Pyroxene,Pyroxene MIL 091004,20,Dyar, Darby,295
13070904,Sheets of Six-Membered Rings,Kaolinite-Serpentine,Serpentine CSWI 28a hard URI,Stander, Amy,295
16121601,Insular SiO4 Groups Only,Olivine,Olivine NMNH 104576, St. Peters Dome,Dyar, Darby,295
06101704,Anhydrous Sulfates Containing Hydroxyl or Halogen,Alunite,Jarosite, synthetic 2 Na1Fe1.5Al1.5 Tosca,Tosca, Nick,295
07041807,Single-Width Unbranched Chains W=1,Pyroxene,Pyroxene, synthetic Wo20En20Fs20 055,Lindsley, Donald,225
13072502,N/A,Glass,Glass, synthetic BAA-1 QFM,McCanta, Molly,295
12020603,Hydrated Acid and Sulfates,Sulfate,Rhomboclase 81268 Peru,Dyar, Darby,295
18092501,Single-Width Unbranched Chains W=1,Pyroxene,Pyroxene MIL 091004,20,Dyar, Darby,295
03062503,Simple Oxides,Oxide,Hematite,Dyar, Darby,295
07070602,Sheets of Six-Membered Rings,Pyrophyllite-Talc,Talc FTA-21-R2 J.C.C. 10-12-06,Jenkins, David,295
11070502,N/A,Industrial Samples,Coal Fly Ash Sample T Fe6+,Fan, Mahoung,18
05061301,Sheets of Six-Membered Rings,Chlorite,Chlorite CG-BG 1,Guidotti, Charles,295
15050101,N/A,Glass,Glass, synthetic DAC-3 Air,McCanta, Molly,295
10011101,N/A,Biogeochemical Mineralogical By-Products,Islandicum grown on Fe Gel, dehydrate 1 11-17-09,Holden, Jim,24
13091201,N/A,Miscellaneous,Green Tea A 2Fe:1GT disc mount,Oakes, Jacqueline,4
14112501,N/A,Terrestrial Samples,Core U1430A 1-1-145 WHOI,Gosan, Liviu,295
11071401,N/A,Biogeochemical Mineralogical By-Products,Roane July 2011, inoculated + incubated 92C 100h,Holden, Jim,200
20110701,N/A,Terrestrial Samples,AX17 AK heat no cells (2),Elizabeth Sklute,295
04042103,Anhydrous Sulfates Containing Hydroxyl or Halogen,Sulfate,Romerite SPT 120,Cloutis, Edward,45
15041302,N/A,Biogeochemical Mineralogical By-Products,Sully March innoculation time point 6, series C (control) no acetone,Holden, Jim,50
kch121,Sheets of Six-Membered Rings,Chlorite,USGS Chlorite 21-C 20mil 5-13-91,Dyar, Darby,295
06120702,Sheets of Six-Membered Rings,Chlorite,Chlorite, clinochlore West Chester PA,Dyar, Darby,45
09051503,Simple Oxides,Oxide,Wustite, synthetic A Fe-saturated,Lindsley, Donald,235
13091401,N/A,Miscellaneous,Green Tea B 1Fe:2GT disc mount,Oakes, Jacqueline,80
06030701,Single-Width Unbranched Chains W=1,Pyroxene,Jadeite 2E MVJ90241,Sorenson, Sorena,295
07123004,Single-Width Unbranched Chains W=1,Pyroxene,Pyroxene, synthetic Wo30En28Fs42 068,Lindsley, Donald,60
l86bmh,Double-Width Unbranched Chains W=2,Amphibole,Wilshire Hornblende 86-BM 12mil 9-22-91,Wilshire, Howard,295
04072915,Native Elements and Alloys,Metal,Fe foil  4 mm-s,n/a,260
06101308,Anhydrous Sulfates Containing Hydroxyl or Halogen,Alunite,Natroalunite NAJ8-3 UC Davis,Bishop, Janice,295
12021002,Sheets of Six-Membered Rings,Smectite,Smectite SCB-TX-18 bulk rock,Harding, Sherie,295
06011402,Single-Width Unbranched Chains W=1,Pyroxene,Pyroxene, synthetic En30Fs70 023,Lindsley, Donald,295
17040501,Six-Membered Rings,Tourmaline,Tourmaline LHMR University of AZ,Runyon, Simone,295
ud227h,Single-Width Unbranched Chains W=1,Pyroxene,Dish Hill Cpx DH-227 66.88 6mil 8-4-94,Dyar, Darby,295
15090202,N/A,Biogeochemical Mineralogical By-Products,Islandicum 8-15 Wet Ferrihydrite FH Initial Control,Holden, Jim,295
05011103,Insular SiO4 Groups Only,Olivine,Olivine, synthetic Fe70,Lindsley, Donald,230
13041001,Sulfides, including Selenides and Tellurides,Sulfite,Pyrite, Logrono, Spain,Dyar, Darby,295
13040503,Sulfides, including Selenides and Tellurides,Sulfite,Chalcopyrite CHA 101 Temegami, Ontario,Cloutis, Edward,275
03052401,Simple Oxides,Oxide,Hemo-ilmenite 1007.01.2,McEnroe, Suzanne,295
07111605,Single-Width Unbranched Chains W=1,Pyroxene,Pyroxene, synthetic En90 Fs10GDL-CMP-065,Lindsley, Donald,8
09042801,Simple Oxides,Oxide,Ferrihydrite 2: DB B+1 30,Estes, Emily,295
10112001,N/A,Biogeochemical Mineralogical By-Products,Islandicum inoculated 11-08-2010,Holden, Jim,4
qw11ac,Sheets of Six-Membered Rings,Kaolinite-Serpentine,Chrysotile W11 Chrasb. 25mil 1-17-93,O'Hanley, David,295
02092301,Six-Membered Rings,Tourmaline,Tourmaline Maigen,Ertl, Andreas,295
12042602,Simple Oxides,Oxide,Magnetite GS152 H2-N2 headgas,Li, Y.-L.,80
12041502,Simple Oxides,Oxide,Wustite, synthetic BB2,Lindsley, Donald,200
06121407,Sheets of Six-Membered Rings,Mica,Glauconite Hurricane Mountain, NH,Dyar, Darby,250
04022701,Anhydrous Sulfates Containing Hydroxyl or Halogen,Sulfate,Melanterite SPT 130,Cloutis, Edward,250
19072201,N/A,Terrestrial Samples,Blood falls sample ES25 air dried sediment mostly sample,Mikucki, Jill,4
06091303,Hydrated Sulfates Containing Hydroxyl or Halogen,Sulfate,Slavikite VZO 122-123,Dyar, Darby,295
13091302,N/A,Miscellaneous,Green Tea A 2Fe:1GT disc mount,Oakes, Jacqueline,295
15060804,N/A,Biogeochemical Mineralogical By-Products,Islandicum NaHCO3 buffer A final,Holden, Jim,295
08122601,N/A,Mixtures,Ferrihydrite -- Magnetite 75:25 mix JB-JLB-811,Bishop, Janice,295
03080602,Simple Oxides,Oxide,Hematite, specular 83421 Westphalia ,Dyar, Darby,15
11071704,N/A,Industrial Samples,Coal Fly Ash FeOOH 25C,Fan, Maohoung,125
15082404,N/A,Biogeochemical Mineralogical By-Products,Islandicum 8-15 Wet Ferrihydrite FH Final A,Holden, Jim,220
usp32x,Insular SiO4 Groups Only,Olivine,Spinel Peridotite H312T1 Olivine 64.66 11mil 8-6-94,McGuire, Anne,295
15041603,Simple Oxides,Oxide,Hematite, synthetic, nanophase HEM022015,Sklute, Elizabeth,4-295
08080801,Hydrated Acid and Sulfates,Sulfate,Paracoquimbite G2681-1,Dyar, Darby,295
08102201,Hydrated Sulfates Containing Hydroxyl or Halogen,Sulfate,Ferricopiapite 168257 31.10.5.4 VA,Dyar, Darby,295
14022401,Sheets of Six-Membered Rings,Kaolinite-Serpentine,Serpentine, shocked 25.3 GPa,Michalski, Joe,295
13012801,Sheets of Six-Membered Rings,Clay,Va3 313-318 clay Michalski,Michalski, Joe,295
04052301,N/A,Oxide,Ferrihydrite JB-431 reduced 409B,Bishop, Janice,50
03021901,N/A,Meteorite,Meteorite EETA 79001A whole rock,Dyar, Darby,295
11061701,N/A,Glass,Glass, synthetic 83-59 R(3),Blank, Jen,295
07021301,Sheets of Six-Membered Rings,Chlorite,Clinochlore West Chester, PA,Dyar, Darby,24
hosc54,Sheets of Six-Membered Rings,Kaolinite-Serpentine,O'Hanley Serpentinite C54 33mil 11-7-89,O'Hanley, David,295
06092901,Anhydrous Sulfates Containing Hydroxyl or Halogen,Sulfate,Sulfate MHC 2070 ferrous,Dyar, Darby,295
16092601,Simple Oxides,Oxide,Magnetite, synthetic, nanophase MAG060516 dried and mounted in glove box,Sklute, Elizabeth,80
05082302,Simple Oxides,Oxide,Ferrihydrite JA-499 Iceland,Bishop, Janice,12
15072901,Insular SiO4 Groups Only,Olivine,Olivine KI-3362 Fo60.4 Kiglapait,Morse, S. A.,295
06051201,Double-Width Unbranched Chains W=2,Amphibole,Amphibole PM-1B,King, Penny,295
07040202,Single-Width Unbranched Chains W=1,Pyroxene,Pyroxene, synthetic Wo5En66.5Fs28.5 015,Lindsley, Donald,125
03112301,Simple Oxides,Oxide,Ferrihydrite JB-564 Czech 5005-1,Bishop, Janice,30
20101102,N/A,Terrestrial Samples,AX17 Bioreduced Fh no Heat no Cells (3A),Elizabeth Sklute,150
02040801,Al-Si Frameworks,Feldspar,Anorthite 57Fe Fe3+ ,Housely, Robert,265
10121901,N/A,Terrestrial Samples,Basalt, altered HYD-11 Atacama Desert ,Greenberger, Rebecca,295
15053101,N/A,Meteorite,Meteorite LAP 02277,26,Hibbitts, Karl,295
hgru07,Double-Width Unbranched Chains W=2,Amphibole,Dyor Grunerite 4mil 10-5-89,Dyar, Darby,295
04061901,Hydrated Acid and Sulfates,Sulfate,Rozenite JB-626-B Iron Mountain <125mm,Dyar, Darby,295
13071601,N/A,Industrial Samples,Coal fly ash 4 Fe 20 min water, coal,Fan, Maohong,295
10022601,Sheets of Six-Membered Rings,Kaolinite-Serpentine,Antigorite IM-1B,Evans, Bernard,295
10013001,Sheets of Six-Membered Rings,Kaolinite-Serpentine,Antigorite R070228,Evans, Bernard,295
07121504,Single-Width Unbranched Chains W=1,Pyroxene,Pyroxene, synthetic En30Fs70 SynPx 023,Lindsley, Donald,275
11072503,Hydrated Phosphates, Arsenates, and Vanadates containing Hydroxyl or Halogen,Phosphate,Phosphosiderite ML-P22,Dyar, Darby,295
15120301,Hydroxides and Oxides Containing Hydroxyl,Hydroxide,Goethite, synthetic, nanophase GOET011515,Sklute, Elizabeth,150
xstb3ba,Six-Membered Rings,Tourmaline,XIA142 BMCR-3B (229MG) R.T. V=4 8-17-18-1996 2mil,Dyar, Darby,295
15052901,N/A,Meteorite,Meteorite Ivuna USNM 6630 0.080qm,Hibbitts, Karl,295
04072702,Insular SiO4 Groups Only,Olivine,Olivine, synthetic Fo80,Menzies, Olywn,295
07110401,N/A,Meteorite,Meteorite eucrite experiment RD2-5 1225º,Elkinton, Hannah,295
12050301,N/A,Biogeochemical Mineralogical By-Products,Chimney Ba 08-1 4438 8-21-08,Holden, Jim,4
04092001,Double-Width Unbranched Chains W=2,Amphibole,Amphibole Gore Mountain,Minitti, Michelle,295
06012401,N/A,Meteorite,Meteorite MET C2 non-mag,Kennedy, Justin,295
l5a2gc,Sheets of Six-Membered Rings,Chlorite,Guidotti Chlorite Zone 5 Ra-A2-66 10mil 10-23-91,Guidotti, Charles,295
10121801,N/A,Terrestrial Samples,Basalt, altered HYD-8 Atacama Desert,Greenberger, Rebecca,295
09030401,Sheets of Six-Membered Rings,Kaolinite-Serpentine,Antigorite Uehara A1,Evans, Bernard,295
03113001,Simple Oxides,Oxide,Ferrihydrite JB-564 Czech 5005-1,Bishop, Janice,140
tam20b,Sheets of Six-Membered Rings,Mica,Ort Andean AMO-20B Biotite 25mil 3-19-94,Ort, Michael,295
20011601,Sheets of Six-Membered Rings,Talc,Gunter Talc #65, USA_CA_WesternTalc_3c, Univ. of Idaho,Gunter, Mickey,295
05101501,Anhydrous Sulfates Containing Hydroxyl or Halogen,Alunite,Jarosite Schiffman 9100405,Harding, Sherie,295
03051101,Al-Si Frameworks,Feldspar,Feldspar Bushveld BS7,Tegner, Christian,295
13091701,N/A,Miscellaneous,Green Tea C 1Fe: 5GTdisc mount,Oakes, Jacqueline,295
18050101,Insular SiO4 Groups Only,Olivine,Olivine Globe ,Dyar, Darby,300
05101903,Hydrated Sulfates Containing Hydroxyl or Halogen,Sulfate,Copiapite SPT 125 dry,Cloutis, Edward,75
05112501,Multiple Oxides,Hydroxide,Goethite, reduced JB-438,Bishop, Janice,14
jgbc35,Sheets of Six-Membered Rings,Mica,Guidotti Biotite Ra-C35-66 B+1#1 9mil 9-27-90,Guidotti, Charles,295
05082701,N/A,Fulgurite,Fullgurite Monohans Texas glass MF1,Sheffer, Abigail,295
13031404,Hydrated Sulfates Containing Hydroxyl or Halogen,Sulfate,Amarantite G3775 Los Pintados, Chile,Dyar, Darby,60
18041501,N/A,Biogeochemical Mineralogical By-Products,P. delaneyi Ferrihydrite no heat-no cells anoxically dried ,Kashyap, Srishti,5
04082703,Insular SiO4 Groups Only,Olivine,Olivine, synthetic Fo40,Lindsley, Donald,95
02072001,Al-Si Frameworks,Scapolite,Pipyre SCA 102,Cloutis, Edward,295
02070601,Single-Width Unbranched Chains W=1,Pyroxene,Pyroxene PYX 174 Hedenbergite,Cloutis, Edward,295
04030901,Insular SiO4 Groups Only,Olivine,Forsterite standard H131929,Dyar, Darby,240
10121302,Simple Oxides,Oxide,Ferrihydrite, nanophase 1GOE 07-2010,Bosch, Julian,150
04040201,Anhydrous Sulfates Containing Hydroxyl or Halogen,Sulfate,Melanterite SPT 130,Cloutis, Edward,20
03071603,Simple Oxides,Oxide,Ferrihydrite 96214 Smedley's Iron Mine ,Dyar, Darby,30
12070601,Simple Oxides,Oxide,Magnetite I.1 12nm,Nyiro-Kosa, Ilona,295
12031403,Simple Oxides,Oxide,Hematite 22-30nm iron(III) Oxide, gamma Alfa Aesar CAS #1309-37-2,Breves, Elly,200
07052803,Single-Width Unbranched Chains W=1,Pyroxene,Pyroxene, synthetic Wo20En64Fs16 017,Lindsley, Donald,100
s2exp5,Sheets of Six-Membered Rings,Mica,Earley Biotite 5 7mil 9-24-93,Earley, Drummond,295
11121801,N/A,Biogeochemical Mineralogical By-Products,Chimney EG09-2 "inside" dried,Holden, Jim,80
07123107,Single-Width Unbranched Chains W=1,Pyroxene,Pyroxene, synthetic Wo10En13.5Fs76.5 048,Lindsley, Donald,250
11011701,N/A,Glass,Glass, synthetic Gardner 923,Gardner, Jim,295
03011201,N/A,Terrestrial Samples,Acid Saline Lake KCB 2,Benison, Kathy,295
01092001,Insular SiO4 Groups Only,Garnet,Garnet, grossular 103089 Marble layer intercalated in metapelites, Phippsburg, ME,Dyar, Darby,295
07120301,Single-Width Unbranched Chains W=1,Pyroxene,Pyroxene, synthetic En70Fs30 SynPx 026A,Lindsley, Donald,12
03121301,Simple Oxides,Oxide,Maghemite JB-301,Bishop, Janice,165
04061601,Hydrated Acid and Sulfates,Sulfate,Rozenite JB-626-B Iron Mountain <125mm,Dyar, Darby,60
ud220h,Single-Width Unbranched Chains W=1,Pyroxene,Dish Hill Cpx DH-220 77.57 6mil 8-1-94,Dyar, Darby,295
16051601,N/A,Terrestrial Samples,Ocean sediment 185 1149 4H1 87-89 <63mm BU,Anderson, Chloe,295
11051101,N/A,Glass,Glass, experimental PD2K-4 Pinatubo dacite,Bell,295
14031601,N/A,Industrial Samples,Coal fly ash Zhang #3,Fan, Maohong,295
05021401,N/A,Fulgurite,Fulgurite Black Rock Utah glass,Sheffer, Abigail,295
05120402,Insular SiO4 Groups Only,Olivine,Olivine, synthetic Fo40 Zhou,Lindsley, Donald,293
uspb5p,Insular SiO4 Groups Only,Olivine,Spinel Perid. H30-B5 Olivine 69.56 6mil 9-9-94,McGuire, Anne,295
12070201,N/A,Biogeochemical Mineralogical By-Products,Sully_3 inoculated + incubated at 92C until stationary phase  ,Holden, Jim,18
s249bt,Sheets of Six-Membered Rings,Mica,Guidotti Biotite 82-49 Songo 16mil 10-7-93,Guidotti, Charles,295
csg141,Insular SiO4 Groups Only,Garnet,Sevigny JS85-141GC 2mil 5-7-88,Sevigny, Jim,295
12041802,Simple Oxides,Oxide,Ferrihydrite JA-499 Iceland,Bishop, Janice,80
15081403,N/A,Biogeochemical Mineralogical By-Products,Sully 7-15 Wet Ferrihydrite FH Control Final ,Holden, Jim,295
08050702,Hydrated Acid and Sulfates,Sulfate,Kornelita (Oil),Coleman, Max,295
18020605,N/A,Biogeochemical Mineralogical By-Products,P. islandicum Lepidocrocite heat-no cells anoxically dried,Kashyap, Srishti,295
11060201,Simple Oxides,Oxide,Ferrihydrite HFO Douthat Bridge Water Column,Estes, Emily,295
12022006,Hydroxides and Oxides Containing Hydroxyl,Hydroxide,Goethite nanophase np-Gt A1,Tosca, Nick,200
06110701,Hydrated Acid and Sulfates,Sulfate,Voltaite 137958,Dyar, Darby,4
04101801,Double-Width Unbranched Chains W=2,Amphibole,Amphibole PBM-7,Dyar, Darby,295
09110101,N/A,Hydroxide,Ferrihydrite, Fe Gel, dehydrated,Holden, Jim,75
12032702,Insular SiO4 Groups Only,Olivine,Fayalite Fe2SiO4 starting powder,Lazareva, Lena,295
cr1466,Sheets of Six-Membered Rings,Mica,Guidotti Biotite Ra-d14-66 2mil 6-22-88,Guidotti, Charles,295
10121305,Simple Oxides,Oxide,Ferrihydrite, nanophase 1GOE 07-2010,Bosch, Julian,80
15120302,Hydroxides and Oxides Containing Hydroxyl,Hydroxide,Goethite, synthetic, nanophase GOET011515,Sklute, Elizabeth,220
13082001,N/A,Industrial Samples,Coal fly ash 1Fe:3Na no acetone,Fan, Maohong,295
11121902,N/A,Biogeochemical Mineralogical By-Products,Chimney EG09-1-2 "outside" dried,Holden, Jim,130
11102101,N/A,Terrestrial Samples,Sandstone, Caspian Sea PNF 10-7, grey ss,Schoonen, Martin,295
usp74b,Single-Width Unbranched Chains W=1,Pyroxene,Spinel Peridotite Ba-1-74 OPX 64.19 10mil 7-26-94,McGuire, Anne,295
20111601,N/A,Terrestrial Samples,AK17 Lep heat + no cells (2b),Elizabeth Sklute,4
09052301,Simple Oxides,Oxide,Wustite, synthetic CC too much Fe for M+ saturation,Lindsley, Donald,215
06072102,Double-Width Unbranched Chains W=2,Amphibole,Amphibole Libby, MT boulder 6-2-06,Gunter, Mickey,295
05111603,Insular SiO4 Groups Only,Olivine,Olivine, synthetic Fo70 Hartzman,Lindsley, Donald,25
04111501,Sheets of Six-Membered Rings,Mica,Biotite Michigan TY-9,Dyar, Darby,295
06101303,Anhydrous Sulfates Containing Hydroxyl or Halogen,Alunite,Jarosite, synthetic K Na #34,Dyar, Darby,295
13040303,Sulfides, including Selenides and Tellurides,Sulfite,Chalcopyrite CHA 101 Temegami, Ontario,Cloutis, Edward,200
05072302,Single-Width Unbranched Chains W=1,Pyroxene,Pyroxene, re-equilibrated MPYX-4,McCanta, Molly,295
07050110,Single-Width Unbranched Chains W=1,Pyroxene,Pyroxene, synthetic Wo10En22.5Fs67.5 053,Lindsley, Donald,45
v22m2n,Sheets of Six-Membered Rings,Mica,Mancini Biotite Run2 64.92 4mil 4-18-95,unknown,295
04072201,Insular SiO4 Groups Only,Olivine,Olivine, synthetic Fo80,Menzies, Olywn,20
04120901,Insular SiO4 Groups Only,Olivine,Olivine, synthetic Fo30 ,Lindsley, Donald,170
18032701,N/A,Terrestrial Samples,Lake Towuti sediment RS0099 Brown University,Sheppard, Rachel,295
qg91mu,Sheets of Six-Membered Rings,Mica,Guidotti Muscovite SBG-91 Pure Muscovite 100mil 10-9-92,Guidotti, Charles,295
07022304,N/A,Mixtures,Ilmenite + garnet Ra-d80-66 heavies,Guidotti, Charles,295
12072001,N/A,Biogeochemical Mineralogical By-Products,Sully_3 inoculated + incubated at 92C until stationary phase  ,Holden, Jim,295
02123101,Single-Width Unbranched Chains W=1,Pyroxene,Pyroxene, Meteorite LEW 88576,Dyar, Darby,295
06122203,Sheets of Six-Membered Rings,Smectite,Montmorillonite Swa-1 JB-170,Bishop, Janice,12
18041801,N/A,Biogeochemical Mineralogical By-Products,P. delaneyi Ferrihydrite heat + cells anoxically dried ,Kashyap, Srishti,5
15042403,Simple Oxides,Oxide,Maghemite, synthetic, nanophase MAGH041415,Sklute, Elizabeth,150-220
17101601,Anhydrous Borates,Phosphate,Vonsenite,Hughes, John,300
15120801,N/A,Biogeochemical Mineralogical By-Products,Sully Test Wet Ferrihydrite FH B frozen,Sklute, Elizabeth,150
14120702,Hydroxides and Oxides Containing Hydroxyl,Hydroxide,Goethite, nanophase Pfeizer IRM sample YLO 1888D,Sklute, Elizabeth,295
uh112t,Six-Membered Rings,Tourmaline,Harvard Sample 112547 Tourmaline 50.91 1mil 9-12-94,Dyar, Darby,295
k4a33b,Sheets of Six-Membered Rings,Mica,Holdaway Assm. 4A 3-3 Biotite 6mil 7-11-91,Holdaway, Michael,295
19042002,N/A,Industrial Samples,Ferric Citrate JC23685004,Williams, Simon,295
06052801,N/A,Meteorite,Meteorite MIL O 0046.43 SNC whole rock,Dyar, Darby,295
07121102,Single-Width Unbranched Chains W=1,Pyroxene,Pyroxene, synthetic Wo20En32Fs48 057,Lindsley, Donald,175
20012201,Sheets of Six-Membered Rings,Talc,Gunter Talc #2, USA_VT_Argonaut_R, Univ. of Idaho,Gunter, Mickey,295
06121502,Sheets of Six-Membered Rings,Mica,Glauconite Hurricane Mountain, NH,Dyar, Darby,125
05092101,Simple Oxides,Oxide,Hematite #1,Ferre, Eric,19
09102101,N/A,Terrestrial Samples,Basalt Mid-Atlantic Ridge 103-1 22-25,Reynolds, Valerie,295
20011001,Sheets of Six-Membered Rings,Talc,Gunter Talc #64, USA_CA_WesternTalc_3a, Univ. of Idaho,Gunter, Mickey,295
l5a35c,Sheets of Six-Membered Rings,Chlorite,Guidotti Chlorite Zone 5 Ra-a35-66 10mil 10-9-91,Guidotti, Charles,295
ph167t,Six-Membered Rings,Tourmaline,Igneous Tourmaline Harvard(?)#1067 Blue Tourmaline 18mil 9-2-92,Dyar, Darby,295
09050602,Simple Oxides,Oxide,Wustite, synthetic D intermediate very slightly magnetic,Lindsley, Donald,295
07062601,Sheets of Six-Membered Rings,Pyrophyllite-Talc,Talc FTA-18-R3 J.C.C. 8-3-06,Jenkins, David,295
17041101,Single-Width Unbranched Chains W=1,Pyroxene,Hedenbergite 119666 Broken Hill Mines Yancowina, NSW Australia,Dyar, Darby,295
12041904,Simple Oxides,Oxide,Maghemite, synthetic JB-301 <45mm,Bishop, Janice,130
12042401,Hydroxides and Oxides Containing Hydroxyl,Hydroxide,Goethite 83831 Bavaria,Dyar, Darby,80
15040803,N/A,Terrestrial Samples,Core U1422A 1-4-45 WHOI,Gosan, Liviu,250
05121401,Insular SiO4 Groups Only,Olivine,Fayalite, synthetic Fo0,Lindsley, Donald,175
w49928,Single-Width Unbranched Chains W=1,Pyroxene,Peridotite H299-28 OPX 160.20 7mil 6-20-95,McGuire, Anne,295
15021901,Insular SiO4 Groups Only,Garnet,Garnet 05.39H,Barnes, Calvin,295
18040101,N/A,Terrestrial Samples,Lake Towuti sediment RS0286 Brown Univerisity,Sheppard, Rachel,130
16110101,N/A,Terrestrial Samples,Ocean sediment 185-1149 11H05 81-83 bulk BU,Anderson, Chloe,295
08051201,Hydrated Acid and Sulfates,Sulfate,Halotrichite,Coleman, Max,295
04033001,Simple Oxides,Oxide,Ferrihydrite, reduced JB-431 reduced 409B,Bishop, Janice,295
17103001,Simple Oxides,Ilmenite,Geikielite Ilm5 #4 Brown U.,Tolke, Leif,300
09102601,N/A,Terrestrial Samples,Basalt Mid-Atlantic Ridge 267-2,Reynolds, Valerie,295
07120101,Single-Width Unbranched Chains W=1,Pyroxene,Pyroxene, synthetic Wo20En56Fs24 019,Lindsley, Donald,24
18040302,N/A,Terrestrial Samples,Lake Towuti Sediment RS0270 Brown University,Sheppard, Rachel,130
v2b12h,Double-Width Unbranched Chains W=2,Amphibole,Barnes Hornblende 12 50.74 4mil 3-18-95,Barnes, Calvin,295
07042605,Insular SiO4 Groups Only,Olivine,Olivine, synthetic Fo70 New,Lindsley, Donald,295
12040801,Multiple Oxides,Oxide,Hercynite 96710 Kongsberg, Bohemia,Dyar, Darby,80
11033003,Simple Oxides,Oxide,MaghemiteVI.4 12nm,Nyiro-Kosa, Ilona,24
08120301,Al-Si Frameworks,Feldspar,Feldspar 35,137,1,Dyar, Darby,295
10022401,Sheets of Six-Membered Rings,Kaolinite-Serpentine,Antigorite NHM London BM 65354,unkwn,295
07042902,Single-Width Unbranched Chains W=1,Pyroxene,Pyroxene, synthetic En17Fs83C 024,Lindsley, Donald,250
06010201,N/A,Fulgurite,Fulgurite Algeria E country rock,Sheffer, Abigail,295
14011402,N/A,Glass,Glass, synthetic Fa-Plag Lazareva-Lindsley 1.006,Lazareva, Lena,295
aa9566g,N/A,Terrestrial Samples,Heavies STU Ra-a95-66 1mil 11-17-87,Guidotti, Charles,295
04112903,Insular SiO4 Groups Only,Olivine,Olivine, synthetic Fo50 ,Menzies, Olywn,108
11031003,Simple Oxides,Oxide,Magnetite III.1 70nm,Nyiro-Kosa, Ilona,4
hbb2ol,Insular SiO4 Groups Only,Olivine,Dish Hill Olivine Ba-2-1 B-1 10mil 9-25-89,McGuire, Anne,295
07090702,Double-Width Unbranched Chains W=2,Amphibole,Amphibole 84-BR,Dyar, Darby,100
10062301,N/A,Mixtures,Forsterite -- Nontronite 75:25 mix JB-962,Bishop, Janice,295
07123104,Single-Width Unbranched Chains W=1,Pyroxene,Pyroxene, synthetic Wo30En28Fs42 068,Lindsley, Donald,4
13072401,N/A,Glass,Glass, synthetic AND-4 QFM,McCanta, Molly,295
07060805,Single-Width Unbranched Chains W=1,Pyroxene,Pyroxene, synthetic Wo40En15Fs45 070,Lindsley, Donald,275
12022202,Hydroxides and Oxides Containing Hydroxyl,Hydroxide,Goethite 7nm,Tosca, Nick,130
08021801,Anhydrous Sulfates Containing Hydroxyl or Halogen,Alunite,Jarosite, synthetic I 0.7 Na,Dyar, Darby,295
18041301,N/A,Industrial Samples,Fe3O4 + Al2O3 #4 University of Wyoming,Sun, Zhao,295
15030901,N/A,Glass,Glass, synthetic DAC-1 CO2,McCanta, Molly,295
21020901,Sheets of Six-Membered Rings,Talc,Gunter Talc #72 CT_Polyguard,Gunter, Mickey,295
00032908,Double-Width Unbranched Chains W=2,Amphibole,Dyar Grunerite 1-K   293K  V4 tk webresco 3-29-00,Grant, Christopher,293
19041801,N/A,Industrial Samples,Ferric Hydroxide Med Chem,Williams, Simon,295
18110801,Sheets of Six-Membered Rings,Talc,Gunter Talc #27, ITA_Rodoretto_B1, Univ. of Idaho,Gunter, Mickey,295
15083101,N/A,Biogeochemical Mineralogical By-Products,Islandicum 8-15 Dry Ferrihydrite FH Initial A,Holden, Jim,6
07122407,Single-Width Unbranched Chains W=1,Pyroxene,Pyroxene, Synthetic Wo20Fs80 SynPx087 ,Lindsley, Donald,30
07010401,N/A,Meteorite,Meteorite LAP 04840,16 whole rock <125mm,Dyar, Darby,295
05012701,Six-Membered Rings,Tourmaline,Tourmaline Him4,Ertl, Andreas,295
05100902,Hydroxides and Oxides Containing Hydroxyl,Hydroxide,Green Rust #3,Mazeina, Lena,12.5
17052401,Double-Width Unbranched Chains W=2,Amphibole,Actinolite NV,Harper, Martin,300
04072502,Insular SiO4 Groups Only,Olivine,Olivine, synthetic Fo80,Menzies, Olywn,195
12031503,Simple Oxides,Oxide,Hematite 22-30nm iron(III) Oxide, gamma Alfa Aesar CAS #1309-37-5,Breves, Elly,130
19042104,Hydrated Acid and Sulfates,Sulfate,Melanterite, Wang sulfate #75, FeSO4.7H2O,Wang, Alian,295
20051801,Sheets of Six-Membered Rings,Talc,Gunter Talc #51, MOR_165, Univ. of Idaho,Gunter, Mickey,295
17060901,Hydroxides and Oxides Containing Hydroxyl,Biogeochemical Mineralogical By-Products,Geobacter Lepidocrocite heat-no cells, filtered then dried anaerobically 6-5-17,Valvur, Helena,220
12051702,N/A,Industrial Samples,Coal fly ash 3% Fe coal devolatilized 800C + 10 min H2O,Fan, Maohong,130
10040502,Anhydrous Phosphates, Arsenates, and Vanadates containing Hydroxyl or Halogen,Phosphate,Lipscombite MDD9 41.10.2.1 30,Dyar, Darby,295
14120204,Simple Oxides,Oxide,Ilmenite Ilm90Hem10 4-5-78 from 3-13-78 Mix,Lindsley, Donald,295
04051201,Sheets of Six-Membered Rings,Kaolinite-Serpentine,Antigorite JA-561,Bishop, Janice,150
ne15zh,Sheets of Six-Membered Rings,Mica,Zhou E15 sample 19mil 4-30-92,Zhou, Fuxing,295
06120603,Sheets of Six-Membered Rings,Chlorite,Chlorite, clinochlore West Chester PA,Dyar, Darby,100
10042202,N/A,Biogeochemical Mineralogical By-Products,Islandicum, anaerobically dried,Holden, Jim,125
f0295,Insular SiO4 Groups Only,Olivine,Eddie Fo0 293K,unknown,293
07021904,Insular SiO4 Groups Only,Garnet,Garnet 4-Ra-a47-66*,Guidotti, Charles,295
03042901,Sheets of Six-Membered Rings,Chlorite,Clinochlore West Chester PA,Dyar, Darby,295
04070101,N/A,Glass,Glass, synthetic #M4A-1,Righter, Kevin,295
01011401,Double-Width Unbranched Chains W=2,Amphibole,Hornblende NS-1,Qunke,295
09102401,N/A,Terrestrial Samples,Basalt Mid-Atlantic Ridge 204-4,Reynolds, Valerie,295
trab42,Insular SiO4 Groups Only,Garnet,Guidotti: Garnet 6v-Ra-b42-66 HF-sep Garnet 101mil 3-29-94,Guidotti, Charles,295
07032101,Sheets of Six-Membered Rings,Mica,Annite Cape Ann,Burns, Roger,295
18020803,N/A,Biogeochemical Mineralogical By-Products,P. islandicum Lepidocrocite heat + cells anoxically dried,Kashyap, Srishti,295
s255bt,Sheets of Six-Membered Rings,Mica,Guidotti Biotite 82-55 Songo 16mil 10-21-93,Guidotti, Charles,295
15082401,N/A,Biogeochemical Mineralogical By-Products,Islandicum 8-15 Dry Ferrihydrite FH Final A,Holden, Jim,220
16101902,Native Elements and Alloys,Metal,Fe foil  4 mm-s,n/a,295
07062102,Single-Width Unbranched Chains W=1,Pyroxene,Pyroxene, synthetic Wo50En40Fs10 033,Lindsley, Donald,18
04122002,Insular SiO4 Groups Only,Olivine,Olivine, synthetic Fo90 ,Lindsley, Donald,30
dsccpx,Single-Width Unbranched Chains W=1,Pyroxene,San Carlos, CA Sc-1-1 CPX 8-8-88,McGuire, Anne,295
11031102,Simple Oxides,Oxide,Magnetite V.1 62nm,Nyiro-Kosa, Ilona,275
02062601,Simple Oxides,Oxide,Hemo-ilmenite 1012.01.1,McEnroe, Suzanne,12
cferrol,Hydrated Phosphates, Arsenates, and Vanadates containing Hydroxyl or Halogen,Phosphate,Ferrolauerite Curt Segler 3mil 6-5-88,Segeler, Curt,295
10011302,Sheets of Six-Membered Rings,Kaolinite-Serpentine,Antigorite R070228,Evans, Bernard,295
07121108,Single-Width Unbranched Chains W=1,Pyroxene,Pyroxene, synthetic Wo20En32Fs48 057,Lindsley, Donald,45
psp62s,Multiple Oxides,Multiple Oxide,Spinel Peridotite Ki-5-62 Spinel 26mil 8-12-92,McGuire, Anne,295
13041204,Hydrated Sulfates Containing Hydroxyl or Halogen,Sulfate,Copiapite R6254-B,Dyar, Darby,80
drjcpx,Single-Width Unbranched Chains W=1,Pyroxene,Rossman-Johnston CPX 3mil 9-25-88,Rossman, George,295
03102202,N/A,Mixtures,Hematite -- Ilmenite KI-2193 Mix #3,Bishop, Janice,245
13062001,N/A,Miscellaneous,Green Tea 1Fe:5GT mounted dry,Oakes, Jacqueline,295
07122901,Single-Width Unbranched Chains W=1,Pyroxene,Pyroxene, synthetic Wo50En15Fs35 037,Lindsley, Donald,4
ub47bl,Six-Membered Rings,Tourmaline,Blk.Mtn. Pegmatite Black BMT-47 Tourmaline 52.73 7mil 9-25-94,Dyar, Darby,295
18081101,Single-Width Unbranched Chains W=1,Pyroxene,Pyroxene GRA 95209,276,Dyar, Darby,295
l6503b,Sheets of Six-Membered Rings,Biotite,Holdaway Assm. 6 50-3 Biotite 5mil 8-10-91,Holdaway, Michael,295
10121301,Simple Oxides,Oxide,Ferrihydrite, nanophase 1GOE 07-2010,Bosch, Julian,175
upmp17,Insular, Mixed, Single, and Larger Tetrahedral Groups,Pumpellyite,P17 (E) Pumpellyite 53.99 2mil 8-26-94,Voci, Christopher,295
06090903,Hydrated Sulfates Containing Hydroxyl or Halogen,Sulfate,Parabutlerite VZO 115-116,Dyar, Darby,295
12061403,Hydrated Phosphates, Arsenates, and Vanadates containing Hydroxyl or Halogen,Phosphate,Vivianite DD311,Dyar, Darby,45
07090402,Double-Width Unbranched Chains W=2,Amphibole,Amphibole 84-BR,Dyar, Darby,275
20080101,Sulfides, including Selenides and Tellurides,sulfide,pyrrhotite, Marty Gilmore ,Gilmore, Marty,295
17060201,Double-Width Unbranched Chains W=2,Amphibole,Actinolite NV,Harper, Martin,300
07041301,Single-Width Unbranched Chains W=1,Pyroxene,Pyroxene, synthetic Wo10En36Fs54 011,Lindsley, Donald,30
10090904,N/A,Biogeochemical Mineralogical By-Products,Roane 8-19-10 mounted dry,Holden, Jim,30
usp33x,Single-Width Unbranched Chains W=1,Pyroxene,Spinel Peridotite H366-30 OPX 66.44 9mil 7-25-94,McGuire, Anne,295
04081917,Simple Oxides,Oxide,Hematite, synthetic,Dyar, Darby,100
09012101,Hydrated Acid and Sulfates,Sulfate,Rhomboclase Hyde,King, Penny,295
15020701,N/A,Terrestrial Samples,Ocean sediment 346 U1430A-2-4-145 ash BU,Anderson, Chloe,295
04082503,Insular SiO4 Groups Only,Olivine,Olivine, synthetic Fo40,Lindsley, Donald,12
05121701,Insular SiO4 Groups Only,Olivine,Fayalite, synthetic Fo0,Lindsley, Donald,14.6
usp33p,Insular SiO4 Groups Only,Olivine,Spinel Peridotite H366-30 Olivine 60.23 8mil 7-30-94,McGuire, Anne,295
15122101,N/A,Biogeochemical Mineralogical By-Products,Sully Test Dry Ferrihydrite FH B frozen,Holden, Jim,7
17012001,Al-Si Frameworks,Feldspar,Feldspar Bushveld B-16,Tegner, Christian,100
20070901,Sheets of Six-Membered Rings,Talc,Gunter Talc #119, USA_VT_Argonaut_xst, Univ. of Idaho,Gunter, Mickey,295
12042002,Simple Oxides,Oxide,Maghemite, synthetic JB-301 <45mm,Bishop, Janice,295
12012801,N/A,Biogeochemical Mineralogical By-Products,Chimney EG09 outside scraped Jan 2012,Holden, Jim,295
07122101,Single-Width Unbranched Chains W=1,Pyroxene,Pyroxene, synthetic Wo10Fs90 088,Lindsley, Donald,175
03071601,Simple Oxides,Oxide,Ferrihydrite 96214 Smedley's Iron Mine ,Dyar, Darby,20
07111602,Single-Width Unbranched Chains W=1,Pyroxene,Pyroxene, synthetic En90 Fs10GDL-CMP-065,Lindsley, Donald,24
06093002,N/A,Mixtures,Sulfate MHC 2046 + 2070 2070 on top,Dyar, Darby,295
06122202,Sheets of Six-Membered Rings,Smectite,Montmorillonite Swa-1 JB-170,Bishop, Janice,18
11040103,Simple Oxides,Oxide,MaghemiteVI.4 12nm,Nyiro-Kosa, Ilona,295
06071905,Anhydrous Sulfates Containing Hydroxyl or Halogen,Alunite,Natrojarosite NAJ 4-1 UC Davis,Bishop, Janice,295
04040502,Anhydrous Sulfates Containing Hydroxyl or Halogen,Sulfate,Melanterite SPT 130,Cloutis, Edward,220
04092501,Double-Width Unbranched Chains W=2,Amphibole,Amphibole WA-2,King, Penny?,295
15080505,N/A,Biogeochemical Mineralogical By-Products,Islandicum Pipes buffer 6-15 run A time point 0,Holden, Jim,295
19050702,N/A,Terrestrial Samples,Trachybasalt 02-101 FRa DLR Dyar-Rutherford,Dyar, Darby,295
06042501,N/A,Fulgurite,Fulgurite Texas Pecos Plains,Sheffer, Abby,295
04121501,Insular SiO4 Groups Only,Olivine,Olivine, synthetic Fo10 ,Lindsley, Donald,95
19103101,Six-Membered Rings,beryl,Beryl Sn Yellow-Green,Taran, Michail,295
19091102,Double-Width Unbranched Chains W=2,Amphibole,Hastingsite Ps Buff-1,Jenkins, David,295
05072202,Single-Width Unbranched Chains W=1,Pyroxene,Pyroxene, re-equilibrated MPYX-5A,McCanta, Molly,295
09051901,Simple Oxides,Oxide,Wustite, synthetic CC too much Fe for M+ saturation,Lindsley, Donald,275
06121408,Sheets of Six-Membered Rings,Mica,Glauconite Hurricane Mountain, NH,Dyar, Darby,225
18112101,Sheets of Six-Membered Rings,Talc,Gunter Talc #29, ITA_Rodoretto_B3, Univ. of Idaho,Gunter, Mickey,295
03122601,N/A,Fulgurite,Fulgurite West Virginia glass,Sheffer, Abby,295
04041101,Insular SiO4 Groups Only,Olivine,Fayalite, synthetic Fe0,Menzies, Olwyn,220
v2sp61,Single-Width Unbranched Chains W=1,Pyroxene,Spinel Peridotite Ba-1-61 CPX 18.57 18mil 2-20-95,McGuire, Anne,295
07112401,Single-Width Unbranched Chains W=1,Pyroxene,Pyroxene, synthetic Wo10En72Fs18 018,Lindsley, Donald,18
04112801,Insular SiO4 Groups Only,Olivine,Olivine, synthetic Fo50,Menzies, Olywn,145
07030103,Hydrated Normal Phosphates, Arsenates, and Vanadates,Phosphate,Reddingite P31 Brazil,Dyar, Darby,295.0
07122007,Single-Width Unbranched Chains W=1,Pyroxene,Pyroxene, synthetic Wo10Fs90 088,Lindsley, Donald,275.0
07041005,Single-Width Unbranched Chains W=1,Pyroxene,Pyroxene, synthetic Wo5En47.5Fs47.5 012,Lindsley, Donald,80.0
05082403,Anhydrous Sulfates Containing Hydroxyl or Halogen,Alunite,Jarosite, synthetic 2B heated to 300C,Brophy, Gerald,20.0
05111702,Insular SiO4 Groups Only,Olivine,Olivine, synthetic Fo80 Podpara,Lindsley, Donald,295.0
07051003,Single-Width Unbranched Chains W=1,Pyroxene,Pyroxene, synthetic Wo40En30Fs30 079,Lindsley, Donald,225.0
02030101,Al-Si Frameworks,Feldspar,Anorthite Fe3+ 57Fe ,Housely, Robert,210.0
bmrb4,Sheets of Six-Membered Rings,Mica,Guidotti Biotite Ra-b4-66 1mil 1-14-88,Guidotti, Charles,295.0
07041605,Single-Width Unbranched Chains W=1,Pyroxene,Pyroxene, synthetic En8Fs92A 021A,Lindsley, Donald,250.0
04121001,Insular SiO4 Groups Only,Olivine,Olivine, synthetic Fo30 ,Lindsley, Donald,220.0
04110402,Multiple Oxides,Multiple Oxide,Spinel Br-04,Choi, Sung Hi,295.0
16120501,Single-Width Unbranched Chains W=1,Pyroxene,Clinopyroxene KBH-94-23-E,Dyar, Darby,295.0
06080704,Insular SiO4 Groups Only,Garnet,Garnet SM 1348,Taran, Michail,295.0
12101501,Multiple Oxides,Multiple Oxide,Spinel FeSp6_2,Cheek, Leah,295.0
l1d91c,Sheets of Six-Membered Rings,Chlorite,Guidotti Chlorite zone 1 Ra-d91-66 8mil 10-12-91,Guidotti, Charles,295.0
03121501,Simple Oxides,Oxide,Maghemite JB-301,Bishop, Janice,270.0
07040101,Single-Width Unbranched Chains W=1,Pyroxene,Pyroxene, synthetic Wo5En66.5Fs28.5 015,Lindsley, Donald,250.0
04060401,Anhydrous Sulfates Containing Hydroxyl or Halogen,Sulfate,Romerite SPT 133,Cloutis, Edward,45.0
03061401,N/A,Glass,Glass, space-weathered 250A SG-2.5BR,Noble, Sarah,295.0
13032801,N/A,Biogeochemical Mineralogical By-Products,Sully_3 10-02-12  ,Holden, Jim,125.0
09082001,N/A,Terrestrial Samples,Basalt Mid-Atlantic Ridge 107-2,Reynolds, Valerie,295.0
12040202,Simple Oxides,Oxide,Magnetite JB-307,Bishop, Janice,295.0
05081202,Anhydrous Sulfates Containing Hydroxyl or Halogen,Alunite,Jarosite, synthetic 8V heated to 248C,Brophy, Gerald,295.0
11030206,Simple Oxides,Oxide,Magnetite I.1 12nm,Nyiro-Kosa, Ilona,80.0
04042603,Hydrated Acid and Sulfates,Sulfate,Szomolnokite 560,Dyar, Darby,20.0
16031201,N/A,Terrestrial Samples,Siltstone, sandy JL 161-4 heated at 550C 3hrs,Li, June,295.0
bmok10,Sheets of Six-Membered Rings,Mica,Guidotti Biotite ok10 1mil 12-12-87,Guidotti, Charles,295.0
h275_k,Al-Si Frameworks,Feldspar,Housely Anorthite Fe3+ 275K,Housely, Robert,275.0
06071904,Anhydrous Sulfates Containing Hydroxyl or Halogen,Alunite,Jarosite, synthetic Na0.7H3O0.3(Fe2.44Al0.2),Dyar, Darby,295.0
07122105,Single-Width Unbranched Chains W=1,Pyroxene,Pyroxene, synthetic Wo10Fs90 088,Lindsley, Donald,80.0
07120206,Single-Width Unbranched Chains W=1,Pyroxene,Pyroxene, synthetic En70Fs30 SynPx 026A,Lindsley, Donald,80.0
t3286d,Double-Width Unbranched Chains W=2,Amphibole,Goodge Hornblende 32-86 13mil 2-16-94,Goodge, John,295.0
04081902,Simple Oxides,Oxide,Hematite, synthetic,Dyar, Darby,215.0
pmfe34,Sheets of Six-Membered Rings,Mica,Hunts Valley MD Biotite, HV-104 6mil 8-14-89,Lang, Helen,295.0
20052801,Sheets of Six-Membered Rings,Talc,Gunter Talc #62, IL_Shin_White_snow, Univ. of Idaho,Gunter, Mickey,295.0
04052901,Simple Oxides,Oxide,Goethite, reduced JB-438 reduced JB-54,Bishop, Janice,150.0
10112401,N/A,Terrestrial Samples,Basalt, altered HYD-3 Atacama Desert ,Greenberger, Rebecca,295.0
15022401,N/A,Terrestrial Samples,Ocean sediment KN223-S12-LC1-S09-0-5 BU,Anderson, Chloe,295.0
r240bt,Sheets of Six-Membered Rings,Mica,Guidotti 82-40 Biotite 70mil 5-29-93,Guidotti, Charles,295.0
04112201,Insular SiO4 Groups Only,Olivine,Olivine, synthetic Fo70,Menzies, Olywn,220.0
11100701,Hydrated Phosphates, Arsenates, and Vanadates containing Hydroxyl or Halogen,Phosphate,Messelite DD228,Dyar, Darby,295.0
16011401,N/A,Biogeochemical Mineralogical By-Products,Sully Dry Ferrihydrite FH 0C FROZEN,Holden, Jim,220.0
07111303,Single-Width Unbranched Chains W=1,Pyroxene,Pyroxene, synthetic En90 Fs10GDL-CMP-065,Lindsley, Donald,225.0
00042801,Double-Width Unbranched Chains W=2,Amphibole,Dyar Grunerite 1-K  T=100K  V3 WEB Research Co. TK,Grant, Christopher,100.0
vbmt19,Six-Membered Rings,Tourmaline,Blk.Mtn.Pegmatite BMT-19 Pink Tourmaline SN 1.99 13mil 11-13-94,Dyar, Darby,295.0
06112302,Multiple Oxides,Oxide,Magnesionferrite MgFe2O4 #775,Parise, John,4.0
17012501,Al-Si Frameworks,Feldspar,Feldspar Bushveld B-16,Tegner, Christian,4.0
hb1ecp,Single-Width Unbranched Chains W=1,Pyroxene,Dish Hill,CA CPX DH-101-E 13mil 10-5-89,McGuire, Anne,295.0
12082802,Sheets of Six-Membered Rings,Clay,Clay CYP 82-14-5,Michalski, Joe,295.0
03120101,Simple Oxides,Oxide,Ferrihydrite JB-564 Czech 5005-1,Bishop, Janice,190.0
04030701,Insular SiO4 Groups Only,Olivine,Forsterite standard H131929,Dyar, Darby,80.0
04072807,Native Elements and Alloys,Metal,Fe foil  4 mm-s,n/a,80.0
12092801,Multiple Oxides,Multiple Oxide,Spinel CrSp1_3,Cheek, Leah,295.0
18080902,Single-Width Unbranched Chains W=1,Pyroxene,Enstatite Kiloso, Tanzania,Dyar, Darby,295.0
07071201,Sheets of Six-Membered Rings,Smectite,Ferrosaponite JB-761 Chocolate Clan, Flagstaff Hill, CA,Bishop, Janice,295.0
edst08,Insular SiO4 Groups and O, OH, F, and H2O,Staurolite,Dutrow Staurolite LiAl-767-2 3mil 12-3-88,Dutrow, Barbara,295.0
10011202,N/A,Terrestrial Samples,Basalt Mid-Atlantic Ridge 140-2,Reynolds, Valerie,295.0
02122701,Insular SiO4 Groups Only,Olivine,Olivine, Meteorite EETA 79001,Dyar, Darby,295.0
15082402,N/A,Biogeochemical Mineralogical By-Products,Islandicum 8-15 Dry Ferrihydrite FH Final A,Holden, Jim,295.0
07110903,Single-Width Unbranched Chains W=1,Pyroxene,Pyroxene, synthetic Wo40En55F55 Px077,Lindsley, Donald,30.0
18020401,N/A,Biogeochemical Mineralogical By-Products,P. islandicum Akaganeite heat + cells anoxically dried,Kashyap, Srishti,150.0
07032401,Sheets of Six-Membered Rings,Mica,Annite Cape Ann,Burns, Roger,45.0
18080702,Insular SiO4 Groups Only,Garnet,Garnet Gore Mtn UMO,Walters, Jesse,295.0
05110401,Insular SiO4 Groups Only,Olivine,Olivine, synthetic Fa10.5,Nabalek, Peter,18.0
02050801,Al-Si Frameworks,Feldspar,Anorthite Fe2+ ,Housely, Robert,12.0
ibrgl4,Insular SiO4 Groups Only,Glass,Br2dy 4 HR Oxidized ALum Glass 7mil 2-21-90,Brady, John,295.0
10051401,Insular SiO4 Groups Only,Olivine,Forsterite JB-945a,Bishop, Janice,295.0
11070705,N/A,Industrial Samples,Coal Fly Ash Sample T Fe6+,Fan, Mahoung,200.0
17010301,N/A,Terrestrial Samples,Granite PEL 1847 Lofoten Islands, Norway,Helbert, Joern,295.0
05120903,Insular SiO4 Groups Only,Olivine,Olivine, synthetic Fo30,Lindsley, Donald,30.0
07121406,Single-Width Unbranched Chains W=1,Pyroxene,Pyroxene, synthetic Wo40En24Fs36 071,Lindsley, Donald,24.0
03072003,Simple Oxides,Oxide,Ferrihydrite 96214 Smedley's Iron Mine ,Dyar, Darby,210.0
15091601,N/A,Terrestrial Samples,Siltstone, sandy JL109-1b coarse,Li, June,295.0
hsc0142,Insular SiO4 Groups Only,Olivine,Freund S.C. Olivine 1hr, 420degrees celsius 4mil 9-13-89,Freund, Friedemann,693.0
07050103,Single-Width Unbranched Chains W=1,Pyroxene,Pyroxene, synthetic Wo10En22.5Fs67.5 053,Lindsley, Donald,200.0
16091001,Sheets of Six-Membered Rings,Mica,Biotite 95-29 54 degrees ambient,Bucholz, Claire,285.0
10120902,Hydroxides and Oxides Containing Hydroxyl,Hydroxide,Akaganeite, nanophase 1GOE 07-2010 ,Bosch, Julian,80.0
13052202,N/A,Miscellaneous,Green Tea 1Fe:2GT mounted dry,Oakes, Jacqueline,4.0
06061901,Single-Width Unbranched Chains W=1,Pyroxene,Pyroxene, shocked MPX8,McCanta, Molly,295.0
16050401,Simple Oxides,Oxide,Ferrihydrite, reacted FH-150-1-A,Dehouck, Eric,295.0
07042604,Insular SiO4 Groups Only,Olivine,Olivine, synthetic Fo89.5 New,Lindsley, Donald,4.0
06082401,Sheets of Six-Membered Rings,Chlorite,Chlorite, clinochlore CLI 101,Cloutis, Edward,295.0
11030202,Simple Oxides,Oxide,Magnetite I.1 12nm,Nyiro-Kosa, Ilona,24.0
ilm503,Sheets of Six-Membered Rings,Mica,Lee-Guidotti Muscovite 503 64mil 4-15-90,Guidotti, Charles,295.0
06080503,Anhydrous Sulfates Containing Hydroxyl or Halogen,Alunite,Jarosite, synthetic T6 Fe0.75Al2.25,Tosca, Nick,295.0
07062501,Sheets of Six-Membered Rings,Pyrophyllite-Talc,Talc FTA-20-R4 J.C.C. 9-25-06,Jenkins, David,295.0
16042501,N/A,Glass,Glass, synthetic BLK+1,Cannon, Kevin,295.0
07091002,Double-Width Unbranched Chains W=2,Amphibole,Amphibole 84-BR,Dyar, Darby,12.0
07040903,Single-Width Unbranched Chains W=1,Pyroxene,Pyroxene, synthetic Wo5En47.5Fs47.5 012,Lindsley, Donald,295.0
14011301,Sheets of Six-Membered Rings,Smectite,Nontronite Nau-1 Shocked 34.6 GPa,Michalski, Joe,295.0
10091201,N/A,Biogeochemical Mineralogical By-Products,Hyperthermus butylicus log growth 8-19-10 mounted dry,Holden, Jim,188.0
10110205,Simple Oxides,Oxide,Ferrihydrite, nanophase 1GOE 03-2010,Bosch, Julian,80.0
15083103,N/A,Biogeochemical Mineralogical By-Products,Islandicum 8-15 Dry Ferrihydrite FH Initial A,Holden, Jim,150.0
gh10il,Simple Oxides,Oxide,Hunt Valley Ilmenite HV-10 1mil 6-12-89,Lang, Helen,295.0
05022701,Anhydrous Sulfates Containing Hydroxyl or Halogen,Sulfate,Romerite 113733,Dyar, Darby,295.0
07053102,Double-Width Unbranched Chains W=2,Amphibole,Kaersutite Fa-86-1,Dyar, Darby,200.0
07102901,Insular SiO4 Groups Only,Garnet,Garnet, almandine AK-97-10c Anorthosite, Woolen Mill, NY, Rte. 9N, west of Elizabethtown,Dyar, Darby,295.0
04022301,N/A,Glass,Glass, synthetic #3,Righter, Kevin,295.0
07060103,Double-Width Unbranched Chains W=2,Amphibole,Kaersutite Fa-86-1,Dyar, Darby,80.0
05082504,Anhydrous Sulfates Containing Hydroxyl or Halogen,Alunite,Jarosite, synthetic 2B heated to 300C,Brophy, Gerald,195.0
w3p123,Single-Width Unbranched Chains W=1,Pyroxene,EP-1-123B Perid OPX? 158.66 8mil 6-8-95,McGuire, Anne,295.0
07121202,Single-Width Unbranched Chains W=1,Pyroxene,Pyroxene, synthetic Wo20En32Fs48 057,Lindsley, Donald,24.0
07032102,Sheets of Six-Membered Rings,Mica,Annite Cape Ann,Burns, Roger,275.0
04041702,Hydrated Acid and Sulfates,Sulfate,Szomolnokite 560,Dyar, Darby,145.0
15060603,Simple Oxides,Oxide,Hematite MOD22_22 magnetic separates,McEnroe, Suzanne,45.0
11031101,Simple Oxides,Oxide,Magnetite V.1 62nm,Nyiro-Kosa, Ilona,295.0
05092901,N/A,Fulgurite,Fulgurite Starke Florida A country rock,Sheffer, Abigail,295.0
14020702,Anhydrous Sulfates Containing Hydroxyl or Halogen,Sulfate,Amorphous ferric sulfate 012414ACh,Sklute, Elizabeth,295.0
06072303,Anhydrous Sulfates Containing Hydroxyl or Halogen,Alunite,Jarosite, synthetic T3 (K0Na1H3O0)(Fe3Al0),Tosca, Nick,295.0
04022901,Anhydrous Sulfates Containing Hydroxyl or Halogen,Sulfate,Romerite SPT 132,Cloutis, Edward,260.0
07041709,Single-Width Unbranched Chains W=1,Pyroxene,Pyroxene, synthetic En8Fs92A 021A,Lindsley, Donald,24.0
15061301,Insular SiO4 Groups Only,Olivine,Olivine SCOFe3-2 ,Gaetani, Glenn,295.0
10040501,Hydrated Phosphates, Arsenates, and Vanadates containing Hydroxyl or Halogen,Phosphate,Zanazziite DD337,Dyar, Darby,295.0
15121001,N/A,Biogeochemical Mineralogical By-Products,Sully Test Wet Ferrihydrite FH B frozen,Sklute, Elizabeth,80.0
02101201,Six-Membered Rings,Tourmaline,Olenite T3 Koralpe,Ertl, Andreas,295.0
07052005,Double-Width Unbranched Chains W=2,Amphibole,Kaersutite Fr-12,Dyar, Darby,175.0
11032203,Simple Oxides,Oxide,Maghemite VI.1 70nm,Nyiro-Kosa, Ilona,8.0
04030801,Insular SiO4 Groups Only,Olivine,Forsterite standard H131929,Dyar, Darby,165.0
dakm1,Double-Width Unbranched Chains W=2,Amphibole,AK-M1 H271 Hornblende 1mil 7-10-88,Dyar, Darby,295.0
05111502,Insular SiO4 Groups Only,Olivine,Olivine, synthetic Fo70 Hartzman,Lindsley, Donald,100.0
06080605,Anhydrous Sulfates Containing Hydroxyl or Halogen,Alunite,Jarosite, synthetic T4,Tosca, Nick,295.0
20041601,Sheets of Six-Membered Rings,Talc,Gunter Talc #13, CHI_Cuangai_86, Univ. of Idaho,Gunter, Mickey,295.0
07090801,Double-Width Unbranched Chains W=2,Amphibole,Amphibole 84-BR,Dyar, Darby,80.0
06060601,Simple Oxides,Oxide,Magnetite W3,Li, Y.-L.,295.0
02062401,Simple Oxides,Oxide,Hemo-ilmenite 039-2,McEnroe, Suzanne,12.0
11032705,Simple Oxides,Oxide,Maghemite VI.2 100nm,Nyiro-Kosa, Ilona,150.0
07102101,Insular SiO4 Groups Only,Garnet,Garnet, grossular 123017 Cal-silicate deposit, Day Hill, Cornish, York Co., ME,Dyar, Darby,295.0
03081401,Simple Oxides,Oxide,Ferrihydrite, synthetic JB-46 (RBG-Sherman) <45mm ,Bishop, Janice,210.0
07022305,N/A,Mixtures,Ilmenite + garnet Ra-d94-66* heavies,Guidotti, Charles,295.0
13092101,Sheets of Six-Membered Rings,Kaolinite-Serpentine,Serpentine R.J. Lee,Swayze, Gregg,295.0
05102901,Simple Oxides,Oxide,Ferrihydrite, synthetic JB-409,Bishop, Janice,17.3
16121901,Insular SiO4 Groups Only,Olivine,Forsterite Dyar 89 UM-12,Dyar, Darby,295.0
07022101,Insular SiO4 Groups and O, OH, F, and H2O,Staurolite,Staurolite O-J-60,Guidotti, Charles,295.0
15021303,Double-Width Unbranched Chains W=2,Amphibole,Ferro-pargasite amphibole FEPG3-5,Jenkins, David,295.0
20012301,Sheets of Six-Membered Rings,Talc,Gunter Talc #1, USA_MT_WillowCr_6, Univ. of Idaho,Gunter, Mickey,295.0
08050601,Anhydrous Sulfates Containing Hydroxyl or Halogen,Sulfate,Melanterite (oil),Coleman, Max,295.0
13111001,N/A,Glass,Glass, synthetic BAS-4 Air,McCanta, Molly,295.0
07050109,Single-Width Unbranched Chains W=1,Pyroxene,Pyroxene, synthetic Wo10En22.5Fs67.5 053,Lindsley, Donald,60.0
06053001,Simple Oxides,Oxide,Magnetite BIF-2B,Li, Y.-L.,295.0
14091501,N/A,Glass,Glass, synthetic AND-4 CO2,McCanta, Molly,295.0
06060801,Simple Oxides,Oxide,Magnetite Frio A,Li, Y.-L.,295.0
07050102,Single-Width Unbranched Chains W=1,Pyroxene,Pyroxene, synthetic Wo10En22.5Fs67.5 053,Lindsley, Donald,225.0
19071101,N/A,Terrestrial Samples,Blood falls sample ES24 air dried sediment mostly sample,Mikucki, Jill,80.0
11013101,Anhydrous Normal Phosphates, Arsenates, and Vanadates,Phosphate,Heterosite DD27,Dyar, Darby,295.0
07050402,Single-Width Unbranched Chains W=1,Pyroxene,Pyroxene, synthetic En40Fs60 with metal blebs 005A ,Lindsley, Donald,60.0
04062701,N/A,Glass,Glass, experimental #2, Primitive Calc-Alkaline from central Mexico volcanic belt,Righter, Kevin,295.0
13040901,Sulfides, including Selenides and Tellurides,Sulfite,Pyrite, Logrono, Spain,Dyar, Darby,130.0
07051703,Double-Width Unbranched Chains W=2,Amphibole,Kaersutite Tm,Dyar, Darby,100.0
v28bmb,Sheets of Six-Membered Rings,Mica,Blue Mountain 78 BM-1E Biotite 75.56 3mil 3-14-95,unknown,295.0
15121901,N/A,Biogeochemical Mineralogical By-Products,Sully Test Dry Ferrihydrite FH B frozen,Holden, Jim,7.0
10042002,N/A,Biogeochemical Mineralogical By-Products,Islandicum, anaerobically dried,Holden, Jim,150.0
03102901,Sheets of Six-Membered Rings,Kaolinite-Serpentine,Antigorite JA-560,Bishop, Janice,12.0
07120307,Single-Width Unbranched Chains W=1,Pyroxene,Pyroxene, synthetic Wo30En35Fs35 073,Lindsley, Donald,225.0
07041806,Single-Width Unbranched Chains W=1,Pyroxene,Pyroxene, synthetic Wo20En20Fs20 055,Lindsley, Donald,250.0
06121602,Sheets of Six-Membered Rings,Smectite,Nontronite Sampor smectite JB-175 ,Bishop, Janice,275.0
02071301,Single-Width Unbranched Chains W=1,Pyroxene,Hypersthene 185,Cloutis, Edward,295.0
11091601,N/A,Biogeochemical Mineralogical By-Products,Roane old sample inoculated + incubated at 92°C until stationary phase,Holden, Jim,80.0
17011901,Al-Si Frameworks,Feldspar,Feldspar Bushveld B-16,Tegner, Christian,130.0
07032002,Simple Oxides,Oxide,Ilmenite 14119LD 9-06 Riner3 ,Riner, Miriam,295.0
06082302,Sheets of Six-Membered Rings,Mica,Celadonite CEL101 Mt Baldo NMNH R4733,Cloutis, Edward,295.0
20100702,N/A,Terrestrial Samples,AX17 Bioreduced Fh Heat no Cells (2A),Elizabeth Sklute,80.0
15041502,Hydroxides and Oxides Containing Hydroxyl,Hydroxide,Goethite, synthetic, nanophase GOET012315,Sklute, Elizabeth,295.0
qgoc17,Sheets of Six-Membered Rings,Mica,Guidotti Muscovite o-c-17 zone 8 35mil 1-14-93,Guidotti, Charles,295.0
upmp30,Insular, Mixed, Single, and Larger Tetrahedral Groups,Pumpellyite,P30 Pumpellyite 57.39 3mil 8-14-94,Voci, Christopher,295.0
10120802,Hydroxides and Oxides Containing Hydroxyl,Hydroxide,Akaganeite, nanophase 1GOE 07-2010 ,Bosch, Julian,30.0
09052001,Simple Oxides,Oxide,Wustite, synthetic CC too much Fe for M+ saturation,Lindsley, Donald,255.0
uhp61t,Six-Membered Rings,Tourmaline,Harney Peak 6-1 Tourmaline 60.38 6mil 10-1-94,Dyar, Darby,295.0
11061503,Simple Oxides,Oxide,Ferrihydrite HFO Douthat Bridge Water Column,Estes, Emily,24.0
03121401,Simple Oxides,Oxide,Maghemite JB-301,Bishop, Janice,220.0
06081602,Double-Width Unbranched Chains W=2,Amphibole,Amphibole USGS-10,Gunter, Mickey,295.0
04043002,Anhydrous Sulfates Containing Hydroxyl or Halogen,Sulfate,Romerite SPT 110,Cloutis, Edward,35.0
14112901,N/A,Terrestrial Samples,Core U1429A 4-1-145 WHOI,Gosan, Liviu,295.0
08120802,Simple Oxides,Mixtures,Ferrihydrite - Nontronite 50:50 mix JB-JLB-804,Bishop, Janice,295.0
17052001,N/A,Terrestrial Samples,Palagonite tuff WhB12-03,Farrand, Bill,300.0
06080603,Anhydrous Sulfates Containing Hydroxyl or Halogen,Alunite,Jarosite, synthetic T2,Tosca, Nick,295.0
04061701,Hydrated Acid and Sulfates,Sulfate,Rozenite JB-626-B Iron Mountain <125mm,Dyar, Darby,120.0
g104il,Simple Oxides,Oxide,Hunt Valley Ilmenite HV-104 2mil 6-21-89,Lang, Helen,295.0
csg129,Insular SiO4 Groups Only,Garnet,Sevigny (Best Garnet) JS85-129 2mil 5-17-88,Sevigny, Jim,295.0
04072801,Native Elements and Alloys,Metal,Fe foil  4 mm-s,n/a,295.0
16121602,Insular SiO4 Groups Only,Olivine,Forsterite Peridot Sapatime, Kohistan District, NWP Pakistan,Dyar, Darby,295.0
05102704,Insular SiO4 Groups Only,Olivine,Olivine, synthetic Fo20 Zhou,Lindsley, Donald,55.0
17120702,Simple Oxides,Ilmenite,Ilmenite Ilm100_3 #12 Alpha Aesar Brown U.,Tolke, Leif,300.0
15070901,N/A,Biogeochemical Mineralogical By-Products,Islandicum Pipes buffer control time point 0,Holden, Jim,150.0
f04mu,Sheets of Six-Membered Rings,Mica,Hunt Valley Muscovite HV-4 2mil 5-5-89,Lang, Helen,295.0
15030403,N/A,Terrestrial Samples,Core V1425B 3-6-45 WHOI,Gosan, Liviu,250.0
07010101,Compound Phosphates, Arsenates, and Vanadates,Phosphate,Luneburgite + collinsite + celestine,Dyar, Darby,295.0
04083103,Insular SiO4 Groups Only,Olivine,Olivine, synthetic Fo20,Lindsley, Donald,95.0
10051301,Anhydrous Carbonates,Carbonate,Magnesite JB-946e,Bishop, Janice,295.0
18062701,N/A,Biogeochemical Mineralogical By-Products,Ice Mamba M1-1 Blood Falls culture, no cells, ferrihydrite, anoxically dried ,Mickuchi, Jill,5.0
05081002,Anhydrous Sulfates Containing Hydroxyl or Halogen,Alunite,Jarosite, synthetic 18B heated to 300C,Brophy, Gerald,295.0
05121901,Anhydrous Carbonates,Carbonate,Siderite E48,Turner, David,293.0
02041301,Double-Width Unbranched Chains W=2,Amphibole,Holmquisite ,Law, Tony,20.0
06081503,Single-Width Unbranched Chains W=1,Pyroxene,Pyroxene, synthetic En97.5Fs2.5 A DL-CMP-064,Lindsley, Donald,295.0
18071701,Si2O7 Groups, Generally with No Additional Anions,Pyroxene,Pyroxene BA-2-101E cpx,Dyar, Darby,295.0
15022001,Single-Width Unbranched Chains W=1,Pyroxene,Clinopyroxene 05.24H,Barnes, Calvin,295.0
06120102,Single-Width Unbranched Chains W=1,Pyroxene,Orthopyroxene, Meteorite LAP 04840.1g,Dyar, Darby,293.0
08050703,Hydrated Acid and Sulfates,Sulfate,Proto-Kornelite Locality unknown,Dyar, Darby,295.0
04110101,Multiple Oxides,Multiple Oxide,Spinel BR01,Choi, Sung Hi,295.0
ihw22a,Sheets of Six-Membered Rings,Kaolinite-Serpentine,O'Hanley W22a Lizardite  Mt ol 72mil 6-11-90,O'Hanley, David,295.0
15100301,N/A,Terrestrial Samples,Siltstone, sandy BS 7.11,Li, June,295.0
17112801,N/A,Allophane,Allophane #12116 JB-1651A <125mm,Bishop, Janice,300.0
07112201,Single-Width Unbranched Chains W=1,Pyroxene,Pyroxene, synthetic Wo10En72Fs18 018,Lindsley, Donald,225.0
07092301,Simple Oxides,Oxide,Ferrihydrite JA-499 Iceland,Bishop, Janice,150.0
crad11,Sheets of Six-Membered Rings,Mica,Guidotti Biotite Ra-dll-66 resep 6mil 6-12-88,Guidotti, Charles,295.0
17071301,N/A,Biogeochemical Mineralogical By-Products,Freshwater iron mat extra material collected 10-26-16 filtered 6-16-17 stored frozen dried in air 4 h,Ross, Laura,150.0
19091301,Double-Width Unbranched Chains W=2,Amphibole,Hastingsite 15KDC,Jenkins, David,295.0
12092401,Multiple Oxides,Multiple Oxide,Spinel FeSp6_1,Cheek, Leah,295.0
qgl10m,Sheets of Six-Membered Rings,Mica,Guidotti Muscovite 0-l-10 zone 7 73mil 3-1-93,Guidotti, Charles,295.0
07042906,Single-Width Unbranched Chains W=1,Pyroxene,Pyroxene, synthetic En17Fs83C 024,Lindsley, Donald,150.0
15050801,N/A,Glass,Glass, synthetic DAC-4 Air,McCanta, Molly,295.0
13070102,Sheets of Six-Membered Rings,Kaolinite-Serpentine,Serpentine CSWI 27-28 Shoe-B URI,Stander, Amy,295.0
05121504,Insular SiO4 Groups Only,Olivine,Fayalite, synthetic Fo0,Lindsley, Donald,80.0
07030902,Simple Oxides,Oxide,Magnetite GS152 H2-N2 headgas,Li, Y.-L.,295.0
05021601,Insular SiO4 Groups Only,Olivine,Olivine unaltered,Bentley, Mark,12.0
xst3hdb,Six-Membered Rings,Tourmaline,XIA191 HS-134075 DK BLUE (210MG) R.T. V=4 10-12-13-1996 1mil,Dyar, Darby,295.0
19020401,N/A,Glass,McCanta Glass Ap17 IW-2 J060,McCanta, Molly,295.0
04041102,Insular SiO4 Groups Only,Olivine,Fayalite, synthetic Fe0,Menzies, Olwyn,245.0
04052601,N/A,Oxide,Goethite, synthetic JB-54,Bishop, Janice,150.0
20102201,N/A,Terrestrial Samples,AX17 Bioreduced Akaganeite heat + cells (1),Elizabeth Sklute,80.0
03052901,Simple Oxides,Oxide,Hemo-ilmenite 1004.01.5,McEnroe, Suzanne,295.0
ps183s,Multiple Oxides,Multiple Oxide,Spinel Peridotite Ci-1-183 Spinel 14mil 8-13-92,McGuire, Anne,295.0
19080503,Hydroxides and Oxides Containing Hydroxyl,Hydroxide,244 Akaganeite Alian Wang #5,Alian Wang,295.0
19010501,N/A,Glass,McCanta Glass PDCV-1 QFM MORB,McCanta, Molly,295.0
05072601,Single-Width Unbranched Chains W=1,Pyroxene,Pyroxene, re-equilibrated MPYX-3,McCanta, Molly,295.0
ib1dop,Multiple Oxides,Pyroxene,Dish Hill,CA OPX DH101D 11mil 3-28-90,McGuire, Anne,295.0
20050601,Sheets of Six-Membered Rings,Talc,Gunter Talc #34, USA_CA_TalcCity_5, Univ. of Idaho,Gunter, Mickey,295.0
19041001,Simple Oxides,oxide,Wustite, synthetic D intermediate very slightly magnetic,Lindsley, Donald,4.0
15112002,Hydroxides and Oxides Containing Hydroxyl,Hydroxide,Lepidocrocite, synthetic, nanophase LEP100615_2,Sklute, Elizabeth,220.0
12030801,Hydroxides and Oxides Containing Hydroxyl,Hydroxide,Lepidocrocite, synthetic JB-56,Bishop, Janice,45.0
07121901,Single-Width Unbranched Chains W=1,Pyroxene,Pyroxene, synthetic En50Fs50 SynPx004,Lindsley, Donald,200.0
12071101,N/A,Terrestrial Samples,Halemaumau H10-4 exterior,McCanta, Molly,295.0
12070901,N/A,Terrestrial Samples,Halemaumau H10-4 interior 50 mg dry,McCanta, Molly,295.0
16041901,N/A,Glass,Glass, synthetic BLK-2,Cannon, Kevin,295.0
kzz4bi,Sheets of Six-Membered Rings,Mica,Zhou Z4 Biotite 9mil 6-14-91,Zhou, Fuxing,295.0
15070601,N/A,Biogeochemical Mineralogical By-Products,Islandicum KPO4 buffer run A initial,Holden, Jim,6.0
10121104,Hydroxides and Oxides Containing Hydroxyl,Hydroxide,Akaganeite, nanophase 1GOE 07-2010 ,Bosch, Julian,295.0
07112006,Single-Width Unbranched Chains W=1,Pyroxene,Pyroxene, synthetic Wo50En0Fs50 083,Lindsley, Donald,18.0
04112601,Insular SiO4 Groups Only,Olivine,Olivine, synthetic Fo50,Menzies, Olywn,245.0
12052601,N/A,Terrestrial Samples,Halemaumau H10-4 exterior,McCanta, Molly,295.0
07091501,Simple Oxides,Oxide,Hematite JB-707 <1mm particles,Bishop, Janice,295.0
s25ebt,Sheets of Six-Membered Rings,Mica,Barnes Biotite FPC-5E 8mil 10-26-93,Barnes, Calvin,295.0
15070202,N/A,Biogeochemical Mineralogical By-Products,Islandicum Pipes buffer time point 4 run A,Holden, Jim,220.0
20070802,Sheets of Six-Membered Rings,Talc,Gunter Talc #118, USA_VT_Argonaut _CT_brokenbag, Univ. of Idaho,Gunter, Mickey,295.0
20050802,Sheets of Six-Membered Rings,Talc,Gunter Talc #43, USA_MT_Beaverhead_Co, Univ. of Idaho,Gunter, Mickey,295.0
06090602,Hydroxides and Oxides Containing Hydroxyl,Hydroxide,Lepidocrocite, synthetic JB-50 RGB,Sherman, David,295.0
06072307,Anhydrous Sulfates Containing Hydroxyl or Halogen,Alunite,Jarosite, synthetic T1 (K1Na0H3O0)(Fe3Al0),Tosca, Nick,295.0
07042702,Insular SiO4 Groups Only,Olivine,Olivine, synthetic Fo70 New,Lindsley, Donald,200.0
07122001,Single-Width Unbranched Chains W=1,Pyroxene,Pyroxene, synthetic En50Fs50 SynPx004,Lindsley, Donald,24.0
07112803,Single-Width Unbranched Chains W=1,Pyroxene,Pyroxene, synthetic Wo50En25Fs25 039,Lindsley, Donald,45.0
07070603,Sheets of Six-Membered Rings,Pyrophyllite-Talc,Talc FTA-22-R2 J.C.C 10-2-06,Jenkins, David,295.0
11070302,N/A,Industrial Samples,Coal Fly Ash Sample M Fe6+,Fan, Mahoung,8.0
05120606,Insular SiO4 Groups Only,Olivine,Olivine, synthetic Fo40 Zhou,Lindsley, Donald,13.8
04042901,Insular SiO4 Groups Only,Olivine,Fayalite, synthetic,Menzies, Olwyn,35.0
10090301,Hydroxides and Oxides Containing Hydroxyl,Hydroxide,Goethite, nanophase C1 07-20-10 m.08-23-10,Tosca, Nick,13.0
11030402,Simple Oxides,Oxide,Magnetite I.1 12nm,Nyiro-Kosa, Ilona,250.0
06121101,Sheets of Six-Membered Rings,Mica,Zinnwaldite ZW-C GIT-IWG,Dyar, Darby,60.0
05042901,Simple Oxides,Oxide,Hematite UT00-10A Ext Mars,Chan, Marjorie,295.0
05071901,Sheets of Six-Membered Rings,Chlorite,Chlorite Likenhoo 24,unkwn,295.0
09012901,Anhydrous Carbonates,Carbonate,Siderite Hyde,King, Penny,295.0
11110902,Single-Width Unbranched Chains W=1,Pyroxene,Orthopyroxene T1 BRZ-Bulk,Klima, Rachel,295.0
05011106,Insular SiO4 Groups Only,Olivine,Olivine, synthetic Fe70,Lindsley, Donald,230.0
grkpf2,N/A,Terrestrial Samples,Retallack Kenya Paleosol F2 1mil 7-3-89,Retallack, Greg,295.0
15120701,N/A,Biogeochemical Mineralogical By-Products,Sully Test Wet Ferrihydrite FH B frozen,Sklute, Elizabeth,250.0
h60_k,Al-Si Frameworks,Feldspar,Housely Fe 2+ Anorthite 60K,Housely, Robert,60.0
17071001,N/A,Biogeochemical Mineralogical By-Products,J2675 SC6B extra material collected 3-28-13 filtered 6-16-17 stored in freezer,Ross, Laura,80.0
07092501,Simple Oxides,Oxide,Ferrihydrite JA-499 Iceland,Bishop, Janice,45.0
xjkmitu,Six-Membered Rings,Tourmaline,Kerrich McKenzie Island Tourmaline 11mil 2-18-91,Dyar, Darby,295.0
05121301,Insular SiO4 Groups Only,Olivine,Olivine, synthetic Fo10,Lindsley, Donald,12.0
09041601,Simple Oxides,Oxide,Ferrihydrite 1:DB B+1 20 (24 hours),Estes, Emily,295.0
12061901,N/A,Biogeochemical Mineralogical By-Products,Sully_4 inoculated + incubated at 92C for 100h past stationary phase  ,Holden, Jim,24.0
18020801,N/A,Biogeochemical Mineralogical By-Products,P. islandicum Lepidocrocite heat + cells anoxically dried,Kashyap, Srishti,150.0
20110702,N/A,Terrestrial Samples,AX17 AK heat no cells (2),Elizabeth Sklute,295.0
06081801,Double-Width Unbranched Chains W=2,Amphibole,Amphibole USGS-25,Gunter, Mickey,295.0
09051403,Simple Oxides,Oxide,Wustite, synthetic A Fe-saturated,Lindsley, Donald,265.0
18080601,Double-Width Unbranched Chains W=2,Amphibole,Glaucophane Italy UMO,Walters, Jesse,295.0
06100601,Single-Width Unbranched Chains W=1,Pyroxene,Diopside, shocked #3495,McCanta, Molly,295.0
11072904,Hydrated Phosphates, Arsenates, and Vanadates containing Hydroxyl or Halogen,Phosphate,Barbosalite DD248,Dyar, Darby,295.0
06101203,Anhydrous Sulfates Containing Hydroxyl or Halogen,Alunite,Jarosite, synthetic T16,Tosca, Nick,295.0
07060204,Double-Width Unbranched Chains W=2,Amphibole,Kaersutite Fa-86-1,Dyar, Darby,12.0
03081201,Simple Oxides,Oxide,Ferrihydrite, synthetic JB-46 (RBG-Sherman) <45mm ,Bishop, Janice,70.0
03112201,Simple Oxides,Oxide,Ferrihydrite JB-564 Czech 5005-1,Bishop, Janice,18.0
15041902,Simple Oxides,Oxide,Ferrihydrite, synthetic test (freeze dried),Sklute, Elizabeth,80.0
03072102,Simple Oxides,Oxide,Ferrihydrite 96214 Smedley's Iron Mine ,Dyar, Darby,265.0
19072501,N/A,Terrestrial Samples,Blood falls sample ES25 air dried sediment mostly sample,Mikucki, Jill,80.0
13092302,Native Elements and Alloys,Metal,Fe foil  4 mm-s,n/a,295.0
edst07,Insular SiO4 Groups and O, OH, F, and H2O,Staurolite,Dutrow Staurolite LiAl-40-1 2mil 11-27-88,Dutrow, Barbara,295.0
13052901,N/A,Biogeochemical Mineralogical By-Products,Sully_3 10-02-12  ,Holden, Jim,295.0
11120201,Sheets of Six-Membered Rings,Chlorite,Chlorite, shocked 20 GPa no acetone,Michalski, Joe,295.0
10050402,Simple Oxides,Oxide,Magnetite Tor 39F,Li, Y.-L.,4.0
01081401,N/A,Terrestrial Samples,Basalt JB-453 GI wet,Bishop, Janice,295.0
09082401,N/A,Terrestrial Samples,Basalt Mid-Atlantic Ridge 080-2,Reynolds, Valerie,295.0
15021602,Insular SiO4 Groups Only,Olivine,Olivine San Carlos BLI SRE OPTICS,Hibbitts, Karl,295.0
18021002,N/A,Biogeochemical Mineralogical By-Products,P. islandicum Lepidocrocite no heat-no cells anoxically dried,Kashyap, Srishti,295.0
04072810,Native Elements and Alloys,Metal,Fe foil  4 mm-s,n/a,125.0
w3ep37,Single-Width Unbranched Chains W=1,Pyroxene,EP-3-7B Perid CPX 63.26 14mil 6-9-95,McGuire, Anne,295.0
11060901,N/A,Terrestrial Samples,Oil sand ES,Osacky, Marek,295.0
03070102,Simple Oxides,Oxide,Hematite, synthetic ,Dyar, Darby,110.0
13110501,N/A,Meteorite,Meteorite NWA 6259 4 mm U Mass prepared mount,Goldstein, Joseph,295.0
bmoc26,Sheets of Six-Membered Rings,Mica,Guidotti Biotite o-c-26 1mil 12-13-87,Guidotti, Charles,295.0
11031501,Simple Oxides,Oxide,Magnetite V.1 62nm,Nyiro-Kosa, Ilona,60.0
05122001,N/A,Meteorite,Meteorite QPY-2 magnetic fraction,Kennedy, Justin,295.0
19090901,Single-Width Unbranched Chains W=1,Pyroxene,McCanta shocked pyroxene 3501,Dyar, Darby,295.0
04101001,N/A,Glass,Glass, space-weathered SG-2.5R,Noble, Sarah,295.0
07110201,Insular SiO4 Groups Only,Garnet,Garnet, grossular HRM-1 Willsboro-Lewis skarn belt, Wollastonite and Clinopyroxene-bearing rock, Willsboro, NY,Dyar, Darby,295.0
07040402,Single-Width Unbranched Chains W=1,Pyroxene,Pyroxene, synthetic Wo5En66.5Fs28.5 015,Lindsley, Donald,24.0
03072103,Simple Oxides,Oxide,Ferrihydrite 96214 Smedley's Iron Mine ,Dyar, Darby,295.0
06040302,Double-Width Unbranched Chains W=2,Amphibole,Amphibole Crocodita 5A,Gunter, Mickey,295.0
04081301,Insular SiO4 Groups Only,Olivine,Olivine, synthetic Fo60,Menzies, Olywn,195.0
07061801,Single-Width Unbranched Chains W=1,Pyroxene,Pyroxene, synthetic Wo50En40Fs10 033,Lindsley, Donald,100.0
04112502,Insular SiO4 Groups Only,Olivine,Olivine, synthetic Fo50,Menzies, Olywn,270.0
02041801,Double-Width Unbranched Chains W=2,Amphibole,Holmquisite ,Law, Tony,60.0
02021001,Al-Si Frameworks,Feldspar,Anorthite Fe2+ ,Housely, Robert,200.0
06101501,Anhydrous Sulfates Containing Hydroxyl or Halogen,Alunite,Natrojarosite NAJ2-1 UC Davis,Bishop, Janice,295.0
02080801,N/A,Meteorite,Meteorite Shergotty USWM 321 whole rock,Dyar, Darby,295.0
06082602,Sheets of Six-Membered Rings,Mica,Phlogopite PHL 101 Huddersfield Township,Dyar, Darby,295.0
11022301,N/A,Terrestrial Samples,Sandstone PNF-7-1 (12),Schoonen, Martin,295.0
12022702,Hydroxides and Oxides Containing Hydroxyl,Hydroxide,Lepidocrocite Zuikmentelel Silesia HMM 81159,Dyar, Darby,4.0
18062002,N/A,Biogeochemical Mineralogical By-Products,Ice Mamba M1-4 Blood Falls culture, live cell, ferrihydrite, anoxically dried ,Mickuchi, Jill,80.0
10111607,N/A,Biogeochemical Mineralogical By-Products,Islandicum inoculated 11-08-2010,Holden, Jim,80.0
06112201,Multiple Oxides,Oxide,Magnesionferrite MgFe2O4 #775,Parise, John,295.0
13091301,N/A,Miscellaneous,Green Tea A 2Fe:1GT disc mount,Oakes, Jacqueline,140.0
ib1eol,Insular SiO4 Groups Only,Olivine,Dish Hill,CA Olv DH101E 4mil 3-27-90,McGuire, Anne,295.0
07111803,Single-Width Unbranched Chains W=1,Pyroxene,Pyroxene, synthetic Wo50En0Fs50 083,Lindsley, Donald,275.0
uhp51t,Six-Membered Rings,Tourmaline,Harney Peak 5-1 Tourmaline 47.07 2mil 10-1-94,Dyar, Darby,295.0
gk35op,Single-Width Unbranched Chains W=1,Pyroxene,Cima Spinel Perid OPX Ki-5-35 9mil 8-25-89,McGuire, Anne,295.0
dscolv,Insular SiO4 Groups Only,Olivine,San Carlos, CA Olivine SC-1-1 7-30-89,McGuire, Anne,295.0
07050104,Single-Width Unbranched Chains W=1,Pyroxene,Pyroxene, synthetic Wo10En22.5Fs67.5 053,Lindsley, Donald,175.0
06031601,Single-Width Unbranched Chains W=1,Pyroxene,Jadeite 8B NMNH J33C,Sorensen, Sorena,295.0
10051701,N/A,Mixtures,Nontronite -- Magnesite 50:50 mix JB-953,Bishop, Janice,295.0
20103001,N/A,Terrestrial Samples,AX17 AK no heat no cells (3),Elizabeth Sklute,150.0
13032402,N/A,Biogeochemical Mineralogical By-Products,Sully_3 10-02-12  ,Holden, Jim,45.0
06120902,Sheets of Six-Membered Rings,Mica,Zinnwaldite ZW-C GIT-IWG,Dyar, Darby,225.0
17061502,Simple Oxides,Biogeochemical Mineralogical By-Products,Geobacter Ferrihydrite heat+cells, filtered then dried anaerobically 6-5-17,Valvur, Helena,220.0
04100801,Double-Width Unbranched Chains W=2,Amphibole,Amphibole P-4,Lupulescu, Marian,295.0
13091502,N/A,Miscellaneous,Green Tea C 1Fe: 5GTdisc mount,Oakes, Jacqueline,4.0
15053002,N/A,Meteorite,Meteorite QUE 97990,33,Hibbitts, Karl,295.0
04042601,Hydrated Acid and Sulfates,Sulfate,Szomolnokite 560,Dyar, Darby,35.0
hsccon,Insular SiO4 Groups Only,Olivine,Freund S.C. Olivine Moss. Exp. (CONTROL) 5mil 9-14-89,Freund, Friedemann,295.0
s2og92,Sheets of Six-Membered Rings,Mica,Guidotti Muscovite 7^x O-G-92 33mil 9-20-93,Guidotti, Charles,295.0
09042901,Simple Oxides,Oxide,Ferrihydrite 4: 22B+1 80,Estes, Emily,295.0
13050601,N/A,Miscellaneous,Blank,Dyar, Darby,295.0
02042901,Double-Width Unbranched Chains W=2,Amphibole,Holmquisite ,Law, Tony,210.0
04121302,Insular SiO4 Groups Only,Olivine,Olivine, synthetic Fo10 ,Lindsley, Donald,70.0
v2b548,Double-Width Unbranched Chains W=2,Amphibole,Barnes Hornblende MMB-548 52.08 8mil 3-25-95,Barnes, Calvin,295.0
20063001,Sheets of Six-Membered Rings,Talc,Gunter Talc #104, USA_VT_Johnson_UVM, Univ. of Idaho,Gunter, Mickey,295.0
15081304,N/A,Biogeochemical Mineralogical By-Products,Sully 7-15 Dry Ferrihydrite FH A Initial ,Holden, Jim,150.0
06071906,Anhydrous Sulfates Containing Hydroxyl or Halogen,Alunite,Jarosite, synthetic AJ 3-1 Na.34H3O.66Fe2.38,Dyar, Darby,295.0
19042101,N/A,Industrial Samples,Ferric Citrate JC23687001,Williams, Simon,295.0
04081807,Simple Oxides,Oxide,Hematite, synthetic,Dyar, Darby,275.0
06010901,Single-Width Unbranched Chains W=1,Pyroxene,Pyroxene, shocked 3499,McCanta, Molly,295.0
05082101,Al-Si Frameworks,Feldspar,Anorthite, synthetic Fe3+ ,Housely, Robert,295.0
07122908,Single-Width Unbranched Chains W=1,Pyroxene,Pyroxene, synthetic Wo30En28Fs42 068,Lindsley, Donald,150.0
10121001,Hydroxides and Oxides Containing Hydroxyl,Hydroxide,Akaganeite, nanophase 1GOE 07-2010 ,Bosch, Julian,125.0
05102601,Insular SiO4 Groups Only,Olivine,Olivine, synthetic Fo20 Zhou,Lindsley, Donald,125.0
13123101,N/A,Glass,Glass, synthetic AND-4 IW,McCanta, Molly,295.0
07050403,Single-Width Unbranched Chains W=1,Pyroxene,Pyroxene, synthetic En40Fs60 with metal blebs 005A ,Lindsley, Donald,45.0
11030102,Simple Oxides,Oxide,Magnetite I.1 12nm,Nyiro-Kosa, Ilona,4.0
07032403,Sheets of Six-Membered Rings,Mica,Annite Cape Ann,Burns, Roger,24.0
13032601,N/A,Biogeochemical Mineralogical By-Products,Sully_3 10-02-12  ,Holden, Jim,80.0
11061403,Simple Oxides,Oxide,Ferrihydrite HFO Douthat Bridge Water Column,Estes, Emily,4.0
05082901,N/A,Fulgurite,Fulgurite Monohans Texas glass MF2,Sheffer, Abigail,295.0
02030301,Al-Si Frameworks,Feldspar,Anorthite Fe3+ 57Fe ,Housely, Robert,250.0
07102502,Insular SiO4 Groups Only,Garnet,Garnet, grossular AK-32-W Willsboro-Lewis skarn belt, Wollastonite and Clinopyroxene-bearing rock, Willsboro, NY,Dyar, Darby,295.0
15061201,N/A,Biogeochemical Mineralogical By-Products,Islandicum NaHCO3 buffer control initial,Holden, Jim,80.0
18062401,N/A,Biogeochemical Mineralogical By-Products,Ice Mamba M1-3 Blood Falls culture, live cell, no carbon source, ferrihydrite, anoxically dried ,Mickuchi, Jill,5.0
04101201,N/A,Glass,Glass, space-weathered SG50.5R,Noble, Sarah,295.0
06112704,Insular SiO4 Groups Only,Zircon,Zircon, synthetic 48 57Fe+p,Hanchar, John,4.0
09052202,Simple Oxides,Oxide,Wustite, synthetic CC too much Fe for M+ saturation,Lindsley, Donald,225.0
02120801,N/A,Terrestrial Samples,Acid Saline Lake KCB 9,Benison, Kathy,295.0
12030901,Simple Oxides,Oxide,Ilmenite 14119LD 9-06,Riner, Miriam,4.0
13031504,Hydrated Sulfates Containing Hydroxyl or Halogen,Sulfate,Amarantite G3775 Los Pintados, Chile,Dyar, Darby,150.0
02070901,Single-Width Unbranched Chains W=1,Pyroxene,Pyroxene PYX 184 Omphacite,Cloutis, Edward,295.0
21022002,N/A,Terrestrial Samples,AX17 grown on Lepidocrocite 2 heat - no cells,Elizabeth Sklute,220.0
pspb50,Single-Width Unbranched Chains W=1,Pyroxene,Spinel Peridotite H30-65 CPX 46mil 6-24-92,McGuire, Anne,295.0
13121801,N/A,Glass,Glass, synthetic BAS-5 QFM,McCanta, Molly,295.0
04072903,Native Elements and Alloys,Metal,Fe foil  4 mm-s,n/a,200.0
06101306,Anhydrous Sulfates Containing Hydroxyl or Halogen,Alunite,Natrojarosite #28 UC Davis,Bishop, Janice,295.0
04100602,Double-Width Unbranched Chains W=2,Amphibole,Amphibole H-A,Lupulescu, Marian,295.0
16012201,N/A,Biogeochemical Mineralogical By-Products,Sully Dry Ferrihydrite FH 0B FROZEN,Holden, Jim,150.0
13040602,Sulfides, including Selenides and Tellurides,Sulfite,Sphalerite R164122-1 Dundas, Ontario, Canada,Dyar, Darby,80.0
07051001,Single-Width Unbranched Chains W=1,Pyroxene,Pyroxene, synthetic Wo40En30Fs30 079,Lindsley, Donald,275.0
h265_k,Al-Si Frameworks,Feldspar,Housely Anorthite Fe3+ 265K,Housely, Robert,265.0
01011801,Double-Width Unbranched Chains W=2,Amphibole,Hornblende HNB-10,Qunke,295.0
03081403,Simple Oxides,Oxide,Ferrihydrite, synthetic JB-46 (RBG-Sherman) <45mm ,Bishop, Janice,265.0
05112104,Insular SiO4 Groups Only,Olivine,Olivine, synthetic Fo60 Hartzman,Lindsley, Donald,150.0
00112801,Al-Si Frameworks,Feldspar,Feldspar 4-3,McEnroe, Suzanne,295.0
08050501,Al-Si Frameworks,Feldspar,Feldspar MSH,Seaman, Sheila,295.0
06092803,N/A,Mixtures,Sulfate MHC 2046 + 2070 2046 on top,Dyar, Darby,295.0
15082901,N/A,Biogeochemical Mineralogical By-Products,Islandicum 8-15 Wet Ferrihydrite FH Initial A,Holden, Jim,295.0
xbmta1,Six-Membered Rings,Tourmaline,Blk.Mtn. Pegmatite BMT-A Pink Tourmaline 1.38 7mil 11-11-94,Dyar, Darby,295.0
04092502,Double-Width Unbranched Chains W=2,Amphibole,Amphibole WA-3,King, Penny?,295.0
10010201,N/A,Biogeochemical Mineralogical By-Products,Islandicum grown on Fe Gel, dehydrate 1 11-17-09,Holden, Jim,40.0
05020501,N/A,Fulgurite,Fulgurite Mount Ararat country rock NMNH52093,Sheffer, Abigail,295.0
07021001,Sheets of Six-Membered Rings,Chlorite,Clinochlore West Chester, PA,Dyar, Darby,100.0
10081601,Multiple Oxides,Multiple Oxide,Spinel Ki-5-52,Dyar, Darby,295.0
06101802,Anhydrous Sulfates Containing Hydroxyl or Halogen,Alunite,Jarosite, synthetic 4: mixed comp #2 Tosca,Tosca, Nick,295.0
pl862c,Double-Width Unbranched Chains W=2,Amphibole,Cosca Sample HL862C HB 18mil 8-9-92,Dyar, Darby,295.0
17011202,Native Elements and Alloys,Metal,Fe foil  10 mm-s,None,300.0
ugsu3ii,Double-Width Unbranched Chains W=2,Amphibole,Grant LAB510 Cummingtonite 160.162mg 112.1387 6mil 8-31-94,Grant, Christopher,295.0
n6120c,Sheets of Six-Membered Rings,Chlorite,McKibben Core sample chlorite 6120' 20mil 5-30-92,McKibben, Mike,295.0
19042901,N/A,Glass,McCanta Glass BHVO-2 IW-2 H082,McCanta, Molly,295.0
06091301,Hydrated Sulfates Containing Hydroxyl or Halogen,Sulfate,Fibroferrite VZO 107-108,Dyar, Darby,295.0
12041902,Simple Oxides,Oxide,Maghemite, synthetic JB-301 <45mm,Bishop, Janice,4.0
vsp230,Single-Width Unbranched Chains W=1,Pyroxene,Spinel Perid Ki-5-235 OPX 46.38 7mil 11-30-94,McGuire, Anne,295.0
qg1759,Sheets of Six-Membered Rings,Mica,Guidotti Muscovite 17-8-14-59 zone 9 129mil 2-9-93,Guidotti, Charles,295.0
07091003,Double-Width Unbranched Chains W=2,Amphibole,Amphibole 84-BR,Dyar, Darby,8.0
15082301,N/A,Biogeochemical Mineralogical By-Products,Islandicum 8-15 Dry Ferrihydrite FH Final A,Holden, Jim,6.0
07051203,Single-Width Unbranched Chains W=1,Pyroxene,Pyroxene, synthetic Wo40En30Fs30 079,Lindsley, Donald,60.0
10120603,Hydroxides and Oxides Containing Hydroxyl,Hydroxide,Akaganeite, nanophase 1GOE 07-2010 ,Bosch, Julian,4.0
05082506,Anhydrous Sulfates Containing Hydroxyl or Halogen,Alunite,Jarosite, synthetic 2B heated to 300C,Brophy, Gerald,245.0
20060701,Sheets of Six-Membered Rings,Talc,Gunter Talc #66, CT_Marker_Moscow, Univ. of Idaho,Gunter, Mickey,295.0
03010101,Single-Width Unbranched Chains W=1,Pyroxene,Clinopyroxene, Meteorite QUE 94201,Dyar, Darby,295.0
05111903,Insular SiO4 Groups Only,Olivine,Olivine, synthetic Fo80 Podpara,Lindsley, Donald,30.0
07040701,Single-Width Unbranched Chains W=1,Pyroxene,Pyroxene, synthetic Wo10En63Fs27 010,Lindsley, Donald,175.0
20073001,Simple Oxides,oxide,hematite #1, Marty Gilmore ,Gilmore, Marty,295.0
04112702,Insular SiO4 Groups Only,Olivine,Olivine, synthetic Fo50,Menzies, Olywn,170.0
15020801,N/A,Terrestrial Samples,Ocean sediment KN223 S10-LC1-S01-0-10 BU,Anderson, Chloe,295.0
04061301,Anhydrous Sulfates Containing Hydroxyl or Halogen,Sulfate,Tochilinite TOC 101,Dyar, Darby,170.0
05021701,Insular SiO4 Groups Only,Olivine,Olivine, irradiated,Bentley, Mark,12.0
06020101,Anhydrous Sulfates Containing Hydroxyl or Halogen,Alunite,Jarosite, synthetic EPm L1-A,Tosca, Nick,295.0
07061901,Single-Width Unbranched Chains W=1,Pyroxene,Pyroxene, synthetic Wo50En40Fs10 033,Lindsley, Donald,80.0
14012201,Sheets of Six-Membered Rings,Smectite,Nontronite, shocked Nau-1 24.6 GPa,Michalski, Joe,295.0
v2sp32,Single-Width Unbranched Chains W=1,Pyroxene,Spinel Peridotite H312-1 CPX 14.14 19mil 2-16-95,McGuire, Anne,295.0
um356d,Six-Membered Rings,Tourmaline,York River HS#49356 Dravite Tourmaline 52.97 1mil 9-13-94,Dyar, Darby,295.0
06051501,Double-Width Unbranched Chains W=2,Amphibole,Amphibole 5B,King, Penny,295.0
15052902,N/A,Meteorite,Meteorite LAP 03786,10,Hibbitts, Karl,295.0
11113002,N/A,Fulgurite,Tektite T-8 Dalat, Vietnam,Nottke, Tony,295.0
19062401,N/A,Glass,Sarah Noble SG2.5 BR,Noble, Sarah,295.0
00120201,Al-Si Frameworks,Feldspar,Feldspar 039-2,McEnroe, Suzanne,295.0
xpwhtc1,Six-Membered Rings,Tourmaline,Igneous Tourmaline Whitecap 1 Black Tourmaline 11mil 8-24-92,Dyar, Darby,295.0
edst09,Insular SiO4 Groups and O, OH, F, and H2O,Staurolite,Dutrow Staurolite LiAl-25-1 4mil 12-7-88,Dutrow, Barbara,295.0
18081501,Single-Width Unbranched Chains W=1,Pyroxene,Pyroxene LAR-04316,38,Dyar, Darby,295.0
11080201,N/A,Biogeochemical Mineralogical By-Products,Fe gel media July 2011 uninoculated, incubated 92C overnight,Holden, Jim,4.0
17032801,Insular SiO4 Groups Only,Olivine,Montticellite NMNH 13639, Italy, whole sample not pure but maybe only one Fe bearing phase,Dyar, Darby,250.0
07122208,Single-Width Unbranched Chains W=1,Pyroxene,Pyroxene, synthetic Wo20En40Fs40 051,Lindsley, Donald,60.0
18042102,N/A,Biogeochemical Mineralogical By-Products,P. delaneyi Ferrihydrite heat + cells anoxically dried ,Kashyap, Srishti,295.0
15121601,Simple Oxides,Oxide,Ferrihydrite FH-40-h-A,Dehouck, Erwin,7.0
07121101,Single-Width Unbranched Chains W=1,Pyroxene,Pyroxene, synthetic Wo20En32Fs48 057,Lindsley, Donald,200.0
11122005,Anhydrous Carbonates,Carbonate,Siderite Brendt Hyde,King, Penny,200.0
18081502,Single-Width Unbranched Chains W=1,Pyroxene,Pyroxene LAP 91900,72 ,Dyar, Darby,295.0
15081702,N/A,Biogeochemical Mineralogical By-Products,Sully 7-15 Wet Ferrihydrite FH Control initial ,Holden, Jim,295.0
15070403,N/A,Biogeochemical Mineralogical By-Products,Islandicum KPO4 buffer run A initial,Holden, Jim,220.0
04072805,Native Elements and Alloys,Metal,Fe foil  4 mm-s,n/a,50.0
02062201,Anhydrous Sulfates Containing Hydroxyl or Halogen,Sulfate,Metavoltine SPT 133,Cloutis, Edward,295.0
09103102,N/A,Hydroxide,Ferrihydrite, Fe Gel, dehydrated,Holden, Jim,55.0
15073101,Insular SiO4 Groups Only,Olivine,Montecellite NMNH 159061 Riverside CO, Cresmore, CA,Dyar, Darby,295.0
03022701,N/A,Mixtures,Clinopyroxene -- Fayalite 1:10 mix,Dyar, Darby,295.0
15111601,Simple Oxides,Oxide,Maghemite, synthetic, nanophase MAGH061815,Sklute, Elizabeth,220.0
02012201,Al-Si Frameworks,Feldspar,Anorthite Fe2+ ,Housely, Robert,30.0
11072805,Hydrated Phosphates, Arsenates, and Vanadates containing Hydroxyl or Halogen,Phosphate,Hagendorfite DD184,Dyar, Darby,295.0
05102402,Insular SiO4 Groups Only,Olivine,Olivine, synthetic Fo20 Zhou,Lindsley, Donald,250.0
jgmuk8,Sheets of Six-Membered Rings,Mica,Guidotti Muscovite o-k-8' 236mil 11-24-90,Guidotti, Charles,295.0
15101301,N/A,Terrestrial Samples,Siltstone, sandy BS 7.60,Li, June,295.0
05100402,Anhydrous Sulfates Containing Hydroxyl or Halogen,Sulfate,Romerite SPT 110 dry,Cloutis, Edward,150.0
14121301,N/A,Fulgurite,Tektite #10 2014,Nottke, Tony,295.0
kmh11h,Insular SiO4 Groups Only,Garnet,McGuire H112140 Garnet for Moss. 4mil 6-11-91,McGuire, Anne,295.0
03122901,N/A,Fulgurite,Fulgurite Oregon,Sheffer, Abigail,295.0
13032201,N/A,Biogeochemical Mineralogical By-Products,Sully_3 10-02-12  ,Holden, Jim,8.0
kzz6bi,Sheets of Six-Membered Rings,Mica,Zhou Z6 Biotite 6mil 6-21-91,Zhou, Fuxing,295.0
12022303,Hydroxides and Oxides Containing Hydroxyl,Hydroxide,Goethite nanophase np-Gt A1,Tosca, Nick,80.0
09110502,N/A,Biogeochemical Mineralogical By-Products,Islandicum inoculated,Holden, Jim,295.0
07061502,Single-Width Unbranched Chains W=1,Pyroxene,Pyroxene, synthetic Wo50En40Fs10 033,Lindsley, Donald,225.0
04022801,Insular SiO4 Groups Only,Olivine,Olivine Dish Hill DH-101 E,Dyar, Darby,260.0
05110701,Insular SiO4 Groups Only,Olivine,Olivine, synthetic Fo50,Lindsley, Donald,225.0
06110202,Hydrated Acid and Sulfates,Sulfate,Voltaite 137958,Dyar, Darby,250.0
04080302,Insular SiO4 Groups Only,Olivine,Olivine, synthetic Fo60,Menzies, Olywn,20.0
qcgohb,Double-Width Unbranched Chains W=2,Amphibole,Cooper-Gore H6 92RCAMPH 58mil 2-5-93,Cooper, Robert,295.0
07022601,Hydrated Normal Phosphates, Arsenates, and Vanadates,Phosphate,Strengite MDD3 Iron Knob, South Australia,Dyar, Darby,295.0
19060701,N/A,Glass,Sarah Noble SG256R glass (?SG25.6R),Noble, Sarah,295.0
15070203,N/A,Biogeochemical Mineralogical By-Products,Islandicum KPO4 buffer control final,Holden, Jim,295.0
20011801,Sheets of Six-Membered Rings,Talc,Gunter Talc #71, CT_soap_pizzastone, Univ. of Idaho,Gunter, Mickey,295.0
11031402,Simple Oxides,Oxide,Magnetite V.1 62nm,Nyiro-Kosa, Ilona,100.0
05110901,Insular SiO4 Groups Only,Olivine,Olivine, synthetic Fo50,Lindsley, Donald,55.0
12081601,Sheets of Six-Membered Rings,Clay,Clay 1183-15,Michalski, Joe,295.0
18030401,N/A,Terrestrial Samples,Dolerite PRR-39262 surface,Salvatore, Mark,295.0
02041401,Double-Width Unbranched Chains W=2,Amphibole,Holmquisite ,Law, Tony,30.0
14012901,Sheets of Six-Membered Rings,Chlorite,Chlorite, shocked 29.2 GPa 3648 ,Michalski, Joe,295.0
06052201,N/A,Meteorite,Meteorite Los Angeles JB allocation,Dyar, Darby,295.0
20120801,Single-Width Unbranched Chains W=1,pyroxene,Aegirine 130323 Harvard Larvik, Norway,Dyar, Darby,295.0
10110203,Simple Oxides,Oxide,Ferrihydrite, nanophase 1GOE 03-2010,Bosch, Julian,125.0
12021003,Sheets of Six-Membered Rings,Smectite,Smectite SCB-W final separate,Harding, Sherie,295.0
06071703,Double-Width Unbranched Chains W=2,Amphibole,Amphibole Soda Springs #2,King, Penny,295.0
07052105,Double-Width Unbranched Chains W=2,Amphibole,Kaersutite Fr-12,Dyar, Darby,60.0
19091401,Double-Width Unbranched Chains W=2,Amphibole,Hastingsite Dp3K,Jenkins, David,295.0
07122112,Single-Width Unbranched Chains W=1,Pyroxene,Pyroxene, synthetic Wo20En40Fs40 051,Lindsley, Donald,250.0
07112007,Single-Width Unbranched Chains W=1,Pyroxene,Pyroxene, synthetic Wo50En0Fs50 083,Lindsley, Donald,12.0
kzz11b,Sheets of Six-Membered Rings,Mica,Zhou Z11 Biotite 6mil 6-26-91,Zhou, Fuxing,295.0
15071001,N/A,Biogeochemical Mineralogical By-Products,Islandicum Pipes buffer control time point 0,Holden, Jim,6.0
04041801,Hydrated Acid and Sulfates,Sulfate,Szomolnokite 560,Dyar, Darby,195.0
07060906,Single-Width Unbranched Chains W=1,Pyroxene,Pyroxene, synthetic Wo40En15Fs45 070,Lindsley, Donald,125.0
17033001,Insular SiO4 Groups Only,Olivine,Montticellite NMNH 13639, Italy, whole sample not pure but maybe only one Fe bearing phase,Dyar, Darby,295.0
08052701,Anhydrous Sulfates Containing Hydroxyl or Halogen,Alunite,Alunite,Coleman, Max,295.0
04041401,Hydrated Acid and Sulfates,Sulfate,Rozenite JB-626-B Iron Mountain,Dyar, Darby,295.0
07052503,Double-Width Unbranched Chains W=2,Amphibole,Kaersutite DL-7,Dyar, Darby,30.0
06101804,Anhydrous Sulfates Containing Hydroxyl or Halogen,Alunite,Jarosite, synthetic 13 H3O0.5Fe1.5Al1.5 Tosca,Tosca, Nick,295.0
13050701,N/A,Miscellaneous,Green Tea 2Fe:1GT mounted dry,Oakes, Jacqueline,295.0
09011801,Compound Sulfates,Sulfate,Caledonite G92,Dyar, Darby,295.0
13031601,Hydrated Sulfates Containing Hydroxyl or Halogen,Sulfate,Amarantite G3775 Los Pintados, Chile,Dyar, Darby,200.0
20111801,N/A,Terrestrial Samples,AK17 Lep heat + no cells (3a),Elizabeth Sklute,4.0
03082501,Sheets of Six-Membered Rings,Kaolinite-Serpentine,Antigorite JA-559,Bishop, Janice,12.0
16121102,Single-Width Unbranched Chains W=1,Pyroxene,Pyroxene, synthetic pigeonite W08 x=30F 1125degC,Lindsley, Donald,295.0
13042201,Hydrated Sulfates Containing Hydroxyl or Halogen,Sulfate,Fibroferrite SPT 121,Cloutis, Edward,18.0
03050601,Al-Si Frameworks,Feldspar,Feldspar Bushveld BS10-b,Tegner, Christian,295.0
11100601,N/A,Terrestrial Samples,Dolerite MS10_BV_10_int Beacon Valley, Antarctica no acetone,Salvatore, Mark,295.0
15081402,N/A,Biogeochemical Mineralogical By-Products,Sully 7-15 Dry Ferrihydrite FH A Initial ,Holden, Jim,80.0
c98763,Sheets of Six-Membered Rings,Mica,Guidotti Biotite 9-8-7-63 2mil 6-16-88,Guidotti, Charles,295.0
04072102,Insular SiO4 Groups Only,Olivine,Olivine, synthetic Fo80,Menzies, Olywn,45.0
11120401,N/A,Fulgurite,Moldavite T-9 Czech,Nottke, Tony,295.0
15061104,N/A,Biogeochemical Mineralogical By-Products,Islandicum NaHCO3 buffer control initial,Holden, Jim,295.0
05120802,Insular SiO4 Groups Only,Olivine,Olivine, synthetic Fo30,Lindsley, Donald,125.0
06030601,Single-Width Unbranched Chains W=1,Pyroxene,Jadeite 2B mVE02SS2606,Sorensen, Sorena,295.0
05112103,Insular SiO4 Groups Only,Olivine,Olivine, synthetic Fo60 Hartzman,Lindsley, Donald,175.0
hbd1op,Single-Width Unbranched Chains W=1,Pyroxene,Dish Hill,CA OPX Ba-2-1 D-1 12mil 9-28-89,McGuire, Anne,295.0
04082803,Insular SiO4 Groups Only,Olivine,Olivine, synthetic Fo40,Lindsley, Donald,170.0
13110101,Unbranched Chains with W>2,Smectite,Saponite, shocked 39.8 GPa,Michalski, Joe,295.0
13070402,Multiple Oxides,Multiple Oxide,Spinel FeSp8-4 Brown U.,Cheek, Leah,295.0
13070803,Sheets of Six-Membered Rings,Kaolinite-Serpentine,Serpentine CSWI-28C-B URI,Stander, Amy,295.0
04051102,Sheets of Six-Membered Rings,Kaolinite-Serpentine,Antigorite JA-562,Bishop, Janice,150.0
10062001,N/A,Mixtures,Forsterite -- Nontronite 25:75 mix JB-960,Bishop, Janice,295.0
05110703,Insular SiO4 Groups Only,Olivine,Olivine, synthetic Fo50,Lindsley, Donald,175.0
dstf80,Insular SiO4 Groups and O, OH, F, and H2O,Staurolite,Staurolite Fe80-1 Rice 5mil 9-4-88,Rice, Jack,295.0
20070601,Sheets of Six-Membered Rings,Talc,Gunter Talc #99 CT_BP_Vanderbilt, Univ. of Idaho,Gunter, Mickey,295.0
12031502,Simple Oxides,Oxide,Hematite 22-30nm iron(III) Oxide, gamma Alfa Aesar CAS #1309-37-4,Breves, Elly,80.0
01092401,Insular SiO4 Groups Only,Garnet,Garnet, grossular 103089 Marble layer intercalated in metapelites, Phippsburg, ME,Dyar, Darby,295.0
02030401,Al-Si Frameworks,Feldspar,Anorthite Fe3+ 57Fe ,Housely, Robert,295.0
10073101,Sheets of Six-Membered Rings,Kaolinite-Serpentine,Antigorite O'Hanley C139,Evans, Bernard,295.0
15101901,N/A,Terrestrial Samples,Ocean sediment 346 1429A 12H1 145-150 cm BU,Anderson, Chloe,295.0
09070401,Sheets of Six-Membered Rings,Kaolinite-Serpentine,Antigorite ATG USNM 166405,Evans, Bernard,295.0
rg28mu,Sheets of Six-Membered Rings,Mica,Guidotti Granite 28-8-22-59 MU 87mil 3-7-93,Guidotti, Charles,295.0
07071801,N/A,Terrestrial Samples,Concretions Vial 1:powdered core, SCL-Bada#1, Sunset Cliff, San Diego, CA,unkwn,295.0
hb1dcp,Single-Width Unbranched Chains W=1,Pyroxene,Dish Hill,CA CPX DH-101-D 30mil 10-3-89,McGuire, Anne,295.0
16100101,Hydroxides and Oxides Containing Hydroxyl,Hydroxide,Lepidocrocite, synthetic, nanophase LEP052616 freeze dried,Sklute, Elizabeth,80.0
06101201,Anhydrous Sulfates Containing Hydroxyl or Halogen,Alunite,Hydronium Jarosite JM,Dyar, Darby,295.0
04122102,Insular SiO4 Groups Only,Olivine,Olivine, synthetic Fo90 ,Lindsley, Donald,60.0
02122801,Single-Width Unbranched Chains W=1,Pyroxene,Pyroxene, Meteorite Zagami,Dyar, Darby,295.0
07112003,Single-Width Unbranched Chains W=1,Pyroxene,Pyroxene, synthetic Wo50En0Fs50 083,Lindsley, Donald,45.0
10111001,Simple Oxides,Oxide,Hematite, nanophase Alfa Aesar 07-2010,Holden, Jim,125.0
07120406,Single-Width Unbranched Chains W=1,Pyroxene,Pyroxene, synthetic Wo30En35Fs35 073,Lindsley, Donald,80.0
05110202,Insular SiO4 Groups Only,Olivine,Olivine, synthetic Fa10.5,Nabalek, Peter,75.0
fbd1cp,Single-Width Unbranched Chains W=1,Pyroxene,Dish Hill Ba-2-1 D-1 CPX 1mil 5-10-89,McGuire, Anne,295.0
15062602,N/A,Biogeochemical Mineralogical By-Products,Islandicum KPO4 buffer A final,Holden, Jim,220.0
05090101,Single-Width Unbranched Chains W=1,Pyroxene,Diopside, shocked 3496 (1.270km-s,520Kbs),McCanta, Molly,295.0
09053001,Insular SiO4 Groups Only,Olivine,Olivine, Meteorite Y 984028 exterior,Dyar, Darby,295.0
15012303,Multiple Oxides,Oxide,Magnetite KRN-10-02 Kiirunavaara MUN,Hanchar, John,295.0
03010801,Single-Width Unbranched Chains W=1,Pyroxene,Pyroxene, Meteorite Shergotty,Dyar, Darby,295.0
08010105,Single-Width Unbranched Chains W=1,Pyroxene,Pyroxene, synthetic Wo10En13.5Fs76.5 048,Lindsley, Donald,80.0
02072601,Sheets of Six-Membered Rings,Clay,Illite-Smectite SCA 104,Cloutis, Edward,295.0
06051101,Double-Width Unbranched Chains W=2,Amphibole,Amphibole HP-2B,King, Penny,295.0
05121307,Insular SiO4 Groups Only,Olivine,Fayalite, synthetic Fo0,Lindsley, Donald,200.0
09022101,Simple Oxides,Oxide,Wustite, synthetic A Fe-saturated,Lindsley, Donald,295.0
06121801,Sheets of Six-Membered Rings,Smectite,Nontronite Sampor smectite JB-175 ,Bishop, Janice,80.0
20110401,N/A,Terrestrial Samples,AX17 AK heat no cells (2),Elizabeth Sklute,80.0
05081001,Anhydrous Sulfates Containing Hydroxyl or Halogen,Alunite,Jarosite, synthetic 17B heated to 300C,Brophy, Gerald,295.0
03032401,Al-Si Frameworks,Feldspar,Feldspar Bushveld BS28,Tegner, Christian,295.0
03061101,N/A,Meteorite,Meteorite Dar Al Gani 846 achondrite,Bland, Phil,295.0
01072001,Double-Width Unbranched Chains W=2,Amphibole,Amphibole 2 Libby, MT,Gunter, Mickey,13.0
17013001,N/A,Terrestrial Samples,Palagonite tuff WhB12-03,Farrand, Bill,4.0
14021901,N/A,Glass,Glass, synthetic Fa-Plag Lazareva-Lindsley 1.006,Lazareva, Lena,295.0
03110802,N/A,Mixtures,Ferrihydrite -- Magnetite Balmont Mix #4,Bishop, Janice,25.0
03121601,Simple Oxides,Oxide,Perovskite 87332 NE Kootenay BC Canada,Dyar, Darby,140.0
v2h279,Multiple Oxides,Multiple Oxide,Spinel Peridotite H279-12 Spinel 23.03 15mil 2-2-95,McGuire, Anne,295.0
09081101,N/A,Terrestrial Samples,Basalt Mid-Atlantic Ridge 094-3,Reynolds, Valerie,295.0
15042502,Simple Oxides,Oxide,Maghemite, synthetic, nanophase MAGH041415,Sklute, Elizabeth,4.0
tcw15p,Sheets of Six-Membered Rings,Kaolinite-Serpentine,O'Hanley Chrysotile W15 Picrolite 100mil 4-18-94,O'Hanley, David,295.0
04090202,Insular SiO4 Groups Only,Olivine,Olivine, synthetic Fo20,Lindsley, Donald,220.0
06020601,Hydroxides and Oxides Containing Hydroxyl,Hydroxide,Schwertmannite, natural JB-130 <125mm,Bishop, Janice,295.0
12020201,Hydrated Sulfates Containing Hydroxyl or Halogen,Sulfate,Copiapite ML-S86,Lane, Melissa,295.0
11030601,Simple Oxides,Oxide,Magnetite III.1 70nm,Nyiro-Kosa, Ilona,275.0
15032302,N/A,Biogeochemical Mineralogical By-Products,Sully March innoculation time point 0 series C (control) no acetone,Holden, Jim,295.0
18020302,N/A,Biogeochemical Mineralogical By-Products,P. islandicum Akaganeite heat + cells anoxically dried,Kashyap, Srishti,80.0
03120401,Simple Oxides,Oxide,Ferrihydrite 956214 Smedley's Iron Mine,Dyar, Darby,295.0
06051601,N/A,Meteorite,Meteorite ALHA 84001,271 whole rock,Bishop, Janice,295.0
07041202,Single-Width Unbranched Chains W=1,Pyroxene,Pyroxene, synthetic Wo10En36Fs54 011,Lindsley, Donald,200.0
11042601,Anhydrous Normal Phosphates, Arsenates, and Vanadates,Phosphate,Heterosite DD27,Dyar, Darby,295.0
04112901,Insular SiO4 Groups Only,Olivine,Olivine, synthetic Fo50,Menzies, Olywn,95.0
15110403,Native Elements and Alloys,Metal,Fe foil  10 mm-s,n/a,295.0
11051104,N/A,Industrial Samples,Coal Fly Ash FeOOH 25C,Fan, Maohoung,295.0
07051802,Double-Width Unbranched Chains W=2,Amphibole,Kaersutite Tm,Dyar, Darby,45.0
03120801,Hydroxides and Oxides Containing Hydroxyl,Hydroxide,Lepidocrocite Zuikmentelel Silesia HMM 81159,Dyar, Darby,165.0
11110203,N/A,Terrestrial Samples,Sandstone PNF-9-5 (1) altered,Schoonen, Martin,295.0
17071002,N/A,Biogeochemical Mineralogical By-Products,J2675 SC6B extra material collected 3-28-13 filtered 6-16-17 stored in freezer,Ross, Laura,150.0
dbacpx,Insular SiO4 Groups Only,Olivine,Dish Hill, CA Olivine Ba-2-3 CPX 8-6-88,McGuire, Anne,295.0
18071401,N/A,Glass,Glass MSNJ17,McCanta, Molly,295.0
16090601,Sheets of Six-Membered Rings,Mica,Biotite F11-4 54 degrees ambient,Bucholz, Claire,285.0
04030101,Hydrated Acid and Sulfates,Sulfate,Szomolnokite 560,Dyar, Darby,295.0
16050501,Simple Oxides,Oxide,Ferrihydrite, reacted SG FH-150-0-A,Dehouck, Erwin,295.0
12042501,Hydroxides and Oxides Containing Hydroxyl,Hydroxide,Goethite 83831 Bavaria,Dyar, Darby,295.0
07111905,Single-Width Unbranched Chains W=1,Pyroxene,Pyroxene, synthetic Wo50En0Fs50 083,Lindsley, Donald,125.0
05082301,Sheets of Six-Membered Rings,Chlorite,Chlorite CG-BG2 17mg,Guidotti, Charles,295.0
05101703,Hydrated Sulfates Containing Hydroxyl or Halogen,Sulfate,Copiapite SPT 125 dry,Cloutis, Edward,225.0
11080601,N/A,Terrestrial Samples,Oil sand, MC (marine clay) Athabasca,Osacky, Marek,4.0
14122601,Single-Width Unbranched Chains W=1,Pyroxene,Diopside 38-63mm,Izenberg, Noam,295.0
20053001,Sheets of Six-Membered Rings,Talc,Gunter Talc #90, CHI_Guangxi_GuiLin_mill, Univ. of Idaho,Gunter, Mickey,295.0
18040602,N/A,Terrestrial Samples,Lake Towuti Sediment RS0524 Brown University,Sheppard, Rachel,130.0
07060401,Single-Width Unbranched Chains W=1,Pyroxene,Pyroxene, synthetic Wo30En17.5F252.5 066,Lindsley, Donald,175.0
03022201,Insular SiO4 Groups Only,Olivine,Olivine, Meteorite LEW 88076,Dyar, Darby,295.0
18092502,Single-Width Unbranched Chains W=1,Pyroxene,Pyroxenene EET-79002,197,Dyar, Darby,295.0
07121106,Single-Width Unbranched Chains W=1,Pyroxene,Pyroxene, synthetic Wo20En32Fs48 057,Lindsley, Donald,80.0
03111801,Simple Oxides,Oxide,Ferrihydrite JB565 Czech 5005-2 Murad <45 m,Bishop, Janice,295.0
15070301,N/A,Biogeochemical Mineralogical By-Products,Islandicum KPO4 buffer control final,Holden, Jim,220.0
vsp16b,Single-Width Unbranched Chains W=1,Pyroxene,Spinel Peridotite Ba1-61 OPX 42.57 14mil 12-19-94,McGuire, Anne,295.0
17061701,Simple Oxides,Biogeochemical Mineralogical By-Products,Geobacter Ferrihydrite heat-no cells, filtered then dried anaerobically 6-5-17,Valvur, Helena,150.0
13062301,N/A,Miscellaneous,Green Tea 1Fe:5GT mounted dry,Oakes, Jacqueline,295.0
10050301,Simple Oxides,Oxide,Magnetite Tor 39,Li, Y.-L.,4.0
15033101,N/A,Terrestrial Samples,Core U1425B 3-5-57 WHOI,Gosan, Liviu,250.0
qrac35,Sheets of Six-Membered Rings,Mica,Guidotti Muscovite Ra-C35-66 Pure Mt. 35mil 9-17-92,Guidotti, Charles,295.0
04010501,N/A,Fulgurite,Fulgurite Trinitite,Sheffer, Abby,295.0
02123001,Single-Width Unbranched Chains W=1,Pyroxene,Pyroxene, Meteorite Los Angeles,Dyar, Darby,295.0
01111601,Al-Si Frameworks,Feldspar,Plagioclase Bushveld BT15 plag,Tegnar, Christian,295.0
08022601,Anhydrous Sulfates Containing Hydroxyl or Halogen,Alunite,Jarosite, synthetic F 0.16K,Dyar, Darby,295.0
10012101,Sheets of Six-Membered Rings,Clay,Sepiolite SepSp-1 JB-780 <45mm,Bishop, Janice,295.0
10111302,Simple Oxides,Oxide,Hematite, nanophase Alfa Aesar 07-2010,Holden, Jim,18.0
05110802,Insular SiO4 Groups Only,Olivine,Olivine, synthetic Fo50,Lindsley, Donald,125.0
03081102,Simple Oxides,Oxide,Ferrihydrite, synthetic JB-46 (RBG-Sherman) <45mm ,Bishop, Janice,50.0
ib1chb,Double-Width Unbranched Chains W=2,Amphibole,DH-101-C Hornblende 52mil 7-1-90,McGuire, Anne,295.0
03120102,Simple Oxides,Oxide,Ferrihydrite JB-564 Czech 5005-1,Bishop, Janice,220.0
07122403,Single-Width Unbranched Chains W=1,Pyroxene,Pyroxene, Synthetic Wo20Fs80 SynPx087 ,Lindsley, Donald,100.0
07042905,Single-Width Unbranched Chains W=1,Pyroxene,Pyroxene, synthetic En17Fs83C 024,Lindsley, Donald,175.0
xubmtb1,Six-Membered Rings,Tourmaline,Blk. Mtn. Pegmatite BMT-B Green Tourmaline 62.43 6mil 9-22-94,Dyar, Darby,295.0
jgmrd4,Sheets of Six-Membered Rings,Mica,Guidotti Muscovite Ra-d14-66 120mil 11-7-90,Guidotti, Charles,295.0
04100501,Sheets of Six-Membered Rings,Chlorite,Chlorite CK-2 ,Klein, Cornelius,295.0
11070602,N/A,Industrial Samples,Coal Fly Ash Sample T Fe6+,Fan, Mahoung,45.0
06081903,Double-Width Unbranched Chains W=2,Amphibole,Amphibole Harvard 3 5-20-06,Gunter, Mickey,295.0
05091201,Sulfides, including Selenides and Tellurides,Sulfide,Mackinawite Hitura Finland,Dyar, Darby,295.0
08010803,Single-Width Unbranched Chains W=1,Pyroxene,Pyroxene, synthetic Wo30En21Fs49 074,Lindsley, Donald,295.0
10082201,N/A,Biogeochemical Mineralogical By-Products,Chimney EG09-2 "inside" dried,Holden, Jim,295.0
10071601,N/A,Industrial Samples,Steel #1,Gupta, Ratnesh,295.0
07061101,Single-Width Unbranched Chains W=1,Pyroxene,Pyroxene, synthetic Wo40En15Fs45 070,Lindsley, Donald,12.0
15030201,N/A,Glass,Glass, synthetic RHY-4 Mo-MoO2,McCanta, Molly,295.0
15111801,Simple Oxides,Oxide,Maghemite, synthetic, nanophase MAGH061815,Sklute, Elizabeth,6.0
04112802,Insular SiO4 Groups Only,Olivine,Olivine, synthetic Fo50,Menzies, Olywn,120.0
00102201,Double-Width Unbranched Chains W=2,Amphibole,Amphibole 11B,Evans, Bernard,295.0
15070701,N/A,Biogeochemical Mineralogical By-Products,Islandicum KPO4 buffer control initial,Holden, Jim,220.0
tsp16a,Insular SiO4 Groups Only,Olivine,Spinel Peridotite Ba-1-61 Olivine 43mil 5-18-94,McGuire, Anne,295.0
09081801,N/A,Terrestrial Samples,Basalt Mid-Atlantic Ridge 258-1,Reynolds, Valerie,295.0
18062702,N/A,Biogeochemical Mineralogical By-Products,Ice Mamba M1-1 Blood Falls culture, no cells, ferrihydrite, anoxically dried ,Mickuchi, Jill,80.0
04081815,Simple Oxides,Oxide,Hematite, synthetic,Dyar, Darby,235.0
11040201,Simple Oxides,Oxide,Magnetite-Maghemite I.2 70nm,Nyiro-Kosa, Ilona,295.0
18071301,N/A,Glass,Glass, MSNJ25,McCanta, Molly,295.0
07052501,Double-Width Unbranched Chains W=2,Amphibole,Kaersutite DL-7,Dyar, Darby,60.0
04050503,N/A,Terrestrial Samples,Acid Mine Drainage JB-577-A,Bishop, Janice,295.0
18012001,N/A,Terrestrial Samples,Lake Towuti Sediment RS0097 Brown Univeristy,Sheppard, Rachel,4.0
06120703,Sheets of Six-Membered Rings,Chlorite,Chlorite, clinochlore West Chester PA,Dyar, Darby,30.0
00120901,Double-Width Unbranched Chains W=2,Amphibole,Amphibole 3 Libby, MT,Gunter, Mickey,295.0
05120803,Insular SiO4 Groups Only,Olivine,Olivine, synthetic Fo30,Lindsley, Donald,100.0
04090205,Insular SiO4 Groups Only,Olivine,Olivine, synthetic Fo20,Lindsley, Donald,295.0
05081602,N/A,Terrestrial Samples,Catahoula lake bed sample 3 silty clay (core 2) 11.05m 100% sample,Wrenn, John,295.0
05121206,Insular SiO4 Groups Only,Olivine,Olivine, synthetic Fo10,Lindsley, Donald,25.0
12072701,Multiple Oxides,Multiple Oxide,Spinel FeSp6_8,Cheek, Leah,295.0
15040101,N/A,Terrestrial Samples,Core U1424A 1-6-101 WHOI,Gosan, Liviu,250.0
14090901,N/A,Glass,Glass, synthetic AND-2 CO2,McCanta, Molly,295.0
10072001,N/A,Industrial Samples,Steel #3,Gupta, Ratnesh,295.0
07122503,Single-Width Unbranched Chains W=1,Pyroxene,Pyroxene, synthetic Wo40En48Fs12 075,Lindsley, Donald,175.0
16051201,N/A,Terrestrial Samples,Ocean sediment 185 1149 02H01 53-55 bulk BU,Anderson, Chloe,295.0
06090901,Hydrated Acid and Sulfates,Sulfate,Krausite 156916 Sulfur Hole, Mule Canyon, San Bernardino Co, CA,Dyar, Darby,295.0
07050307,Single-Width Unbranched Chains W=1,Pyroxene,Pyroxene, synthetic En40Fs60 with metal blebs 005A ,Lindsley, Donald,100.0
02121001,N/A,Terrestrial Samples,Acid Saline Lake KCB 10,Benison, Kathy,295.0
04081808,Simple Oxides,Oxide,Hematite, synthetic,Dyar, Darby,270.0
14082601,Insular SiO4 Groups Only,Olivine,Olivine, heated 8-8-14,Hibbitts, Karl,295.0
04011201,N/A,Fulgurite,Fulgurite Egypt glass,Sheffer, Abigail,295.0
ib1col,Insular SiO4 Groups Only,Olivine,DH-101-C Olivine 9mil 4-12-90,McGuire, Anne,295.0
r255bt,Sheets of Six-Membered Rings,Mica,Guidotti 84-55 Biotite 58mil 5-27-93,Guidotti, Charles,295.0
16021604,N/A,Biogeochemical Mineralogical By-Products,Sully Su06 Dry Ferrihydrite FH 0C 2-12-16 ,Holden, Jim,150.0
17061301,Hydroxides and Oxides Containing Hydroxyl,Biogeochemical Mineralogical By-Products,Geobacter Lepidocrocite heat+cells, filtered then dried anaerobically 6-5-17,Valvur, Helena,295.0
18092401,Sheets of Six-Membered Rings,Talc,Gunter Talc #22, ITA_Paola_A, Univ. of Idaho,Gunter, Mickey,295.0
12050201,N/A,Biogeochemical Mineralogical By-Products,Chimney Dante ALV 4441 9-1-08,Holden, Jim,4.0
11091001,N/A,Terrestrial Samples,Oil sand, MC<2,Osacky, Marek,130.0
s291bt,Sheets of Six-Membered Rings,Mica,Barnes Biotite 91 8mil 11-21-93,Barnes, Calvin,295.0
07032701,Anhydrous Sulfates Containing Hydroxyl or Halogen,Alunite,Jarosite, synthetic EPML2 21 days,Tosca, Nick,295.0
11051201,N/A,Glass,Glass, synthetic Gardner 1013B,Gardner, Jim,295.0
15122301,N/A,Biogeochemical Mineralogical By-Products,Sully Test Dry Ferrihydrite FH B frozen,Holden, Jim,150.0
16101301,N/A,Industrial Samples,Coal fly ash 3 Na-1Fe 500c py 30 mm coal Bang Xu,Fan, Maohong,10.0
19011801,N/A,Glass,McCanta Glass PDCV-3 QFM MORB,McCanta, Molly,295.0
06091801,Anhydrous Acid and Sulfates,Sulfate,Celestine S13,None,295.0
07041304,Single-Width Unbranched Chains W=1,Pyroxene,Pyroxene, synthetic Wo10En36Fs54 011,Lindsley, Donald,12.0
07112506,Single-Width Unbranched Chains W=1,Pyroxene,Pyroxene, synthetic En80Fs20 010,Lindsley, Donald,100.0
11033002,Simple Oxides,Oxide,MaghemiteVI.4 12nm,Nyiro-Kosa, Ilona,18.0
07052603,Double-Width Unbranched Chains W=2,Amphibole,Kaersutite DL-7,Dyar, Darby,4.0
04032701,Simple Oxides,Oxide,Goethite, synthetic JB-54,Bishop, Janice,295.0
12080201,Multiple Oxides,Multiple Oxide,Spinel FeSp6_4,Cheek, Leah,295.0
06020201,Anhydrous Sulfates Containing Hydroxyl or Halogen,Alunite,Jarosite, synthetic mL1-B,Tosca, Nick,295.0
10100701,N/A,Terrestrial Samples,Sandstone Moenkopi sample 7 FTNF_5,Schoonen, Martin,295.0
04011801,N/A,Fulgurite,Fulgurite CT sample 6 metal,Sheffer, Abigail,295.0
19010401,N/A,Glass,McCanta Glass PDCV-2 QFM AP 15 G,McCanta, Molly,295.0
16030601,N/A,Terrestrial Samples,Siltstone, sandy JL 110-1,Li, June,295.0
08122701,N/A,Mixtures,Magnetite -- Hematite 50:50 mix JB-JLB-807,Bishop, Janice,295.0
07110703,Single-Width Unbranched Chains W=1,Pyroxene,Pyroxene, synthetic Wo40En55F55 Px077,Lindsley, Donald,150.0
jh3b1s,Multiple Oxides,Multiple Oxide,H30-B1 Spinel 17mil 3-12-91,McGuire, Anne,295.0
04020501,Double-Width Unbranched Chains W=2,Amphibole,K-fluorohastingsite,Lupulescu, Marian,295.0
19080601,Anhydrous Sulfates Containing Hydroxyl or Halogen,Jarosite,143B Na jarosite Alian Wang #1,Alian Wang,295.0
18041602,N/A,Biogeochemical Mineralogical By-Products,P. delaneyi Ferrihydrite heat-no cells anoxically dried ,Kashyap, Srishti,80.0
15041605,Simple Oxides,Oxide,Hematite, synthetic, nanophase HEM022015,Sklute, Elizabeth,295.0
00042904,Double-Width Unbranched Chains W=2,Amphibole,Dyar Grunerite 1-K  T=260K V3 WEB Res. Co. tk,Grant, Christopher,260.0
06121903,Sheets of Six-Membered Rings,Smectite,Nontronite Sampor smectite JB-175 ,Bishop, Janice,12.0
04041501,Hydrated Acid and Sulfates,Sulfate,Szomolnokite 560,Dyar, Darby,20.0
07092601,Simple Oxides,Oxide,Ferrihydrite JA-499 Iceland,Bishop, Janice,30.0
k21dch,Sheets of Six-Membered Rings,Chlorite,21-D USGS Chlorite 4mil 5-7-91,Dyar, Darby,295.0
15110501,Simple Oxides,Oxide,Maghemite, synthetic, nanophase MAGH061815,Sklute, Elizabeth,6.0
07051104,Single-Width Unbranched Chains W=1,Pyroxene,Pyroxene, synthetic Wo40En30Fs30 079,Lindsley, Donald,125.0
20070902,Sheets of Six-Membered Rings,Talc,Gunter Talc #129, CT_tiretalc, Univ. of Idaho,Gunter, Mickey,295.0
10111503,N/A,Biogeochemical Mineralogical By-Products,Islandicum inoculated 11-08-2010,Holden, Jim,275.0
11033005,Simple Oxides,Oxide,MaghemiteVI.4 12nm,Nyiro-Kosa, Ilona,45.0
17021801,Simple Oxides,Oxide,Hematite GM,Helbert, Joern,295.0
c1623,Sheets of Six-Membered Rings,Mica,Guidotti Biotite 16-8-23-60 2mil 5-29-88,Guidotti, Charles,295.0
fhspa9a,Insular SiO4 Groups and O, OH, F, and H2O,Staurolite,Holdaway Staurolite 82TP9A 2mil 5-3-89,Holdaway, Michael,295.0
05102503,Insular SiO4 Groups Only,Olivine,Olivine, synthetic Fo20 Zhou,Lindsley, Donald,150.0
06071903,Insular SiO4 Groups Only,Garnet,Garnet standard mix 50:50 wt almandine -- andradite,Dyar, Darby,295.0
10101801,N/A,Terrestrial Samples,Sandstone South Timbalier sample 8 Unreacted,Schoonen, Martin,295.0
11100502,N/A,Terrestrial Samples,Dolerite MS10_BV_04_int Beacon Valley, Antarctica no acetone,Salvatore, Mark,295.0
04061001,Anhydrous Sulfates Containing Hydroxyl or Halogen,Sulfate,Tochilinite TOC 101,Dyar, Darby,20.0
20052101,Sheets of Six-Membered Rings,Talc,Gunter Talc #53, NOR_169, Univ. of Idaho,Gunter, Mickey,295.0
15073001,Insular SiO4 Groups Only,Olivine,Olivine KI-3054 Fo66.4 EMP standard Kiglaplait,Morse, S. A.,295.0
11031001,Simple Oxides,Oxide,Magnetite III.1 70nm,Nyiro-Kosa, Ilona,12.0
18110101,Sheets of Six-Membered Rings,Talc,Gunter Talc #23, IT_Paola_Scop, Univ. of Idaho,Gunter, Mickey,295.0
05090701,N/A,Fulgurite,Fulgurite Monohans Texas sand MS2,Sheffer, Abigail,295.0
16101901,Simple Oxides,Oxide,Hematite, synthetic, nanophase HEM030216,Sklute, Elizabeth,295.0
11070706,N/A,Industrial Samples,Coal Fly Ash Sample T Fe6+,Fan, Mahoung,225.0
15121401,Simple Oxides,Oxide,Ferrihydrite FH-40-1-A,Dehouck, Erwin,7.0
fbd1hb,Double-Width Unbranched Chains W=2,Amphibole,Dish Hill Ba-2-1 D-1 Hb 3mil 5-14-89,McGuire, Anne,295.0
15090301,N/A,Biogeochemical Mineralogical By-Products,Islandicum 8-15 Wet Ferrihydrite FH Initial Control,Holden, Jim,6.0
03011001,Insular SiO4 Groups Only,Olivine,Olivine Nahkla,Dyar, Darby,295.0
13031505,Hydrated Sulfates Containing Hydroxyl or Halogen,Sulfate,Amarantite G3775 Los Pintados, Chile,Dyar, Darby,175.0
11031904,Simple Oxides,Oxide,Magnetite V.2,Nyiro-Kosa, Ilona,100.0
15070302,N/A,Biogeochemical Mineralogical By-Products,Islandicum KPO4 buffer control final,Holden, Jim,150.0
20102401,N/A,Terrestrial Samples,AX17 Bioreduced Akaganeite heat + cells (1),Elizabeth Sklute,150.0
12061201,N/A,Biogeochemical Mineralogical By-Products,Roane_3 July 2011 inoculated + incubated until stationary phase,Holden, Jim,295.0
12051603,N/A,Industrial Samples,Coal fly ash 3% Fe coal devolatilized 800C + 10 min H2O,Fan, Maohong,4.0
v2e1k6,Sheets of Six-Membered Rings,Mica,Spike Muscovite E1K-64 36.25 16mil 3-13-95,Berry, Spike,295.0
07123001,Single-Width Unbranched Chains W=1,Pyroxene,Pyroxene, synthetic Wo30En28Fs42 068,Lindsley, Donald,125.0
jvwsk9,Sheets of Six-Membered Rings,Mica,Phlogopite SK-9 Leucite Hills, WY 122mil 1-14-91,unknown,295.0
upmp98,Insular, Mixed, Single, and Larger Tetrahedral Groups,Pumpellyite,11898 Pumpellyite 46.36 6mil 8-26-94,Voci, Christopher,295.0
uhs46t,Six-Membered Rings,Tourmaline,Davis Gulch #12146 Tourmaline 30.66 14mil 9-19-94,Dyar, Darby,295.0
03092901,Al-Si Frameworks,Feldspar,Feldspar Bushveld BS1,Tegner, Christian,295.0
04111001,Sheets of Six-Membered Rings,Mica,Biotite Michigan HF-11,Dyar, Darby,295.0
18101801,N/A,Terrestrial Samples,Lake Towuti Sediment RSo266,Sheppard, Rachel,295.0
10122701,Al-Si Frameworks,Feldspar,Feldspar, plagioclase PL-15,Cheek, Leah,295.0
13090501,Unbranched Chains with W>2,Smectite,Saponite, shocked SapCa-2 35.0 GPa,Michalski, Joe,295.0
04110501,Multiple Oxides,Multiple Oxide,Spinel SS-9,Choi, Sung Hi,295.0
03120901,Simple Oxides,Oxide,Magnetite JB-307,Bishop, Janice,140.0
05120605,Insular SiO4 Groups Only,Olivine,Olivine, synthetic Fo40 Zhou,Lindsley, Donald,20.0
13070303,Multiple Oxides,Multiple Oxide,Spinel FeSp8-2 Brown U.,Cheek, Leah,295.0
03063003,Simple Oxides,Oxide,Hematite, synthetic ,Dyar, Darby,70.0
07121005,Single-Width Unbranched Chains W=1,Pyroxene,Pyroxene, synthetic Wo20En32Fs48 057,Lindsley, Donald,250.0
02050301,Double-Width Unbranched Chains W=2,Amphibole,Holmquisite ,Law, Tony,280.0
q0j73a,Sheets of Six-Membered Rings,Mica,Guidotti Muscovite 0-J-73 zone 7' 48mil 12-23-92,Guidotti, Charles,295.0
15061701,N/A,Meteorite,Meteorite Murray,Hibbitts, Karl,295.0
02032101,Al-Si Frameworks,Feldspar,Plagioclase Bushveld B25,Tegnar, Christian,295.0
04081701,Sulfides, including Selenides and Tellurides,Sulfide,Mackinawite Hitura Finland,Dyar, Darby,295.0
19080504,Anhydrous Sulfates Containing Hydroxyl or Halogen,Jarosite,253A Na-jarosite mix Alian Wang #2,Alian Wang,295.0
jhl39c,Insular SiO4 Groups Only,Olivine,Harrell Olivine Ep-3-139C 13mil 9-20-90,McGuire, Anne,295.0
04050802,N/A,Terrestrial Samples,Basalt JB-394-A Haleakala,Bishop, Janice,12.0
13062801,Sheets of Six-Membered Rings,Kaolinite-Serpentine,Serpentine PHL_PB_5, A. URI,Stander, Amy,295.0
16112901,Insular SiO4 Groups Only,Olivine,Olivine EP-3-72,Dyar, Darby,295.0
15032104,N/A,Biogeochemical Mineralogical By-Products,Sully March innoculation time point 0, series C (control) no acetone,Holden, Jim,295.0
xum008d,Six-Membered Rings,Tourmaline,Tait Farm #32008 Dravite Tourmaline 49.86 3mil 9-20-94,Dyar, Darby,295.0
05072101,Six-Membered Rings,Tourmaline,Schorl BLS Blacherleitengraben Lower Austria,Ertl, Andreas,295.0
07050404,Single-Width Unbranched Chains W=1,Pyroxene,Pyroxene, synthetic En40Fs60 with metal blebs 005A ,Lindsley, Donald,30.0
11050201,Hydrated Phosphates, Arsenates, and Vanadates containing Hydroxyl or Halogen,Phosphate,Stewartite DD288,Dyar, Darby,295.0
vfsh16,N/A,Industrial Samples,Fly Ash 91916 SN 13.73 8mil 11-22-94,unknown,295.0
14101601,N/A,Terrestrial Samples,Core U1430B 4-5-5 WHOI ash,Gosan, Liviu,295.0
crac1,Sheets of Six-Membered Rings,Mica,Guidotti Biotite Ra-C1-66 1mil 5-25-88,Guidotti, Charles,295.0
r2p1bt,Sheets of Six-Membered Rings,Mica,Guidotti Biotite BP-1 Songo Plulon 55mil 6-29-93,Guidotti, Charles,295.0
04092102,Insular SiO4 Groups Only,Olivine,Olivine, irradiated MSB 1,Bentley, Mark,295.0
18013102,Anhydrous Borates,Phosphate,Vonsenite John Hughes,Dyar, Darby,80.0
15110901,Simple Oxides,Oxide,Maghemite, synthetic, nanophase MAGH061815,Sklute, Elizabeth,295.0
15082303,N/A,Biogeochemical Mineralogical By-Products,Islandicum 8-15 Dry Ferrihydrite FH Final A,Holden, Jim,150.0
10062201,N/A,Mixtures,Forsterite -- Nontronite 90:10 mix JB-963,Bishop, Janice,295.0
09102901,N/A,Hydroxide,Ferrihydrite, Fe Gel, dehydrated,Holden, Jim,12.0
05082502,Anhydrous Sulfates Containing Hydroxyl or Halogen,Alunite,Jarosite, synthetic 2B heated to 300C,Brophy, Gerald,145.0
20050401,Sheets of Six-Membered Rings,Talc,Gunter Talc #31, SPA_100, Univ. of Idaho,Gunter, Mickey,295.0
10121503,Simple Oxides,Oxide,Ferrihydrite, nanophase 1GOE 07-2010,Bosch, Julian,8.0
07032302,Sheets of Six-Membered Rings,Mica,Annite Cape Ann,Burns, Roger,100.0
06011501,Single-Width Unbranched Chains W=1,Pyroxene,Pyroxene, synthetic En8Fs92A 021A,Lindsley, Donald,295.0
12040502,Simple Oxides,Oxide,Ilmenite 20724JB 1-05,Riner, Miriam,130.0
19050601,N/A,Terrestrial Samples,HM Mount Syenite DLR Dyar-Rutherford,Dyar, Darby,295.0
tpw15c,Sheets of Six-Membered Rings,Kaolinite-Serpentine,O'Hanley Chrysotile W15 Picrolite 100mil 4-18-94,O'Hanley, David,295.0
11060401,N/A,Terrestrial Samples,Oil sand MS,Osacky, Marek,295.0
07052504,Double-Width Unbranched Chains W=2,Amphibole,Kaersutite DL-7,Dyar, Darby,24.0
14081201,N/A,Glass,Glass, synthetic DAC-6 CO2,McCanta, Molly,295.0
18080101,Double-Width Unbranched Chains W=2,Amphibole,Anthophyllite M.239,Law, Tony,295.0
03111001,Simple Oxides,Oxide,Ferrihydrite 956214 Smedley's Iron Mine,Dyar, Darby,12.0
05112203,Insular SiO4 Groups Only,Olivine,Olivine, synthetic Fo60 Hartzman,Lindsley, Donald,40.0
06040601,Double-Width Unbranched Chains W=2,Amphibole,Amphibole CL-5 Cloata,King, Penny,295.0
11031301,Simple Oxides,Oxide,Magnetite V.1 62nm,Nyiro-Kosa, Ilona,175.0
10032701,Simple Oxides,Oxide,Ferrihydrite 7 DB3 fine >74,Estes, Emily,295.0
10103003,Simple Oxides,Oxide,Ferrihydrite, nanophase 1GOE 06-2008,Bosch, Julian,100.0
09090401,N/A,Terrestrial Samples,Basalt Mid-Atlantic Ridge 225-1,Reynolds, Valerie,295.0
07120306,Single-Width Unbranched Chains W=1,Pyroxene,Pyroxene, synthetic Wo30En35Fs35 073,Lindsley, Donald,250.0
15123001,N/A,Biogeochemical Mineralogical By-Products,Sully Wet Ferrihydrite FH C FROZEN,Holden, Jim,7.0
03120201,Simple Oxides,Oxide,Ferrihydrite JB-564 Czech 5005-1,Bishop, Janice,245.0
15040501,N/A,Terrestrial Samples,Core U1427B 2-2-70 WHOI,Gosan, Liviu,250.0
16052402,N/A,Industrial Samples,Coal fly ash 3Na-1Fe 10C-mm 700C Py 30mm coal Bang Xu,Fan, Maohong,295.0
13091202,N/A,Miscellaneous,Green Tea A 2Fe:1GT disc mount,Oakes, Jacqueline,80.0
10022701,Simple Oxides,Oxide,Ferrihydrite 1 DB seep surf 2,Estes, Emily,295.0
07060105,Double-Width Unbranched Chains W=2,Amphibole,Kaersutite Fa-86-1,Dyar, Darby,45.0
ub47gr,Six-Membered Rings,Tourmaline,Blk.Mtn.Pegmatite BMT-47 Green Tourmaline 51-01 9mil 10-4-94,Dyar, Darby,295.0
16120101,Insular SiO4 Groups Only,Olivine,Fayalite NMNH 135841, Sweden,Dyar, Darby,295.0
05022101,Anhydrous Sulfates Containing Hydroxyl or Halogen,Sulfate,Melanterite 156925,Dyar, Darby,295.0
10102701,Single-Width Unbranched Chains W=1,Pyroxene,Orthopyroxene #2 Treated at 700C 7GPa 4 days,Taran, Michail,295.0
05102403,Insular SiO4 Groups Only,Olivine,Olivine, synthetic Fo20 Zhou,Lindsley, Donald,225.0
edst05,Insular SiO4 Groups and O, OH, F, and H2O,Staurolite,Dutrow Staurolite FeLi-275-2 4mil 11-25-88,Dutrow, Barbara,295.0
14110301,Six-Membered Rings,Tourmaline,Tourmaline, dravite 800 C 8h + 900 C 3h Tanzania,Taran, Michail,295.0
13070804,Sheets of Six-Membered Rings,Kaolinite-Serpentine,Serpentine CSWI 28C-A URI,Stander, Amy,295.0
12032801,N/A,Glass,Glass, synthetic Fayalite-Ar,Lazareva, Lena,295.0
02081001,N/A,Meteorite,Meteorite Chassigny USNM 624 whole rock,Dyar, Darby,295.0
15120402,Simple Oxides,Oxide,Magnetite, synthetic, nanophase MAG041415 cation deficient,Sklute, Elizabeth,220.0
10090802,N/A,Biogeochemical Mineralogical By-Products,Roane 8-19-10 mounted dry,Holden, Jim,141.0
10091302,N/A,Biogeochemical Mineralogical By-Products,Hyperthermus butylicus log growth 8-19-10 mounted dry,Holden, Jim,57.0
15042201,Simple Oxides,Oxide,Ferrihydrite, synthetic air dried 2-3-15,Sklute, Elizabeth,295.0
03060301,Simple Oxides,Oxide,Hemo-ilmenite 039-2,McEnroe, Suzanne,295.0
s252bt,Sheets of Six-Membered Rings,Mica,Guidotti Biotite 82-52 Songo 11mil 10-13-93,Guidotti, Charles,295.0
19063001,N/A,Terrestrial Samples,Blood falls sample ES26 air dried sediment mostly sample,Mikucki, Jill,80.0
09082701,N/A,Terrestrial Samples,Basalt Mid-Atlantic Ridge 182-1,Reynolds, Valerie,295.0
08050801,Hydrated Sulfates Containing Hydroxyl or Halogen,Sulfate,Copiapite,Coleman, Max,295.0
14122801,Insular SiO4 Groups Only,Olivine,Olivine Globe cooled 100K Dosed CO2 heated 630K,Izenberg, Noam,295.0
10090201,Hydroxides and Oxides Containing Hydroxyl,Hydroxide,Goethite, nanophase C1 07-20-10 m.08-23-10,Tosca, Nick,25.0
usp235,Insular SiO4 Groups Only,Olivine,Spinel Peridotite Olv. Ki-5-235 104.11 10mil 7-13-94,McGuire, Anne,295.0
15080301,Insular SiO4 Groups Only,Olivine,Monticellite NMNH 79051-2 Magnet Cove, AR,Dyar, Darby,295.0
03080701,Simple Oxides,Oxide,Ferrihydrite, synthetic JB-46 (RBG-Sherman) <45mm ,Bishop, Janice,20.0
05120405,Insular SiO4 Groups Only,Olivine,Olivine, synthetic Fo40 Zhou,Lindsley, Donald,225.0
uh061t,Six-Membered Rings,Tourmaline,Harvard Sample #44061 Tourmaline 42.43 14mil 9-27-94,Dyar, Darby,295.0
02011901,Al-Si Frameworks,Feldspar,Anorthite Fe2+ ,Housely, Robert,12.0
20072201,Sheets of Six-Membered Rings,Talc,Gunter Talc #124, CT_BP_RicetteNaturali, Univ. of Idaho,Gunter, Mickey,295.0
07060304,Single-Width Unbranched Chains W=1,Pyroxene,Pyroxene, synthetic Wo30En17.5F252.5 066,Lindsley, Donald,250.0
16111701,Insular SiO4 Groups Only,Olivine,Olivine EP-3-44,Dyar, Darby,295.0
r2gb41,Sheets of Six-Membered Rings,Mica,Guidotti Muscovite O-B-41 146mil 7-12-93,Guidotti, Charles,295.0
11072606,Hydrated Phosphates, Arsenates, and Vanadates containing Hydroxyl or Halogen,Phosphate,Vivianite DD311,Dyar, Darby,295.0
11041903,Anhydrous Normal Phosphates, Arsenates, and Vanadates,Phosphate,Purpurite DD270,Dyar, Darby,295.0
09050901,Simple Oxides,Oxide,Wustite, synthetic D intermediate very slightly magnetic,Lindsley, Donald,175.0
06100201,Double-Width Unbranched Chains W=2,Amphibole,Amphibole fibers Libby, MT Harvard #1,Gunter, Mickey,295.0
12021301,Sheets of Six-Membered Rings,Smectite,Smectite SCB-5c bulk rock,Harding, Sherie,295.0
06121201,Sheets of Six-Membered Rings,Mica,Zinnwaldite ZW-C GIT-IWG,Dyar, Darby,12.0
15032402,N/A,Biogeochemical Mineralogical By-Products,Sully March innoculation time point 5, series C no acetone,Holden, Jim,295.0
05010901,Anhydrous Sulfates Containing Hydroxyl or Halogen,Sulfate,Romerite SPT 110,Cloutis, Edward,230.0
07060407,Single-Width Unbranched Chains W=1,Pyroxene,Pyroxene, synthetic Wo30En17.5F252.5 066,Lindsley, Donald,45.0
07011903,Hydrated Acid and Sulfates,Sulfate,Dietrichite G2423 Romanian,Dyar, Darby,295.0
12030601,Hydroxides and Oxides Containing Hydroxyl,Hydroxide,Lepidocrocite, synthetic JB-56,Bishop, Janice,4.0
01103101,Simple Oxides,Oxide,Hemo-ilmenite 1004.01.5,McEnroe, Suzanne,295.0
06032801,Double-Width Unbranched Chains W=2,Amphibole,Amphibole Libby, MT Harvard ID,Gunter, Mickey,295.0
16052901,N/A,Industrial Samples,Coal fly ash 4Fe 700C Py 30mm coal Bang Xu,Fan, Maohong,295.0
11071402,N/A,Biogeochemical Mineralogical By-Products,Roane July 2011, inoculated + incubated 92C 100h,Holden, Jim,295.0
13121601,N/A,Glass,Glass, synthetic BAS-3 IW,McCanta, Molly,295.0
07031701,Six-Membered Rings,Tourmaline,Tourmaline BLSC,Ertl, Andreas,295.0
06040201,Double-Width Unbranched Chains W=2,Amphibole,Amphibole Libby, MT Pally I,Gunter, Mickey,295.0
04040401,Anhydrous Sulfates Containing Hydroxyl or Halogen,Sulfate,Melanterite SPT 130,Cloutis, Edward,120.0
09060801,Insular SiO4 Groups Only,Olivine,Olivine, Meteorite Y 984028 interior,Dyar, Darby,295.0
06062401,Single-Width Unbranched Chains W=1,Pyroxene,Pyroxene, shocked MPX6,McCanta, Molly,295.0
07042801,Insular SiO4 Groups Only,Olivine,Olivine, synthetic Fo70 New,Lindsley, Donald,30.0
11092001,N/A,Biogeochemical Mineralogical By-Products,Roane old sample inoculated + incubated at 92°C until stationary phase,Holden, Jim,295.0
05120503,Insular SiO4 Groups Only,Olivine,Olivine, synthetic Fo40 Zhou,Lindsley, Donald,125.0
13050801,N/A,Miscellaneous,Green Tea 1Fe:2GT mounted dry,Oakes, Jacqueline,295.0
18042902,N/A,Biogeochemical Mineralogical By-Products,P. Islandicum Ferrihydrite heat + cells anoxically dried ,Kashyap, Srishti,220.0
tam016,Sheets of Six-Membered Rings,Mica,Ort Andean AMO-16 Biotite 20mil 3-17-94,Ort, Michael,295.0
06072202,Anhydrous Sulfates Containing Hydroxyl or Halogen,Alunite,Natrojarosite NAJ 6-1 Fe2.35 UC Davis,Bishop, Janice,295.0
fmu104,Sheets of Six-Membered Rings,Mica,Hunt Valley Muscovite HV-104 5mil 4-22-89,Lang, Helen,295.0
13041603,Hydrated Acid and Sulfates,Sulfate,Coquimbite G2677,Dyar, Darby,295.0
fbt116,Sheets of Six-Membered Rings,Mica,Hunt Valley Biotite HV-116 2mil 2-21-89,Lang, Helen,295.0
07040601,Single-Width Unbranched Chains W=1,Pyroxene,Pyroxene, synthetic Wo10En63Fs27 010,Lindsley, Donald,275.0
10091004,N/A,Biogeochemical Mineralogical By-Products,Roane 8-19-10 mounted dry,Holden, Jim,9.0
pt1046,Sheets of Six-Membered Rings,Mica,Zhou Annite T104-6 31mil 7-21-92,Zhou, Fuxing,295.0
07042909,Single-Width Unbranched Chains W=1,Pyroxene,Pyroxene, synthetic En17Fs83C 024,Lindsley, Donald,80.0
11042603,Hydrated Normal Phosphates, Arsenates, and Vanadates,Phosphate,Ludlamite DD219,Dyar, Darby,295.0
05120602,Insular SiO4 Groups Only,Olivine,Olivine, synthetic Fo40 Zhou,Lindsley, Donald,55.0
05110603,Insular SiO4 Groups Only,Olivine,Olivine, synthetic Fo50,Lindsley, Donald,250.0
r29bbt,Sheets of Six-Membered Rings,Mica,Guidotti Biotite SBG-9 16mil 8-9-93,Guidotti, Charles,295.0
w4c289,Single-Width Unbranched Chains W=1,Pyroxene,Peridotite H299-28 CPX 52.00 17mil 6-19-95,McGuire, Anne,295.0
02040101,Al-Si Frameworks,Feldspar,Anorthite 57Fe Fe3+ ,Housely, Robert,25.0
16111101,N/A,Industrial Samples,Coal fly ash 4Fe 700C Py 30mm coal Bang Xu,Fan, Maohong,4.0
07031001,Sheets of Six-Membered Rings,Mica,Biotite S94,Seaman, Sheila,295.0
11032802,Simple Oxides,Oxide,Maghemite VI.2 100nm,Nyiro-Kosa, Ilona,200.0
21062401,Double-Width Unbranched Chains W=2,Amphibole,HASTZ-50M1 SUNY Bing,J. Matteucci,295.0
jhc39b,Single-Width Unbranched Chains W=1,Pyroxene,Harrell Clinopyroxene Ep-3-139B 56mil 10-5-90,McGuire, Anne,295.0
05091501,N/A,Meteorite,Meteorite 2737 NWA whole rock >125mm,Pieters, Carle,21.2
15041504,Hydroxides and Oxides Containing Hydroxyl,Hydroxide,Goethite, synthetic, nanophase GOET012315,Sklute, Elizabeth,220.0
18012802,N/A,Biogeochemical Mineralogical By-Products,P. islandicum Akaganeite heat-no cells anoxically dried,Kashyap, Srishti,150.0
13072601,N/A,Glass,Glass, synthetic BAS-1 QFM,McCanta, Molly,295.0
02040301,Al-Si Frameworks,Feldspar,Anorthite 57Fe Fe3+ ,Housely, Robert,40.0
13042301,Hydrated Sulfates Containing Hydroxyl or Halogen,Sulfate,Fibroferrite SPT 121,Cloutis, Edward,8.0
18012201,N/A,Terrestrial Samples,Lake Towuti Sediment RS0097 Brown Univeristy,Sheppard, Rachel,295.0
03012201,N/A,Terrestrial Samples,Rock RSI-7,Brown, Laurie,295.0
10061801,N/A,Mixtures,Forsterite -- Magnesite 75:25 mix JB-956,Bishop, Janice,295.0
12021502,N/A,Biogeochemical Mineralogical By-Products,Roane-Sully 2, Fe gel media uninoculated + incubated 92C overnight, prepared Dec 2011 ,Holden, Jim,80.0
15021601,N/A,Terrestrial Samples,Ocean sediment KN223-S10-LC1-S10-0-10 BU,Anderson, Chloe,295.0
07103001,Insular SiO4 Groups Only,Garnet,Garnet, grossular 103089 marble layer intercalated in metapelites, Phippsburg, ME,Dyar, Darby,295.0
09031001,Sheets of Six-Membered Rings,Kaolinite-Serpentine,Antigorite Uehara N7,Evans, Bernard,295.0
16080801,Sheets of Six-Membered Rings,Mica,Biotite 44A,Bucholz, Claire,295.0
04120302,Insular SiO4 Groups Only,Olivine,Olivine, synthetic Fo30 ,Lindsley, Donald,50.0
cm159,Sheets of Six-Membered Rings,Mica,Sarambi Mica M162-159' 6mil 4-25-88,unknown,295.0
18101001,N/A,Terrestrial Samples,Lake Towuti Sediment RS0250 Brown University,Sheppard, Rachel,130.0
04052401,N/A,Terrestrial Samples,Basalt JB-397-A Haleakala,Bishop, Janice,12.0
14020801,Anhydrous Sulfates Containing Hydroxyl or Halogen,Sulfate,Amorphous ferrous sulfate 012814Fe2v,Sklute, Elizabeth,295.0
05122701,N/A,Fulgurite,Fulgurite Sugarland TX glass,Sheffer, Abigail,295.0
14120801,Simple Oxides,Oxide,Ulvospinel Usp80Mt20(mol) 10-13-79 from 9-27-79 Mix,Lindsley, Donald,295.0
05050201,Simple Oxides,Oxide,Hematite UT97-20A Ext Mars,Chan, Marjorie,295.0
05072502,Single-Width Unbranched Chains W=1,Pyroxene,Pyroxene MPYX starting sample,McCanta, Molly,295.0
neox2b,Sheets of Six-Membered Rings,Mica,Earley CuBiFeOx-2 Biotite 19mil 5-7-92,Earley, Drummond,295.0
19110101,N/A,weathered steel,MN 62861 #6,None,4.0
r253bt,Sheets of Six-Membered Rings,Mica,Guidotti Biotite 82-53 59mil 6-19-93,Guidotti, Charles,295.0
kst07l,Insular SiO4 Groups Only,Olivine,Mackwell Olivine 1400C 10^-.71atm 4hrs 14mil 5-24-91,Mackwell, Steve,295.0
10080703,N/A,Biogeochemical Mineralogical By-Products,Islandicum grown 6-18-10 dried anaerobically 7-15-10,Holden, Jim,24.0
07112508,Single-Width Unbranched Chains W=1,Pyroxene,Pyroxene, synthetic En80Fs20 012,Lindsley, Donald,60.0
11051501,N/A,Glass,Glass, synthetic Gardner 1017A,Gardner, Jim,295.0
jhr23a,Sheets of Six-Membered Rings,Chlorite,Harper R23a 8mil 1-18-91,Harper, Greg,295.0
09102802,N/A,Hydroxide,Ferrihydrite, Fe Gel, dehydrated,Holden, Jim,4.0
07042202,Single-Width Unbranched Chains W=1,Pyroxene,Pyroxene, synthetic Wo50En0Fs50,Lindsley, Donald,60.0
07032203,Sheets of Six-Membered Rings,Mica,Annite Cape Ann,Burns, Roger,175.0
07122304,Single-Width Unbranched Chains W=1,Pyroxene,Pyroxene, synthetic Wo20En40Fs40 051,Lindsley, Donald,4.0
07113008,Single-Width Unbranched Chains W=1,Pyroxene,Pyroxene, synthetic Wo20En56Fs24 019,Lindsley, Donald,30.0
psp3b0,Insular SiO4 Groups Only,Olivine,Spinel Peridotite H30-64 Olivine 16mil 6-19-92,McGuire, Anne,295.0
07050801,Single-Width Unbranched Chains W=1,Pyroxene,Pyroxene, synthetic Wo30En49Fs21 067,Lindsley, Donald,60.0
11040401,Simple Oxides,Oxide,Magnetite V.1 62nm,Nyiro-Kosa, Ilona,295.0
12031401,Simple Oxides,Oxide,Wustite, synthetic A Fe-saturated,Lindsley, Donald,130.0
09090101,N/A,Terrestrial Samples,Basalt Mid-Atlantic Ridge 246-1,Reynolds, Valerie,295.0
07040603,Single-Width Unbranched Chains W=1,Pyroxene,Pyroxene, synthetic Wo10En63Fs27 010,Lindsley, Donald,225.0
12050801,N/A,Biogeochemical Mineralogical By-Products,Chimney Ba 08-1 4438 8-21-08,Holden, Jim,200.0
15081902,N/A,Biogeochemical Mineralogical By-Products,Sully 7-15 Dry Ferrihydrite FH Final A ,Holden, Jim,220.0
10121205,Simple Oxides,Oxide,Ferrihydrite, nanophase 1GOE 07-2010,Bosch, Julian,200.0
00091501,Sheets of Six-Membered Rings,Mica,Glauconite Hurricane Mountain, NH,Dyar, Darby,295.0
16092102,Hydroxides and Oxides Containing Hydroxyl,Hydroxide,Goethite, synthetic, nanophase GOET030216 freeze dried,Sklute, Elizabeth,150.0
v2b471,Double-Width Unbranched Chains W=2,Amphibole,Barnes Hornblende MMB-471 51.25 8mil 3-27-95,Barnes, Calvin,295.0
19070701,N/A,Terrestrial Samples,Blood falls sample ES27 air dried sediment mostly sample,Mikucki, Jill,220.0
04110401,Multiple Oxides,Multiple Oxide,Spinel SS-31,Choi, Sung Hi,295.0
03112403,Simple Oxides,Oxide,Ferrihydrite JB-564 Czech 5005-1,Bishop, Janice,50.0
11032303,Simple Oxides,Oxide,Maghemite VI.1 70nm,Nyiro-Kosa, Ilona,30.0
07111402,Single-Width Unbranched Chains W=1,Pyroxene,Pyroxene, synthetic En90 Fs10GDL-CMP-065,Lindsley, Donald,175.0
03062501,Simple Oxides,Oxide,Hematite,Dyar, Darby,295.0
18061601,N/A,Biogeochemical Mineralogical By-Products,Ice Mamba M1-2 Blood Falls culture, dead cell control, ferrihydrite, anoxically dried ,Mickuchi, Jill,5.0
bbkg,Insular SiO4 Groups Only,Garnet,Bestland Kenya Garnet 1mil 11-27-87,Bestlank, Erick,295.0
10080702,N/A,Biogeochemical Mineralogical By-Products,Islandicum grown 6-18-10 dried anaerobically 7-15-10,Holden, Jim,18.0
11032202,Simple Oxides,Oxide,Maghemite VI.1 70nm,Nyiro-Kosa, Ilona,4.0
07061105,Single-Width Unbranched Chains W=1,Pyroxene,Pyroxene, synthetic Wo10En45Fs45 009,Lindsley, Donald,250.0
04092401,Insular SiO4 Groups Only,Olivine,Olivine, irradiated MSB 4,Bentley, Mark,295.0
12082902,Sheets of Six-Membered Rings,Clay,Clay VA22 1144-1145,Michalski, Joe,295.0
07070501,Sheets of Six-Membered Rings,Pyrophyllite-Talc,Talc FTA-4-R1 J.C.C. 3-24-06,Jenkins, David,295.0
06112001,Sheets of Six-Membered Rings,Mica,Celadonite (freeze-dried) Red Rx Canyon, CA,Graham, R.C.,295.0
jgmj65,Sheets of Six-Membered Rings,Mica,Guidotti Muscovite o-j-65 57mil 1-29-91,Guidotti, Charles,295.0
04101901,N/A,Glass,Glass, space-weathered S6256r,Noble, Sarah,295.0
13041101,Hydroxides and Oxides Containing Hydroxyl,Hydroxide,Schwertmannite VZO 119-120 Nagyborzsony, Hungary,Bishop, Janice,130.0
07050406,Single-Width Unbranched Chains W=1,Pyroxene,Pyroxene, synthetic En40Fs60 with metal blebs 005A ,Lindsley, Donald,18.0
17052601,Double-Width Unbranched Chains W=2,Amphibole,Tschermakite,Harper, Martin,300.0
16081501,Insular SiO4 Groups Only,Olivine,Olivine San Carlos LT75 um 10 mins 0.2626g,Gillis-Davis, Jeff,295.0
04021301,Six-Membered Rings,Tourmaline,Tourmaline KTV-2,Oyman, Tolga,295.0
04072301,Insular SiO4 Groups Only,Olivine,Olivine, synthetic Fo80,Menzies, Olywn,75.0
04062303,Anhydrous Sulfates Containing Hydroxyl or Halogen,Sulfate,Romerite SPT 110,Cloutis, Edward,170.0
02050501,Double-Width Unbranched Chains W=2,Amphibole,Holmquisite ,Law, Tony,295.0
07121405,Single-Width Unbranched Chains W=1,Pyroxene,Pyroxene, synthetic Wo40En24Fs36 071,Lindsley, Donald,30.0
06080606,Anhydrous Sulfates Containing Hydroxyl or Halogen,Alunite,Jarosite, synthetic T15,Tosca, Nick,295.0
05110203,Insular SiO4 Groups Only,Olivine,Olivine, synthetic Fa10.5,Nabalek, Peter,55.0
13042304,Hydrated Sulfates Containing Hydroxyl or Halogen,Sulfate,Fibroferrite SPT 121,Cloutis, Edward,100.0
20042801,Sheets of Six-Membered Rings,Talc,Gunter Talc #21, FIN_NKarelia_95, Univ. of Idaho,Gunter, Mickey,295.0
ilm549,Sheets of Six-Membered Rings,Mica,Lee-Guidotti Muscovite 549 118mil 3-27-90,Guidotti, Charles,295.0
16022201,N/A,Biogeochemical Mineralogical By-Products,Sully Su06 Dry Ferrihydrite FH B 2-12-16 ,Holden, Jim,80.0
15060601,Simple Oxides,Oxide,Hematite MOD22_22 magnetic separates,McEnroe, Suzanne,55.0
hsc0150,Insular SiO4 Groups Only,Olivine,Freund S.C. Olivine 1hr, 500degrees celsius 4mil 9-13-89,Freund, Friedemann,773.0
15041802,Simple Oxides,Oxide,Lepidocrocite, synthetic, nanophase LEP030415,Sklute, Elizabeth,80.0
12041501,Simple Oxides,Oxide,Wustite, synthetic BB2,Lindsley, Donald,130.0
10082801,Hydroxides and Oxides Containing Hydroxyl,Hydroxide,Goethite, nanophase C1 07-20-10 m.08-23-10,Tosca, Nick,116.0
07082301,Insular SiO4 Groups Only,Garnet,Garnet, almandine AK97-2a Barton Mine, Pit 1, garnet amphibolite, Gore Mountain, NY,Dyar, Darby,295.0
10061901,N/A,Mixtures,Forsterite -- Magnesite 25:75 mix JB-954,Bishop, Janice,295.0
15012602,Simple Oxides,Oxide,Magnetite Martine Mudtank, N.T.,Hanchar, John,295.0
04102602,Double-Width Unbranched Chains W=2,Amphibole,Amphibole P-ZA,Lupulescu, Marian,295.0
11102401,Hydrated Phosphates, Arsenates, and Vanadates containing Hydroxyl or Halogen,Phosphate,Robertsite DD227,Dyar, Darby,295.0
18053101,N/A,Industrial Samples,Kan Li #2,Li ,Kan,295.0
10091001,N/A,Biogeochemical Mineralogical By-Products,Roane 8-19-10 mounted dry,Holden, Jim,24.0
07120504,Single-Width Unbranched Chains W=1,Pyroxene,Pyroxene, synthetic Wo30En35Fs35 073,Lindsley, Donald,12.0
15081903,N/A,Biogeochemical Mineralogical By-Products,Sully 7-15 Dry Ferrihydrite FH Final A ,Holden, Jim,295.0
09092801,N/A,Biogeochemical Mineralogical By-Products,Fe gel 9-24-09,Holden, Jim,295.0
06080903,Double-Width Unbranched Chains W=2,Amphibole,Amphibole LC #6,Righter, Kevin,295.0
07041008,Single-Width Unbranched Chains W=1,Pyroxene,Pyroxene, synthetic Wo5En47.5Fs47.5 012,Lindsley, Donald,30.0
08051701,Sheets of Six-Membered Rings,Mica,Biotite T01-54,Evans, Katie,295.0
16043004,Simple Oxides,Oxide,Ferrihydrite, reacted SG FH-150-1-A,Dehouck, Erwin,295.0
07122707,Single-Width Unbranched Chains W=1,Pyroxene,Pyroxene, synthetic Wo50En15Fs35 037,Lindsley, Donald,200.0
02122201,N/A,Terrestrial Samples,Acid Saline Lake KCB 11,Benison, Kathy,295.0
10022501,Sheets of Six-Membered Rings,Kaolinite-Serpentine,Antigorite IM-3A,Evans, Bernard,295.0
04081814,Simple Oxides,Oxide,Hematite, synthetic,Dyar, Darby,240.0
07042206,Single-Width Unbranched Chains W=1,Pyroxene,Pyroxene, synthetic Wo50En0Fs50,Lindsley, Donald,18.0
21021601,N/A,Terrestrial Samples,AX17 grown on Lepidocrocite 1 heat + cells,Elizabeth Sklute,80.0
20051802,Sheets of Six-Membered Rings,Talc,Gunter Talc #60, ITA_Gianna_A, Univ. of Idaho,Gunter, Mickey,295.0
06071101,Al-Si Frameworks,Feldspar,Hildreth K-139 Fsp,Dyar, Darby,295.0
20021601,N/A,Terrestrial Samples,ES26 Blood Falls Sediment supernatant,Mikucki, Jill,4.0
19050401,N/A,Terrestrial Samples,HM-7 Magma DLR Dyar-Rutherford,Dyar, Darby,295.0
cob41,Sheets of Six-Membered Rings,Mica,Guidotti Biotite o-b-41 1mil 6-28-88,Guidotti, Charles,295.0
20072401,Sheets of Six-Membered Rings,Talc,Gunter Talc #121, CT_BP_GoldBond, Univ. of Idaho,Gunter, Mickey,295.0
07032801,Sheets of Six-Membered Rings,Mica,Biotite MSH Dark,Seaman, Sheila,295.0
04111701,Insular SiO4 Groups Only,Olivine,Olivine, synthetic Fo70,Menzies, Olywn,20.0
03081101,Simple Oxides,Oxide,Ferrihydrite, synthetic JB-46 (RBG-Sherman) <45mm ,Bishop, Janice,40.0
03102301,N/A,Mixtures,Hematite -- Ilmenite KI-2193 Mix #3,Bishop, Janice,270.0
20111501,N/A,Terrestrial Samples,AK17 Lep heat + no cells (2b),Elizabeth Sklute,150.0
10081901,Multiple Oxides,Multiple Oxide,Spinel H30-B5,Dyar, Darby,295.0
03120802,Hydroxides and Oxides Containing Hydroxyl,Hydroxide,Lepidocrocite Zuikmentelel Silesia HMM 81159,Dyar, Darby,295.0
03030401,N/A,Mixtures,Clinopyroxene -- Fayalite 1:1 mix,Dyar, Darby,295.0
15112401,Simple Oxides,Oxide,Hematite, synthetic, nanophase, HEM100915,Sklute, Elizabeth,220.0
07040201,Single-Width Unbranched Chains W=1,Pyroxene,Pyroxene, synthetic Wo5En66.5Fs28.5 015,Lindsley, Donald,150.0
07051202,Single-Width Unbranched Chains W=1,Pyroxene,Pyroxene, synthetic Wo40En30Fs30 079,Lindsley, Donald,80.0
12052202,Hydroxides and Oxides Containing Hydroxyl,Hydroxide,Schwertmannite, natural JB-130 <125mm,Bishop, Janice,200.0
10080701,N/A,Biogeochemical Mineralogical By-Products,Islandicum grown 6-18-10 dried anaerobically 7-15-10,Holden, Jim,12.0
20051101,Sheets of Six-Membered Rings,Talc,Gunter Talc #42, USA_WA_Totem_talc135, Univ. of Idaho,Gunter, Mickey,295.0
13070201,Sheets of Six-Membered Rings,Kaolinite-Serpentine,Serpentine CSWI-28C-B URI,Stander, Amy,295.0
07111503,Single-Width Unbranched Chains W=1,Pyroxene,Pyroxene, synthetic En90 Fs10GDL-CMP-065,Lindsley, Donald,45.0
07081801,N/A,Glass,Glass, synthetic NNO+3_2 Basalt,Dufresne, Celeste,295.0
14020701,Sheets of Six-Membered Rings,Kaolinite-Serpentine,Serpentine, shocked 9.8 GPa 3652,Michalski, Joe,295.0
c301a3,Sheets of Six-Membered Rings,Mica,Biotite Code 301 Argentina 30 mg RT,unknown,295.0
18011101,N/A,Biogeochemical Mineralogical By-Products,P. delaneyi Akaganeite AKAG102315 heat + cells annoxically dried,Kashyap, Srishti,220.0
05010902,Anhydrous Sulfates Containing Hydroxyl or Halogen,Sulfate,Romerite SPT 110,Cloutis, Edward,250.0
16122002,Single-Width Unbranched Chains W=1,Pyroxene,Orthopyroxene KBH-94-23-B Kilbourne Hole, NM,Dyar, Darby,295.0
04061201,Anhydrous Sulfates Containing Hydroxyl or Halogen,Sulfate,Tochilinite TOC 101,Dyar, Darby,95.0
04122101,Insular SiO4 Groups Only,Olivine,Olivine, synthetic Fo90 ,Lindsley, Donald,45.0
07122210,Single-Width Unbranched Chains W=1,Pyroxene,Pyroxene, synthetic Wo20En40Fs40 051,Lindsley, Donald,30.0
tcj68e,Sheets of Six-Membered Rings,Kaolinite-Serpentine,O'Hanley Chrysotile J68 Chrasb. 100mil 4-24-94,O'Hanley, David,295.0
13042302,Hydrated Sulfates Containing Hydroxyl or Halogen,Sulfate,Fibroferrite SPT 121,Cloutis, Edward,130.0
13042303,Hydrated Sulfates Containing Hydroxyl or Halogen,Sulfate,Fibroferrite SPT 121,Cloutis, Edward,60.0
14091901,N/A,Glass,Glass, synthetic AND-3 CO2,McCanta, Molly,295.0
15101201,N/A,Terrestrial Samples,Siltstone, sandy JL109-18 medium to fine ,Li, June,295.0
hlm561,Sheets of Six-Membered Rings,Mica,Lee-Guidotti Muscovite 561 48mil 11-9-89,Guidotti, Charles,295.0
05082406,Anhydrous Sulfates Containing Hydroxyl or Halogen,Alunite,Jarosite, synthetic 2B heated to 300C,Brophy, Gerald,35.0
15021403,Double-Width Unbranched Chains W=2,Amphibole,Hastingsite HAST-3-7 Fe-rich end member,Jenkins, David,295.0
07020701,Sheets of Six-Membered Rings,Chlorite,Clinochlore West Chester, PA,Dyar, Darby,225.0
11030201,Simple Oxides,Oxide,Magnetite I.1 12nm,Nyiro-Kosa, Ilona,18.0
16033001,N/A,Terrestrial Samples,Ocean sediment 165 1149 11h5 81-83 >125mm,Anderson, Chloe,295.0
12062401,Hydrated Phosphates, Arsenates, and Vanadates containing Hydroxyl or Halogen,Phosphate,Vivianite DD171,Dyar, Darby,200.0
06071203,Insular SiO4 Groups Only,Garnet,Garnet GTF 90-28,Taran, Michail,295.0
05082202,Simple Oxides,Oxide,Hematite UT97-44 JN Mars analog,Chan, Marjorie,295.0
09062301,Sheets of Six-Membered Rings,Kaolinite-Serpentine,Antigorite ATG Mg 47,Evans, Bernard,295.0
04080801,Insular SiO4 Groups Only,Olivine,Olivine, synthetic Fo60,Menzies, Olywn,30.0
12051805,N/A,Industrial Samples,Coal fly ash 3% Fe coal devolatilized 800C,Fan, Maohong,130.0
08040901,Al-Si Frameworks,Feldspar,Feldspar S94A7 Atascosas, AZ,Seaman, Sheila,295.0
06112901,Six-Membered Rings,Beryl,Beryl, blue #2,Groat, Lee,4.0
04040601,Anhydrous Sulfates Containing Hydroxyl or Halogen,Sulfate,Melanterite SPT 130,Cloutis, Edward,245.0
13031302,Hydrated Sulfates Containing Hydroxyl or Halogen,Sulfate,Amarantite G3775 Los Pintados, Chile,Dyar, Darby,8.0
15011601,Sheets of Six-Membered Rings,Kaolinite-Serpentine,Kaolinite, shocked KGa-1b 25.1 GPa,Michalski, Joe,295.0
04051002,N/A,Terrestrial Samples,Basalt JB-399-A Haleakala,Bishop, Janice,12.0
13031801,Hydrated Sulfates Containing Hydroxyl or Halogen,Sulfate,Amarantite G3775 Los Pintados, Chile,Dyar, Darby,295.0
phcb2c,Sheets of Six-Membered Rings,Chlorite,Harper B-2 Chlorite 18mil 7-25-92,Harper, Greg,295.0
06071701,Six-Membered Rings,Tourmaline,Tourmaline Maigen Ertl1,Ertl, Andreas,295.0
07122204,Single-Width Unbranched Chains W=1,Pyroxene,Pyroxene, synthetic Wo20En40Fs40 051,Lindsley, Donald,150.0
05101002,Hydroxides and Oxides Containing Hydroxyl,Hydroxide,Green Rust #6,Mazeina, Lena,13.9
15021701,Insular SiO4 Groups Only,Olivine,Olivine San Carlos heated at 635 @ rough vac,Hibbitts, Karl,295.0
08072901,Anhydrous Sulfates Containing Hydroxyl or Halogen,Alunite,Alunite Utah Al 1190mg >125μm,Brophy, Gerald,295.0
qesncb,Sheets of Six-Membered Rings,Mica,Earley Biotite 2.SnCl4 Biotite 11mil 10-16-92,Earley, Drummond,295.0
06052301,N/A,Terrestrial Samples,Basalt Bishop-Harloff Gldry JB-447,Bishop, Janice,295.0
04030903,Insular SiO4 Groups Only,Olivine,Forsterite standard H131929,Dyar, Darby,295.0
15041201,N/A,Biogeochemical Mineralogical By-Products,Sully March innoculation time point 6, series C (control) no acetone,Holden, Jim,4.0
l6141b,Sheets of Six-Membered Rings,Biotite,Holdaway Assm. 6 140-1 Biotite 4mil 8-17-91,Holdaway, Michael,295.0
11031804,Simple Oxides,Oxide,Magnetite V.2,Nyiro-Kosa, Ilona,30.0
11032704,Simple Oxides,Oxide,Maghemite VI.2 100nm,Nyiro-Kosa, Ilona,125.0
02073101,Sheets of Six-Membered Rings,Kaolinite-Serpentine,Halloysite HAL 001,Cloutis, Edward,295.0
06121902,Sheets of Six-Membered Rings,Smectite,Nontronite Sampor smectite JB-175 ,Bishop, Janice,18.0
09051002,Simple Oxides,Oxide,Wustite, synthetic D intermediate very slightly magnetic,Lindsley, Donald,100.0
xub47gr,Six-Membered Rings,Tourmaline,Blk.Mtn.Pegmatite BMT-47 Green Tourmaline 51-01 9mil 10-4-94,Dyar, Darby,295.0
05082408,Anhydrous Sulfates Containing Hydroxyl or Halogen,Alunite,Jarosite, synthetic 2B heated to 300C,Brophy, Gerald,45.0
11080101,Hydrated Phosphates, Arsenates, and Vanadates containing Hydroxyl or Halogen,Phosphate,Tarbuttite DD307,Dyar, Darby,295.0
07033003,Single-Width Unbranched Chains W=1,Pyroxene,Pyroxene, synthetic Wo8En46Fs46 013,Lindsley, Donald,24.0
08021101,Al-Si Frameworks,Feldspar,Feldspar Bushveld B528,Tegnar, Christian,295.0
11091602,N/A,Biogeochemical Mineralogical By-Products,Roane old sample inoculated + incubated at 92°C until stationary phase,Holden, Jim,4.0
11072706,Hydrated Normal Phosphates, Arsenates, and Vanadates,Phosphate,Strengite DD293,Dyar, Darby,295.0
15041901,Simple Oxides,Oxide,Ferrihydrite, synthetic test (freeze dried),Sklute, Elizabeth,150.0
10091202,N/A,Biogeochemical Mineralogical By-Products,Hyperthermus butylicus log growth 8-19-10 mounted dry,Holden, Jim,163.0
00101601,Double-Width Unbranched Chains W=2,Amphibole,Amphibole 10% mol Fe,Jenkins, David,295.0
10080803,N/A,Biogeochemical Mineralogical By-Products,Islandicum grown 6-18-10 dried anaerobically 7-15-10,Holden, Jim,60.0
09091101,N/A,Terrestrial Samples,Basalt Mid-Atlantic Ridge 206-1,Reynolds, Valerie,295.0
13052101,N/A,Miscellaneous,Green Tea 1Fe:5GT mounted dry,Oakes, Jacqueline,4.0
10121701,N/A,Terrestrial Samples,Basalt, altered HYD-2 Atacama Desert ,Greenberger, Rebecca,4.0
15012301,N/A,Industrial Samples,Coal fly ash Zhang #1,Fan, Maohong,295.0
11021601,N/A,Terrestrial Samples,Sandstone PNF-5-2 (10),Schoonen, Martin,295.0
12022502,N/A,Biogeochemical Mineralogical By-Products,Roane-Sully 1, Fe gel media uninoculated + unincubated, prepared Dec 2011,Holden, Jim,80.0
08120501,Simple Oxides,Oxide,Ferrihydrite JA-499 Iceland,Bishop, Janice,295.0
07112805,Single-Width Unbranched Chains W=1,Pyroxene,Pyroxene, synthetic Wo50En25Fs25 039,Lindsley, Donald,24.0
03080801,Simple Oxides,Oxide,Ferrihydrite, synthetic JB-46 (RBG-Sherman) <45mm ,Bishop, Janice,35.0
17052201,N/A,Terrestrial Samples,Palagontie tuff PB13-08,Farrand, Bill,300.0
14101801,N/A,Terrestrial Samples,Core U1429C 8-2-127 WHOI ash,Gosan, Liviu,295.0
18100902,N/A,Terrestrial Samples,Lake Towuti Sediment RS0250 Brown University,Sheppard, Rachel,4.0
18011503,N/A,Biogeochemical Mineralogical By-Products,P. delaneyi Lepidocrocite heat + cells anoxically dried,Kashyap, Srishti,150.0
19100901,N/A,na,Fe3+-doped ZnO UMass,Enes Buz,295.0
05080601,Anhydrous Sulfates Containing Hydroxyl or Halogen,Alunite,Jarosite, synthetic 6B heated to 300C,Brophy, Gerald,295.0
03020701,Sheets of Six-Membered Rings,Kaolinite-Serpentine,Antigorite JA-560,Bishop, Janice,295.0
20050501,Sheets of Six-Membered Rings,Talc,Gunter Talc #33, USA_CA_TalcCity_3, Univ. of Idaho,Gunter, Mickey,295.0
09092301,N/A,Terrestrial Samples,Basalt Mid-Atlantic Ridge 256-2,Reynolds, Valerie,295.0
04040301,Anhydrous Sulfates Containing Hydroxyl or Halogen,Sulfate,Melanterite SPT 130,Cloutis, Edward,60.0
15082902,N/A,Biogeochemical Mineralogical By-Products,Islandicum 8-15 Dry Ferrihydrite FH Control Final,Holden, Jim,295.0
18042101,N/A,Biogeochemical Mineralogical By-Products,P. delaneyi Ferrihydrite heat + cells anoxically dried ,Kashyap, Srishti,220.0
14010601,N/A,Glass,Glass, synthetic AND-3 Air,McCanta, Molly,295.0
07123105,Single-Width Unbranched Chains W=1,Pyroxene,Pyroxene, synthetic Wo10En13.5Fs76.5 048,Lindsley, Donald,295.0
07052705,Single-Width Unbranched Chains W=1,Pyroxene,Pyroxene, synthetic Wo20En64Fs16 017,Lindsley, Donald,175.0
11022502,Al-Si Frameworks,Feldspar,Feldspar, plagioclase PL-15,Cheek, Leah,4.0
04041402,Hydrated Acid and Sulfates,Sulfate,Szomolnokite 560,Dyar, Darby,12.0
07052402,Double-Width Unbranched Chains W=2,Amphibole,Kaersutite DL-7,Dyar, Darby,125.0
13032101,N/A,Biogeochemical Mineralogical By-Products,Sully_3 10-02-12  ,Holden, Jim,4.0
10092701,N/A,Terrestrial Samples,Sandstone, Moenkopi sample 0 Unreacted,Schoonen, Martin,295.0
10102903,Simple Oxides,Oxide,Ferrihydrite, nanophase 1GOE 06-2008,Bosch, Julian,45.0
12041601,Simple Oxides,Oxide,Wustite, synthetic BB2,Lindsley, Donald,295.0
14111601,Double-Width Unbranched Chains W=2,Amphibole,Hastingsite Mueller HAST-5-70 70% ,Jenkins, David,295.0
16080301,Sheets of Six-Membered Rings,Mica,Biotite 21c,Bucholz, Claire,295.0
07090802,Double-Width Unbranched Chains W=2,Amphibole,Amphibole 84-BR,Dyar, Darby,60.0
18040601,N/A,Terrestrial Samples,Lake Towuti Sediment RS0524 Brown University,Sheppard, Rachel,4.0
15040703,N/A,Terrestrial Samples,Core U1424A 1-1-26 WHOI,Gosan, Liviu,250.0
07112507,Single-Width Unbranched Chains W=1,Pyroxene,Pyroxene, synthetic En80Fs20 011,Lindsley, Donald,80.0
11091901,N/A,Terrestrial Samples,Sandstone PNF 9-3 (8) altered,Schoonen, Martin,295.0
04072912,Native Elements and Alloys,Metal,Fe foil  4 mm-s,n/a,245.0
03070101,Simple Oxides,Oxide,Hematite, synthetic ,Dyar, Darby,90.0
tam22e,Sheets of Six-Membered Rings,Mica,Ort Andean AMO-22E Biotite 15mil 3-20-94,Ort, Michael,295.0
08061701,Al-Si Frameworks,Feldspar,Feldspar Bushveld BS16,Tegner, Christian,295.0
18010801,N/A,Biogeochemical Mineralogical By-Products,P. delaneyi Akaganeite AKAG102315 heat-no cells annoxically dried,Kashyap, Srishti,150.0
18062201,N/A,Biogeochemical Mineralogical By-Products,Ice Mamba M1-4 Blood Falls culture, live cell, ferrihydrite, anoxically dried ,Mickuchi, Jill,220.0
bnac4,Sheets of Six-Membered Rings,Mica,Guidotti Biotite Ra-c4-66 1mil 12-11-87,Guidotti, Charles,295.0
20072902,Simple Oxides,oxide,hematite #2, Marty Gilmore ,Gilmore, Marty,295.0
jkb1tu,Six-Membered Rings,Tourmaline,Kerrich Bevcon #1 Tourmaline 17mil 2-14-91,Kerrich, Bob,295.0
07121306,Single-Width Unbranched Chains W=1,Pyroxene,Pyroxene, synthetic Wo40En24Fs36 071,Lindsley, Donald,150.0
06021401,Single-Width Unbranched Chains W=1,Pyroxene,Pyroxene, shocked 3499,McCanta, Molly,295.0
19091701,N/A,glass,Hawaii fresh basalt used for mixing experiments,Dyar, Darby,295.0
jhcz85,Sheets of Six-Membered Rings,Chlorite,Harper Chlorite Z-85 JGR88 5mil 9-10-90,Harper, Greg,295.0
09102201,N/A,Terrestrial Samples,Basalt Mid-Atlantic Ridge 103-1 27-31,Reynolds, Valerie,295.0
thcad1,Sheets of Six-Membered Rings,Chlorite,Harper Chlorite ACDC-1 23mil 5-2-94,Harper, Greg,295.0
13071902,N/A,Industrial Samples,Coal fly ash 4 Na Pyrolysis, coal,,Fan, Maohong,295.0
10022101,Sheets of Six-Membered Rings,Kaolinite-Serpentine,Antigorite BM 66586 ,Evans, Bernard,295.0
15040702,N/A,Terrestrial Samples,Core U1422A 1-1-30 WHOI,Gosan, Liviu,250.0
07112302,Single-Width Unbranched Chains W=1,Pyroxene,Pyroxene, synthetic Wo10En72Fs18 018,Lindsley, Donald,60.0
pssa10,Double-Width Unbranched Chains W=2,Amphibole,Cosca Sample SSA-10 HBL 8mil 8-3-92,Dyar, Darby,295.0
02070701,Single-Width Unbranched Chains W=1,Pyroxene,Pyroxene PYX 180 Wollastonite,Cloutis, Edward,295.0
20070201,Sheets of Six-Membered Rings,Talc,Gunter Talc #108, Johnson_J50, Univ. of Idaho,Gunter, Mickey,295.0
03102002,N/A,Mixtures,Goethite -- Jarosite 130260 Mix #2,Bishop, Janice,270.0
13060301,Sheets of Six-Membered Rings,Kaolinite-Serpentine,Serpentine MLC QV2-140 Shoe-A URI,Stander, Amy,295.0
15040103,N/A,Terrestrial Samples,Core U1425B 1-3-105 WHOI,Gosan, Liviu,250.0
07050603,Single-Width Unbranched Chains W=1,Pyroxene,Pyroxene, synthetic Wo30En49Fs21 067,Lindsley, Donald,150.0
15070101,N/A,Biogeochemical Mineralogical By-Products,Islandicum Pipes buffer time point 4 run A,Holden, Jim,6.0
09051601,Simple Oxides,Oxide,Wustite, synthetic A Fe-saturated,Lindsley, Donald,225.0
17102601,Insular SiO4 Groups Only,Olivine,Fayalite 14 <20mm Brown U.,Tolke, Leif,300.0
07122806,Single-Width Unbranched Chains W=1,Pyroxene,Pyroxene, synthetic Wo50En15Fs35 037,Lindsley, Donald,24.0
ib1bsp,Multiple Oxides,Multiple Oxide,DH-101-B Spinel Dish Hill 18mil 7-3-90,McGuire, Anne,295.0
05091601,Insular SiO4 Groups Only,Olivine,Olivine, Meteorite 2737 NWA SNC 45-125mm,Pieters, Carle,17.2
05110903,Insular SiO4 Groups Only,Olivine,Olivine, synthetic Fo50,Lindsley, Donald,30.0
03071402,Simple Oxides,Oxide,Hematite, specular 83421 Westphalia ,Dyar, Darby,15.0
05071101,Sheets of Six-Membered Rings,Chlorite,Chlorite CG-BG 5,Guidotti, Charles,295.0
06122101,Sheets of Six-Membered Rings,Smectite,Montmorillonite Swa-1 JB-170,Bishop, Janice,200.0
15070802,N/A,Biogeochemical Mineralogical By-Products,Islandicum Pipes buffer control time point 0,Holden, Jim,295.0
16021801,N/A,Biogeochemical Mineralogical By-Products,Sully Su06 Dry Ferrihydrite FH C 2-12-16 ,Holden, Jim,6.0
ilb501,Sheets of Six-Membered Rings,Mica,Lee-Guidotti Biotite 501 21mil 2-27-90,Guidotti, Charles,295.0
16021001,N/A,Terrestrial Samples,Ocean sediment 185 1149 4H1 87-89 >125mm BU,Anderson, Chloe,295.0
02060101,Anhydrous Sulfates Containing Hydroxyl or Halogen,Alunite,Jarosite SPT 113,Cloutis, Edward,295.0
15080302,Insular SiO4 Groups Only,Olivine,Olivine, Fayalite Mexico, Chihuahua, Potsi Mine NMNH 95900-1,Dyar, Darby,295.0
02080101,N/A,Meteorite,Meteorite QUE 94201,44,Dyar, Darby,295.0
20070702,Sheets of Six-Membered Rings,Talc,Gunter Talc #116 USA_VT_Argonaut_G, Univ. of Idaho,Gunter, Mickey,295.0
15061103,N/A,Biogeochemical Mineralogical By-Products,Islandicum NaHCO3 buffer control final,Holden, Jim,295.0
13040302,Sulfides, including Selenides and Tellurides,Sulfite,Chalcopyrite CHA 101 Temegami, Ontario,Cloutis, Edward,130.0
cog92,Sheets of Six-Membered Rings,Mica,Guidotti Biotite OG92 2mil 3-3-88,Guidotti, Charles,295.0
06041301,Double-Width Unbranched Chains W=2,Amphibole,Amphibole Ross,Gunter, Mickey,295.0
07050408,Single-Width Unbranched Chains W=1,Pyroxene,Pyroxene, synthetic En40Fs60 with metal blebs 005A ,Lindsley, Donald,4.0
09052302,Simple Oxides,Oxide,Wustite, synthetic CC too much Fe for M+ saturation,Lindsley, Donald,200.0
11031201,Simple Oxides,Oxide,Magnetite V.1 62nm,Nyiro-Kosa, Ilona,250.0
11110801,N/A,Terrestrial Samples,Sandstone PNF-9-1 (5) altered,Schoonen, Martin,295.0
07120102,Single-Width Unbranched Chains W=1,Pyroxene,Pyroxene, synthetic Wo20En56Fs24 019,Lindsley, Donald,18.0
08051301,Hydrated Acid and Sulfates,Sulfate,Halotrichite (oil) JPL,Coleman, Max,295.0
07051901,Double-Width Unbranched Chains W=2,Amphibole,Kaersutite Tm,Dyar, Darby,18.0
07032103,Sheets of Six-Membered Rings,Mica,Annite Cape Ann,Burns, Roger,250.0
05012401,Six-Membered Rings,Tourmaline,Tourmaline Him1,Ertl, Andreas,295.0
12032001,Compound Phosphates, Arsenates, and Vanadates,Phosphate,Attakolite P43,Dyar, Darby,295.0
w4epb1,Multiple Oxides,Multiple Oxide,Peridotite Ep-1-123B Spinel 50.73 24mil 6-28-95,McGuire, Anne,295.0
aa9666g,N/A,Terrestrial Samples,Heavies STU Ra-a95-66 1mil 11-18-87,Guidotti, Charles,295.0
07123102,Single-Width Unbranched Chains W=1,Pyroxene,Pyroxene, synthetic Wo30En28Fs42 068,Lindsley, Donald,12.0
06112104,Hydrated Acid and Sulfates,Sulfate,Quenstedite B8255,Dyar, Darby,295.0
07121307,Single-Width Unbranched Chains W=1,Pyroxene,Pyroxene, synthetic Wo40En24Fs36 071,Lindsley, Donald,125.0
08032501,Al-Si Frameworks,Feldspar,Feldspar B-81 Hildreth,Hildreth, Wes,295.0
07022501,Hydrated Normal Phosphates, Arsenates, and Vanadates,Phosphate,Landesite P26 Cigana Mine Galilea, Brazil,Dyar, Darby,295.0
tend73,Sheets of Six-Membered Rings,Mica,Doyle Muscovite END 98973 16mil 2-10-94,unknown,295.0
17012202,Al-Si Frameworks,Feldspar,Feldspar Bushveld B-16,Tegner, Christian,60.0
11033106,Simple Oxides,Oxide,MaghemiteVI.4 12nm,Nyiro-Kosa, Ilona,200.0
18072701,Si2O7 Groups, Generally with No Additional Anions,Pyroxene,Pyroxene GK-7 opx,Dyar, Darby,295.0
08122001,N/A,Oxide,Hematite Fe2O3 Powder Hem JB-JLB-763 ,Bishop, Janice,295.0
03010701,Single-Width Unbranched Chains W=1,Pyroxene,Pyroxene, Meteorite EETA 79001,Dyar, Darby,295.0
05031901,Anhydrous Sulfates Containing Hydroxyl or Halogen,Sulfate,Romerite 93825,Dyar, Darby,295.0
04072918,Native Elements and Alloys,Metal,Fe foil  4 mm-s,n/a,275.0
10091204,N/A,Biogeochemical Mineralogical By-Products,Hyperthermus butylicus log growth 8-19-10 mounted dry,Holden, Jim,117.0
07030703,N/A,Terrestrial Samples,Rusticle 6514-3,Lunze, Jason,295.0
jhp39b,Single-Width Unbranched Chains W=1,Pyroxene,Harrell Orthopyroxene Ep-3-139B 31mil 9-29-90,McGuire, Anne,295.0
02050901,Al-Si Frameworks,Feldspar,Anorthite Fe2+ ,Housely, Robert,80.0
09110601,N/A,Biogeochemical Mineralogical By-Products,Islandicum inoculated,Holden, Jim,125.0
07112706,Single-Width Unbranched Chains W=1,Pyroxene,Pyroxene, synthetic Wo50En25Fs25 039,Lindsley, Donald,125.0
08022501,Six-Membered Rings,Tourmaline,Elbaite S54 Himalaya Mine,Ertl, Andreas,295.0
18020301,N/A,Biogeochemical Mineralogical By-Products,P. islandicum Akaganeite heat + cells anoxically dried,Kashyap, Srishti,4.0
13071001,Sheets of Six-Membered Rings,Kaolinite-Serpentine,Serpentine CSWI 28a clay A URI,Stander, Amy,295.0
12052301,Hydroxides and Oxides Containing Hydroxyl,Hydroxide,Schwertmannite, natural JB-130 <125mm,Bishop, Janice,45.0
q0k29c,Sheets of Six-Membered Rings,Mica,Guidotti Muscovite o-k-29 zone 8 28mil 12-31-92,Guidotti, Charles,295.0
07122409,Single-Width Unbranched Chains W=1,Pyroxene,Pyroxene, synthetic Wo40En48Fs12 075,Lindsley, Donald,275.0
09050702,Simple Oxides,Oxide,Wustite, synthetic D intermediate very slightly magnetic,Lindsley, Donald,250.0
07050202,Single-Width Unbranched Chains W=1,Pyroxene,Pyroxene, synthetic Wo10En22.5Fs67.5 053,Lindsley, Donald,24.0
12042402,Hydroxides and Oxides Containing Hydroxyl,Hydroxide,Goethite 83831 Bavaria,Dyar, Darby,130.0
08060501,Si2O7 with Additional O, H, F and H2O,Axinite,Axinite IZ-226,Oyman, Tolga,295.0
05111801,Insular SiO4 Groups Only,Olivine,Olivine, synthetic Fo80 Podpara,Lindsley, Donald,200.0
09061701,Single-Width Unbranched Chains W=1,Pyroxene,Pyroxene, Meteorite Y 984028 exterior,Dyar, Darby,295.0
09110202,N/A,Hydroxide,Ferrihydrite, Fe Gel, dehydrated,Holden, Jim,175.0
18081001,Single-Width Unbranched Chains W=1,Pyroxene,Pyroxene Ki-5-16 cpx,Dyar, Darby,295.0
06122401,Insular SiO4 Groups Only,Olivine,Olivine, Meteorite LAP 04840,16,Dyar, Darby,295.0
08051601,Sheets of Six-Membered Rings,Mica,Biotite T01-28A,Evans, Katie,295.0
05070501,Six-Membered Rings,Tourmaline,Tourmaline UE-1,Oyman, Tolga,295.0
15030402,N/A,Terrestrial Samples,Core V1425B 3-6-45 WHOI,Gosan, Liviu,250.0
09011401,Hydrated Acid and Sulfates,Sulfate,Szomolnokite S77,Dyar, Darby,295.0
15080603,N/A,Biogeochemical Mineralogical By-Products,Islandicum Pipes buffer 6-15 run A time point 0,Holden, Jim,80.0
20102901,N/A,Terrestrial Samples,AX17 AK no heat no cells (3),Elizabeth Sklute,80.0
11033104,Simple Oxides,Oxide,MaghemiteVI.4 12nm,Nyiro-Kosa, Ilona,150.0
12041401,Simple Oxides,Oxide,Wustite, synthetic BB2,Lindsley, Donald,4.0
20120501,Single-Width Unbranched Chains W=1,pyroxene,Aegirine 90191 Harvard Sahlstein Quarry, Quincy, MA,Dyar, Darby,295.0
06011001,Anhydrous Sulfates Containing Hydroxyl or Halogen,Alunite,Jarosite GC-5,Greenwood, Jim,295.0
19121801,Si Tetrahedral Frameworks,SiO2,Sea Sand, pure,Dyar, Darby,295.0
00101101,Double-Width Unbranched Chains W=2,Amphibole,Amphibole 20% mol Fe,Jenkins, David,295.0
04042903,Insular SiO4 Groups Only,Olivine,Fayalite, synthetic,Menzies, Olwyn,18.0
07122805,Single-Width Unbranched Chains W=1,Pyroxene,Pyroxene, synthetic Wo50En15Fs35 037,Lindsley, Donald,30.0
18050301,N/A,Biogeochemical Mineralogical By-Products,P. islandicum Ferrihydrite heat-no cells anoxically dried ,Kashyap, Srishti,305.0
d112st,Insular SiO4 Groups and O, OH, F, and H2O,Staurolite,Hunt Valley Staurolite HV-112 7-23-88,Lang, Helen,295.0
17113001,Simple Oxides,Ilmenite,Ilmenite Ilm100_2 #11 Brown U.,Tolke, Leif,300.0
xuhs879,Six-Membered Rings,Tourmaline,Raglan TWP HS#108749 Tourmaline 51.22 8mil 9-28-94,Dyar, Darby,295.0
02030601,Single-Width Unbranched Chains W=1,Pyroxene,Orthopyroxene Bushveld B16,Tegnar, Christian,295.0
w3ep12,Single-Width Unbranched Chains W=1,Pyroxene,EP-1-123A Perid CPX 53.42 16mil 6-10-95,McGuire, Anne,295.0
20030301,N/A,Terrestrial Samples,ES27 Blood Falls Sediment supernatant,Mikucki, Jill,150.0
10121902,N/A,Terrestrial Samples,Basalt, altered HYD-1 Atacama Desert,Greenberger, Rebecca,295.0
04110302,Multiple Oxides,Multiple Oxide,Spinel BE-06,Choi, Sung Hi,295.0
kd267b,Sheets of Six-Membered Rings,Mica,Holdaway Assemblage 5 D-267 Biotite 3mil 4-3-91,Holdaway, Michael,295.0
15070402,N/A,Biogeochemical Mineralogical By-Products,Islandicum KPO4 buffer run A initial,Holden, Jim,295.0
06072005,Anhydrous Sulfates Containing Hydroxyl or Halogen,Alunite,Hydronium Jarosite JM,Dyar, Darby,295.0
05121505,Insular SiO4 Groups Only,Olivine,Fayalite, synthetic Fo0,Lindsley, Donald,60.0
rcu129,Sheets of Six-Membered Rings,Mica,Copeland U129 Muscovite 31mil 3-26-93,Copeland, Peter,295.0
14121001,N/A,Fulgurite,Tektite #7 2014,Nottke, Tony,295.0
06121511,Sheets of Six-Membered Rings,Mica,Glauconite Hurricane Mountain, NH,Dyar, Darby,4.0
13041903,Hydrated Sulfates Containing Hydroxyl or Halogen,Sulfate,Fibroferrite SPT 121,Cloutis, Edward,295.0
11070803,N/A,Industrial Samples,Coal Fly Ash Sample T Fe6+,Fan, Mahoung,295.0
10111002,Simple Oxides,Oxide,Hematite, nanophase Alfa Aesar 07-2010,Holden, Jim,100.0
aad3766,Sheets of Six-Membered Rings,Mica,Guidotti Biotite Ra-d37-66 1mil 10-21-87,Guidotti, Charles,295.0
19070801,N/A,Terrestrial Samples,Blood falls sample ES27 air dried sediment mostly sample,Mikucki, Jill,295.0
15032502,N/A,Biogeochemical Mineralogical By-Products,Sully March innoculation time point 3, series C (control) no acetone,Holden, Jim,295.0
15112203,Hydroxides and Oxides Containing Hydroxyl,Hydroxide,Akaganeite, synthetic, nanophase AKAG102315,Sklute, Elizabeth,150.0
hk35ol,Insular SiO4 Groups Only,Olivine,Ki-5-35 Olivine Sp Perid Cima,CA 6mil 11-2-89,McGuire, Anne,295.0
07110603,Single-Width Unbranched Chains W=1,Pyroxene,Pyroxene, synthetic Wo40En55F55 Px077,Lindsley, Donald,225.0
qe8bte,Sheets of Six-Membered Rings,Mica,Earley Biotite 8- Biotite 5mil 10-17-92,Earley, Drummond,295.0
15083105,N/A,Biogeochemical Mineralogical By-Products,Islandicum 8-15 Dry Ferrihydrite FH Initial A,Holden, Jim,295.0
19041803,N/A,Industrial Samples,Ferric Citrate JC23685005,Williams, Simon,295.0
12022901,Hydroxides and Oxides Containing Hydroxyl,Hydroxide,Lepidocrocite Zuikmentelel Silesia HMM 81159,Dyar, Darby,130.0
06080801,Insular SiO4 Groups Only,Garnet,Garnet GTF 90-28,Taran, Michail,295.0
04110801,Sheets of Six-Membered Rings,Mica,Biotite Michigan SG-2,Dyar, Darby,295.0
07040702,Single-Width Unbranched Chains W=1,Pyroxene,Pyroxene, synthetic Wo10En63Fs27 010,Lindsley, Donald,150.0
07032904,Single-Width Unbranched Chains W=1,Pyroxene,Pyroxene, synthetic Wo8En46Fs46 013,Lindsley, Donald,125.0
10011601,Sheets of Six-Membered Rings,Kaolinite-Serpentine,Antigorite BM 1917,232,Evans, Bernard,295.0
19091101,Double-Width Unbranched Chains W=2,Amphibole,Hastingsite 10KDC,Jenkins, David,295.0
04082005,Simple Oxides,Oxide,Hematite, synthetic,Dyar, Darby,40.0
jb9rer,Insular SiO4 Groups Only,Garnet,Brady 110-#9 12Jan88 Alm80Pyp20 Rerun 7mil 2-4-91,Brady, John,295.0
hba2op,Single-Width Unbranched Chains W=1,Pyroxene,Dish Hill,CA OPX Ba-2-1 A2 14mil 9-31-89,McGuire, Anne,295.0
03120701,Hydroxides and Oxides Containing Hydroxyl,Hydroxide,Goethite 119377 Florissant Co., CO,Dyar, Darby,295.0
19123001,N/A,Terrestrial Samples,DLR Little Falls Shale,Dyar, Darby,295.0
06011303,Single-Width Unbranched Chains W=1,Pyroxene,Pyroxene, synthetic En70fs30 026A,Lindsley, Donald,295.0
15060806,N/A,Biogeochemical Mineralogical By-Products,Islandicum NaHCO3 buffer A final,Holden, Jim,150.0
07051503,Double-Width Unbranched Chains W=2,Amphibole,Kaersutite Tm,Dyar, Darby,275.0
v2sdc1,Insular SiO4 Groups Only,Garnet,Smyth Sample Garnet SDC-1 74.74 11mil 4-28-95,Smyth, Joe,295.0
04102201,N/A,Glass,Glass, space-weathered S66-5R,Noble, Sarah,295.0
05112701,Multiple Oxides,Hydroxide,Goethite, reduced JB-438,Bishop, Janice,14.0
07072601,Sheets of Six-Membered Rings,Pyrophyllite-Talc,Talc FTA-17-R4 J.C.C. 8-29-06,Jenkins, David,295.0
07041302,Single-Width Unbranched Chains W=1,Pyroxene,Pyroxene, synthetic Wo10En36Fs54 011,Lindsley, Donald,24.0
13032902,N/A,Biogeochemical Mineralogical By-Products,Sully_3 10-02-12  ,Holden, Jim,175.0
04050801,N/A,Terrestrial Samples,Basalt JB-392-A Haleakala (rerun),Bishop, Janice,12.0
07122410,Single-Width Unbranched Chains W=1,Pyroxene,Pyroxene, synthetic Wo40En48Fs12 075,Lindsley, Donald,250.0
12061405,Hydrated Phosphates, Arsenates, and Vanadates containing Hydroxyl or Halogen,Phosphate,Vivianite DD311,Dyar, Darby,18.0
20101201,N/A,Terrestrial Samples,AX17 Bioreduced Fh no Heat no Cells (3A),Elizabeth Sklute,80.0
10101901,Single-Width Unbranched Chains W=1,Pyroxene,Orthopyroxene #1 Opx G-555,Taran, Michail,295.0
05120701,Insular SiO4 Groups Only,Olivine,Olivine, synthetic Fo30,Lindsley, Donald,293.0
18081301,Single-Width Unbranched Chains W=1,Pyroxene,Pyroxene LAR-06605,10,Dyar, Darby,295.0
17071202,N/A,Biogeochemical Mineralogical By-Products,Freshwater iron mat extra material collected 10-26-16 filtered 6-16-17 stored frozen dried in air 4 h,Ross, Laura,80.0
04061603,Hydrated Acid and Sulfates,Sulfate,Rozenite JB-626-B Iron Mountain <125mm,Dyar, Darby,95.0
05093001,N/A,Meteorite,Meteorite 2737 NWA whole rock >125mm,Pieters, Carle,13.7
07060403,Single-Width Unbranched Chains W=1,Pyroxene,Pyroxene, synthetic Wo30En17.5F252.5 066,Lindsley, Donald,125.0
07051303,Single-Width Unbranched Chains W=1,Pyroxene,Pyroxene, synthetic Wo40En30Fs30 079,Lindsley, Donald,24.0
m109hb,Double-Width Unbranched Chains W=2,Amphibole,USNM #109647-50 Kakanui New Zealand Hb 18mil 11-11-91,Wilshire, Howard,295.0
10062401,N/A,Mixtures,Forsterite -- Nontronite -- Magnesite 50:25:25 mix JB-965,Bishop, Janice,295.0
04082002,Simple Oxides,Oxide,Hematite, synthetic,Dyar, Darby,70.0
qe4nib,Sheets of Six-Membered Rings,Mica,Earley Biotite 4. Ni Biotite 6mil 10-14-92,Earley, Drummond,295.0
18012101,N/A,Terrestrial Samples,Lake Towuti Sediment RS0097 Brown Univeristy,Sheppard, Rachel,130.0
07032805,Single-Width Unbranched Chains W=1,Pyroxene,Pyroxene, synthetic Wo8En46Fs46 013,Lindsley, Donald,250.0
l4147b,Sheets of Six-Membered Rings,Mica,Holdaway Assm. 4A N-147 Biotite 4mil 8-6-91,Holdaway, Michael,295.0
11072601,Hydrated Phosphates, Arsenates, and Vanadates containing Hydroxyl or Halogen,Phosphate,Laveite DD182,Dyar, Darby,295.0
18101601,Sheets of Six-Membered Rings,Talc,Gunter Talc #24, ITA_Rodoretto_A1, Univ. of Idaho,Gunter, Mickey,295.0
07122804,Single-Width Unbranched Chains W=1,Pyroxene,Pyroxene, synthetic Wo50En15Fs35 037,Lindsley, Donald,45.0
07021903,Insular SiO4 Groups Only,Garnet,Garnet 4-Ra-a65-66,Guidotti, Charles,295.0
xu98695,Six-Membered Rings,Tourmaline,Harvard Misc. #98695 Tourmaline 49.28 8mil 10-2-94,Dyar, Darby,295.0
04040602,Anhydrous Sulfates Containing Hydroxyl or Halogen,Sulfate,Melanterite SPT 130,Cloutis, Edward,270.0
20041801,Sheets of Six-Membered Rings,Talc,Gunter Talc #14, CHI_Liaoning_87, Univ. of Idaho,Gunter, Mickey,295.0
11063003,N/A,Industrial Samples,Coal Fly Ash Sample M Fe6+,Fan, Mahoung,100.0
ud218h,Single-Width Unbranched Chains W=1,Pyroxene,Dish Hill Cpx DH-218 72.77 5mil 7-31-94,Dyar, Darby,295.0
ku308b,Sheets of Six-Membered Rings,Mica,U308 T100 Biotite 7mil 5-4-91,Zhou, Fuxing,295.0
05031401,Hydrated Acid and Sulfates,Sulfate,Szomolnokite 104276,Dyar, Darby,295.0
11071706,N/A,Industrial Samples,Coal Fly Ash FeOOH 25C,Fan, Maohoung,175.0
04100301,Double-Width Unbranched Chains W=2,Amphibole,Amphibole PBMR-1A new,Moore, Paulus,295.0
13041002,Hydroxides and Oxides Containing Hydroxyl,Hydroxide,Schwertmannite VZO 119-120 Nagyborzsony, Hungary,Bishop, Janice,4.0
14121201,N/A,Fulgurite,Tektite #9 2014,Nottke, Tony,295.0
04110602,Multiple Oxides,Multiple Oxide,Spinel Br-07,Choi, Sung Hi,295.0
12052203,Hydroxides and Oxides Containing Hydroxyl,Hydroxide,Schwertmannite, natural JB-130 <125mm,Bishop, Janice,130.0
07121702,Single-Width Unbranched Chains W=1,Pyroxene,Pyroxene, synthetic En30Fs70 SynPx 023,Lindsley, Donald,4.0
16011601,N/A,Biogeochemical Mineralogical By-Products,Sully Dry Ferrihydrite FH 0C FROZEN,Holden, Jim,7.0
14031701,N/A,Industrial Samples,Coal fly ash Zhang #4,Fan, Maohong,295.0
03071701,Simple Oxides,Oxide,Ferrihydrite 96214 Smedley's Iron Mine ,Dyar, Darby,35.0
06060201,Simple Oxides,Biogeochemical Mineralogical By-Products,Magnetite PV1 ,Li, Y.-L.,295.0
03120601,Hydroxides and Oxides Containing Hydroxyl,Hydroxide,Goethite 119377 Florissant Co., CO,Dyar, Darby,140.0
15060805,N/A,Biogeochemical Mineralogical By-Products,Islandicum NaHCO3 buffer A final,Holden, Jim,220.0
11120101,Sheets of Six-Membered Rings,Smectite,Nontronite Nau-1 Shocked 40 GPa no acetone,Michalski, Joe,295.0
07111903,Single-Width Unbranched Chains W=1,Pyroxene,Pyroxene, synthetic Wo50En0Fs50 083,Lindsley, Donald,175.0
08121701,Hydrated Sulfates Containing Hydroxyl or Halogen,Sulfate,Copiapite FAC-10 JB-843,Bishop, Janice,295.0
07041206,Single-Width Unbranched Chains W=1,Pyroxene,Pyroxene, synthetic Wo10En36Fs54 011,Lindsley, Donald,100.0
10031501,Simple Oxides,Oxide,Ferrihydrite 7 DB3 fine >74,Estes, Emily,295.0
05120301,N/A,Terrestrial Samples,Acid Saline Lake KCB-12,Benison, Kathy,295.0
11090802,N/A,Terrestrial Samples,Oil sand MS<2,Osacky, Marek,4.0
06120502,Sheets of Six-Membered Rings,Chlorite,Chlorite, clinochlore West Chester PA,Dyar, Darby,250.0
pssa13,Double-Width Unbranched Chains W=2,Amphibole,Cooper-Gore H6 92RCAMPH 58mil 2-5-93,Cooper, Robert,295.0
12020702,Sheets of Six-Membered Rings,Smectite,Smectite SCB-5c final separate,Harding, Sherie,295.0
09022501,N/A,Miscellaneous,Ferrous Glutonate ,Dyar, Darby,295.0
13070802,Multiple Oxides,Multiple Oxide,Spinel Amity Brown U.,Cheek, Leah,295.0
07121003,Single-Width Unbranched Chains W=1,Pyroxene,Pyroxene, synthetic Wo20En32Fs48 057,Lindsley, Donald,295.0
05042601,Simple Oxides,Oxide,Hematite UT-00-10B Ext Mars,Chan, Marjorie,295.0
16040801,N/A,Glass,Glass, synthetic VUL +1,Cannon, Kevin,295.0
21040401,Sheets of Six-Membered Rings,Talc,Gunter Talc #127 CT_handtalc,Gunter, Mickey,295.0
16060301,Simple Oxides,Oxide,Ferrihydrite, reacted SG FH-15-0-A,Dehouck, Erwin,6.0
08082401,Hydrated Acid and Sulfates,Sulfate,Pickeringite VZO 117-118 ,Dyar, Darby,295.0
11010605,Anhydrous Sulfates Containing Hydroxyl or Halogen,Alunite,Jarosite, synthetic SOLN dry,Loiselle, Liane,295.0
11071503,N/A,Industrial Samples,Coal Fly Ash FeOOH 25C,Fan, Maohoung,8.0
07051702,Double-Width Unbranched Chains W=2,Amphibole,Kaersutite Tm,Dyar, Darby,125.0
17031201,Insular SiO4 Groups Only,Olivine,Montticellite NMNH 13639, Italy, whole sample not pure but maybe only one Fe bearing phase,Dyar, Darby,30.0
03112601,Simple Oxides,Oxide,Ferrihydrite JB-564 Czech 5005-1,Bishop, Janice,80.0
07012401,Hydrated Acid and Sulfates,Sulfate,Gunningite 156925 Oakland, CA,Dyar, Darby,295.0
07121303,Single-Width Unbranched Chains W=1,Pyroxene,Pyroxene, synthetic Wo40En24Fs36 071,Lindsley, Donald,225.0
15072801,Insular SiO4 Groups Only,Olivine,Olivine KI-3648 Fo71.6 rinsed 5h HNO3 Kiglapait,Morse, S. A.,295.0
11080401,N/A,Biogeochemical Mineralogical By-Products,Roane July 2011 inoculated + incubated until stationary phase,Holden, Jim,4.0
05120905,Insular SiO4 Groups Only,Olivine,Olivine, synthetic Fo30,Lindsley, Donald,12.0
16021701,N/A,Biogeochemical Mineralogical By-Products,Sully Su06 Dry Ferrihydrite FH 0C 2-12-16 ,Holden, Jim,6.0
10092501,N/A,Terrestrial Samples,Sandstone Moenkopi sample 3 PNF_1_7,Schoonen, Martin,295.0
glm478,Sheets of Six-Membered Rings,Mica,Lee-Guidotti Muscovite 478 2mil 6-23-89,Guidotti, Charles,295.0
12063001,N/A,Biogeochemical Mineralogical By-Products,Sully_3 inoculated + incubated at 92C until stationary phase  ,Holden, Jim,45.0
18010901,N/A,Biogeochemical Mineralogical By-Products,P. delaneyi Akaganeite AKAG102315 heat + cells annoxically dried,Kashyap, Srishti,4.0
03121202,Simple Oxides,Oxide,Maghemite JB-301,Bishop, Janice,140.0
04111602,Insular SiO4 Groups Only,Olivine,Olivine, synthetic Fo70,Menzies, Olywn,12.0
04032901,Simple Oxides,Oxide,Goethite, reduced JB-438,Bishop, Janice,295.0
04081903,Simple Oxides,Oxide,Hematite, synthetic,Dyar, Darby,210.0
20050701,Sheets of Six-Membered Rings,Talc,Gunter Talc #38, USA_NC_Murphy_124, Univ. of Idaho,Gunter, Mickey,295.0
16081701,Insular SiO4 Groups Only,Olivine,Olivine San Carlos LT75 um fresh .23g,Gillis-Davis, Jeff,295.0
11050204,N/A,Industrial Samples,Nanoporous FeOOH 20% NHF 25C, NaHCO3 on FeOOH,Fan, Maohong,295.0
06072302,Anhydrous Sulfates Containing Hydroxyl or Halogen,Alunite,Jarosite, synthetic T12 (K0Na1H3O0)(Fe2.5Al0.5),Tosca, Nick,295.0
02021401,Al-Si Frameworks,Feldspar,Anorthite Fe2+ ,Housely, Robert,295.0
06080901,Double-Width Unbranched Chains W=2,Amphibole,Amphibole Soda Springs #2,King, Penny,295.0
psp3bx,Single-Width Unbranched Chains W=1,Pyroxene,Spinel Peridotite H30-64 CPX 31mil 6-18-92,McGuire, Anne,295.0
07122601,Single-Width Unbranched Chains W=1,Pyroxene,Pyroxene, synthetic Wo40En48Fs12 075,Lindsley, Donald,80.0
s280bt,Sheets of Six-Membered Rings,Mica,Barnes Biotite 80 8mil 11-5-93,Barnes, Calvin,295.0
06032701,Single-Width Unbranched Chains W=1,Pyroxene,Jadeite 8F NMNH NBJOI,Sorensen, Sorena,295.0
03100101,Simple Oxides,Oxide,Ilmenite KI-2193 ,Morse S. A.,220.0
15041505,Hydroxides and Oxides Containing Hydroxyl,Hydroxide,Goethite, synthetic, nanophase GOET012315,Sklute, Elizabeth,150.0
12030702,Hydroxides and Oxides Containing Hydroxyl,Hydroxide,Lepidocrocite, synthetic JB-56,Bishop, Janice,130.0
07042107,Single-Width Unbranched Chains W=1,Pyroxene,Pyroxene, synthetic Wo50En0Fs50,Lindsley, Donald,125.0
07102303,Insular SiO4 Groups Only,Garnet,Garnet, almandine HE-1 Barton Mine, Pit 1, Garnet Amphibolite, Gore Mountain, NY,Dyar, Darby,295.0
07053006,Double-Width Unbranched Chains W=2,Amphibole,Kaersutite Fa-86-1,Dyar, Darby,250.0
v2kva5,Sheets of Six-Membered Rings,Mica,Spike Muscovite KVA-57 58.22 6mil 2-28-95,Berry, Spike,295.0
11122001,N/A,Biogeochemical Mineralogical By-Products,Chimney EG09-1-2 "outside" dried,Holden, Jim,200.0
04111901,Insular SiO4 Groups Only,Olivine,Olivine, synthetic Fo70,Menzies, Olywn,75.0
05022201,Hydrated Acid and Sulfates,Sulfate,Voltaite 137958 ,Dyar, Darby,295.0
13040601,Sulfides, including Selenides and Tellurides,Sulfite,Sphalerite R164122-1 Dundas, Ontario, Canada,Dyar, Darby,4.0
13042104,Hydrated Sulfates Containing Hydroxyl or Halogen,Sulfate,Fibroferrite SPT 121,Cloutis, Edward,30.0
05050301,Simple Oxides,Oxide,Hematite UT97-20A Int Mars,Chan, Marjorie,295.0
07112908,Single-Width Unbranched Chains W=1,Pyroxene,Pyroxene, synthetic Wo20En56Fs24 019,Lindsley, Donald,200
14111801,Double-Width Unbranched Chains W=2,Amphibole,Hastingsite Mueller HAST-5-100-2 100%,Jenkins, David,295
07111201,Single-Width Unbranched Chains W=1,Pyroxene,Pyroxene, synthetic Wo40En55F55 Px077,Lindsley, Donald,8
s2exp2,Sheets of Six-Membered Rings,Mica,Earley Biotite 2 11mil 9-30-93,Earley, Drummond,295
07022202,Insular SiO4 Groups and O, OH, F, and H2O,Staurolite,Staurolite O-K-46,Guidotti, Charles,295
10111101,Simple Oxides,Oxide,Hematite, nanophase Alfa Aesar 07-2010,Holden, Jim,80
12070202,N/A,Biogeochemical Mineralogical By-Products,Sully_3 inoculated + incubated at 92C until stationary phase  ,Holden, Jim,60
06101703,Anhydrous Sulfates Containing Hydroxyl or Halogen,Alunite,Jarosite, synthetic 3: mixed comp #1 Tosca,Tosca, Nick,295
16060201,Simple Oxides,Oxide,Ferrihydrite, reacted SG FH-40-4-A,Dehouck, Erwin,6
05120706,Insular SiO4 Groups Only,Olivine,Olivine, synthetic Fo30,Lindsley, Donald,175
02052301,Anhydrous Sulfates Containing Hydroxyl or Halogen,Alunite,Jarosite SPT 107,Cloutis, Edward,295
04052501,N/A,Terrestrial Samples,Basalt JB-399-A Haleakala,Bishop, Janice,295
06111201,Six-Membered Rings,Beryl,Beryl, blue #56,Groat, Lee,4
16100301,Hydroxides and Oxides Containing Hydroxyl,Hydroxide,Lepidocrocite, synthetic, nanophase LEP052616 freeze dried,Sklute, Elizabeth,220
06080608,Insular SiO4 Groups Only,Garnet,Garnet UEP-1-77,Taran, Michail,295
08111301,N/A,Biogeochemical Mineralogical By-Products,Chimney Ba 08-2 4438 8-21-08,Holden, Jim,295
04010201,N/A,Fulgurite,Fulgurite Texas,Sheffer, Abby,295
02060701,Hydrated Sulfates Containing Hydroxyl or Halogen,Sulfate,Copiapite SPT 117,Cloutis, Edward,295
07122111,Single-Width Unbranched Chains W=1,Pyroxene,Pyroxene, synthetic Wo20En40Fs40 051,Lindsley, Donald,275
17032401,Insular SiO4 Groups Only,Olivine,Montticellite NMNH 13639, Italy, whole sample not pure but maybe only one Fe bearing phase,Dyar, Darby,175
18042901,N/A,Biogeochemical Mineralogical By-Products,P. Islandicum Ferrihydrite heat + cells anoxically dried ,Kashyap, Srishti,150
07010201,N/A,Meteorite,Meteorite LAP 04840,16 whole rock <45mm,Dyar, Darby,295
12051001,N/A,Biogeochemical Mineralogical By-Products,Chimney Sa08 ALV 4446 8-29-08,Holden, Jim,4
07012901,Hydrated Acid and Sulfates,Sulfate,Apjohnite 121356 Sevier Co, TN,Dyar, Darby,295
02121901,N/A,Terrestrial Samples,Acid Saline Lake KCB 6,Benison, Kathy,295
ib1dsp,Multiple Oxides,Multiple Oxide,DH-101-D Spinel Dish Hill 18mil? 7-6-90,McGuire, Anne,295
11030702,Simple Oxides,Oxide,Magnetite III.1 70nm,Nyiro-Kosa, Ilona,150
04100601,Double-Width Unbranched Chains W=2,Amphibole,Amphibole RB-N,Lupulescu, Marian,295
07011902,Hydrated Acid and Sulfates,Sulfate,Rhomboclase 81268 Peru,Dyar, Darby,295
07041708,Single-Width Unbranched Chains W=1,Pyroxene,Pyroxene, synthetic En8Fs92A 021A,Lindsley, Donald,30
20120401,Single-Width Unbranched Chains W=1,pyroxene,Aegirine 97561 Harvard Magnet Cove AR,Dyar, Darby,295
06072003,Anhydrous Sulfates Containing Hydroxyl or Halogen,Alunite,Natrojarosite NAJ 7-1 UC Davis,Bishop, Janice,295
06072101,Anhydrous Sulfates Containing Hydroxyl or Halogen,Alunite,Jarosite, synthetic AJ 5-4 Na.26H3O.74Fe2.48,Dyar, Darby,295
15060403,N/A,Meteorite,Meteorite MET 00639,13 APL,Hibbitts, Karl,295
02013001,Al-Si Frameworks,Feldspar,Anorthite Fe2+ ,Housely, Robert,70
07101202,N/A,Mixtures,Garnet standards mix (almandine and andradite),Dyar, Darby,200
06011202,Single-Width Unbranched Chains W=1,Pyroxene,Pyroxene, synthetic En7SFS25-003,Lindsley, Donald,295
08071701,Anhydrous Sulfates Containing Hydroxyl or Halogen,Alunite,Plumbojarosite Mexico 1114mg >125μm,Brophy, Gerald,295
05121203,Insular SiO4 Groups Only,Olivine,Olivine, synthetic Fo10,Lindsley, Donald,50
06121207,Sheets of Six-Membered Rings,Mica,Biotite mica-Fe CRPG Geostandard,Dyar, Darby,225
10122101,N/A,Terrestrial Samples,Basalt, altered HYD-13 Atacama Desert,Greenberger, Rebecca,295
18030101,N/A,Terrestrial Samples,Dolerite PRR-39262 interior,Salvatore, Mark,295
07022606,Hydrated Phosphates, Arsenates, and Vanadates containing Hydroxyl or Halogen,Phosphate,Beraunite P18 Shadey Polk Co. Arkansas,Dyar, Darby,295
15040102,N/A,Terrestrial Samples,Core U1424A 1-4-44 WHOI ,Gosan, Liviu,250
10121101,Hydroxides and Oxides Containing Hydroxyl,Hydroxide,Akaganeite, nanophase 1GOE 07-2010 ,Bosch, Julian,225
03021201,N/A,Meteorite,Meteorite EETA 79001A whole rock,Dyar, Darby,295
04081804,Simple Oxides,Oxide,Hematite, synthetic,Dyar, Darby,290
06101301,Anhydrous Sulfates Containing Hydroxyl or Halogen,Alunite,Jarosite CC3 UC Davis,Bishop, Janice,295
04061102,Anhydrous Sulfates Containing Hydroxyl or Halogen,Sulfate,Tochilinite TOC 101,Dyar, Darby,60
11032601,Simple Oxides,Oxide,Maghemite VI.2 100nm,Nyiro-Kosa, Ilona,8
07061104,Single-Width Unbranched Chains W=1,Pyroxene,Pyroxene, synthetic Wo10En45Fs45 009,Lindsley, Donald,275
11072803,Anhydrous Normal Phosphates, Arsenates, and Vanadates,Phosphate,Maricite MDD14,Dyar, Darby,295
19122201,N/A,Terrestrial Samples,DLR 1846 Rhyolite,Dyar, Darby,295
07021902,Insular SiO4 Groups Only,Garnet,Garnet 6v-Ra-b42-66,Guidotti, Charles,295
12030703,Hydroxides and Oxides Containing Hydroxyl,Hydroxide,Lepidocrocite, synthetic JB-56,Bishop, Janice,200
17061602,Simple Oxides,Biogeochemical Mineralogical By-Products,Geobacter Ferrihydrite heat-no cells, filtered then dried anaerobically 6-5-17,Valvur, Helena,80
07121107,Single-Width Unbranched Chains W=1,Pyroxene,Pyroxene, synthetic Wo20En32Fs48 057,Lindsley, Donald,60
04042503,Hydrated Acid and Sulfates,Sulfate,Szomolnokite 560,Dyar, Darby,40
ehsh02,Insular SiO4 Groups and O, OH, F, and H2O,Staurolite,Holdaway Staurolite 356-1 1mil 10-21-88,Holdaway, Michael,295
07122802,Single-Width Unbranched Chains W=1,Pyroxene,Pyroxene, synthetic Wo50En15Fs35 037,Lindsley, Donald,80
19092401,N/A,glass,Mexico glass used for mixing experiments,Dyar, Darby,295
lblank,Sheets of Six-Membered Rings,Mica,Earley CuBiFeOx Biotite "Blank" 4mil 8-27-91,Earley, Drummond,295
12061101,N/A,Biogeochemical Mineralogical By-Products,Sully_3 inoculated + incubated at 92C until stationary phase  ,Holden, Jim,295
13071903,N/A,Industrial Samples,Coal fly ash 4 Na 20 min water, coal,Fan, Maohong,295
04040803,Insular SiO4 Groups Only,Olivine,Fayalite, synthetic Fe0,Menzies, Olwyn,60
04042501,Anhydrous Sulfates Containing Hydroxyl or Halogen,Sulfate,Romerite SPT 130,Cloutis, Edward,270
11022701,Al-Si Frameworks,Feldspar,Feldspar, plagioclase PL-15,Cheek, Leah,18
v2manb,Sheets of Six-Membered Rings,Mica,Mancini Biotite Run1 70.68 3mil 2-25-95,unknown,295
15041506,Hydroxides and Oxides Containing Hydroxyl,Hydroxide,Goethite, synthetic, nanophase GOET012315,Sklute, Elizabeth,150-80
18011502,N/A,Biogeochemical Mineralogical By-Products,P. delaneyi Lepidocrocite heat + cells anoxically dried,Kashyap, Srishti,80
ichmis,Sheets of Six-Membered Rings,Chlorite,Saccocia Chlorite Starting Material,MI 6mil 5-30-90,Saccocia, Peter,295
16022901,N/A,Terrestrial Samples,Ocean sediment 185-1149 8H5 115-117 63-125mm BU,Anderson, Chloe,295
07041905,Single-Width Unbranched Chains W=1,Pyroxene,Pyroxene, synthetic Wo20En20Fs20 055,Lindsley, Donald,100
09021001,N/A,Terrestrial Samples,Greenalite Cartagena SP,Evans, Bernard,295
04090901,N/A,Glass,Glass, synthetic M4A-4,Righter, Kevin,295
05092201,Simple Oxides,Oxide,Hematite #2,Ferre, Eric,12.5
10110601,Simple Oxides,Oxide,Hematite, nanophase Alfa Aesar 07-2010,Holden, Jim,275
kstoli,Insular SiO4 Groups Only,Olivine,Mackwell Olivine 1400C 10^-4atm 4hrs 6mil 5-10-91,Mackwell, Steve,295
07121806,Single-Width Unbranched Chains W=1,Pyroxene,Pyroxene, synthetic En50Fs50 SynPx004,Lindsley, Donald,295
06101806,Anhydrous Sulfates Containing Hydroxyl or Halogen,Alunite,Jarosite, synthetic 11 H3OFe3 Tosca,Tosca, Nick,295
20012701,Sheets of Six-Membered Rings,Talc,Gunter Talc #96, USA_MT_WillowCr_1A, Univ. of Idaho,Gunter, Mickey,295
06080905,Double-Width Unbranched Chains W=2,Amphibole,Amphibole SC #1,Righter, Kevin,295
15062702,N/A,Biogeochemical Mineralogical By-Products,Islandicum Pipes buffer time point 6 control,Holden, Jim,80
12062505,Hydrated Phosphates, Arsenates, and Vanadates containing Hydroxyl or Halogen,Phosphate,Vivianite DD171,Dyar, Darby,130
15111702,Simple Oxides,Oxide,Maghemite, synthetic, nanophase MAGH061815,Sklute, Elizabeth,80
16021505,N/A,Biogeochemical Mineralogical By-Products,Sully Su06 Dry Ferrihydrite FH 0B 2-12-16 ,Holden, Jim,150
15021801,Single-Width Unbranched Chains W=1,Pyroxene,Clinopyroxene 05.07H,Barnes, Calvin,295
10082502,Hydroxides and Oxides Containing Hydroxyl,Hydroxide,Goethite, nanophase C1 07-20-10 m.08-23-10,Tosca, Nick,210
11032102,Simple Oxides,Oxide,Magnetite V.2,Nyiro-Kosa, Ilona,225
15081501,N/A,Biogeochemical Mineralogical By-Products,Sully 7-15 Wet Ferrihydrite FH Control Final ,Holden, Jim,6
fhd1cp,Single-Width Unbranched Chains W=1,Pyroxene,Harrat al Kishb H30-D1 Sp. Pyroxenite CPX 2mil 5-16-89,McGuire, Anne,295
18090603,Double-Width Unbranched Chains W=2,Amphibole,Amphibole Tony Law G9-1,Dyar, Darby,295
ib1bol,Insular SiO4 Groups Only,Olivine,DH-101-B Olivine 6mil 4-11-90,McGuire, Anne,295
09011301,Hydrated Sulfates Containing Hydroxyl or Halogen,Sulfate,Copiapite FAC-7 JB-842,Bishop, Janice,295
jkh5tu,Six-Membered Rings,Tourmaline,Kerrich Hmy 527 Tourmaline 9mil 2-17-91,Kerrich, Bob,295
04070801,Anhydrous Sulfates Containing Hydroxyl or Halogen,Sulfate,Romerite SPT 110,Cloutis, Edward,195
19070101,N/A,Terrestrial Samples,Blood falls sample ES26 air dried sediment mostly sample,Mikucki, Jill,150
07121709,Single-Width Unbranched Chains W=1,Pyroxene,Pyroxene, synthetic Fs100 DL-CMP-061,Lindsley, Donald,150
06120903,Sheets of Six-Membered Rings,Mica,Zinnwaldite ZW-C GIT-IWG,Dyar, Darby,200
07120106,Single-Width Unbranched Chains W=1,Pyroxene,Pyroxene, synthetic En70Fs30 SynPx 026A,Lindsley, Donald,295
04051303,N/A,Terrestrial Samples,Basalt JB-391-A Haleakala,Bishop, Janice,295
08121901,Simple Oxides,Oxide,Maghemite JB-JLB-301,Bishop, Janice,295
07120207,Single-Width Unbranched Chains W=1,Pyroxene,Pyroxene, synthetic En70Fs30 SynPx 026A,Lindsley, Donald,60
04072902,Native Elements and Alloys,Metal,Fe foil  4 mm-s,n/a,195
05080402,Anhydrous Sulfates Containing Hydroxyl or Halogen,Alunite,Jarosite, synthetic 2B heated to 300C,Brophy, Gerald,295
04031001,N/A,Fulgurite,Fulgurite CT rock chip,Sheffer, Abigail,295
13092401,Sheets of Six-Membered Rings,Smectite,Nontronite, shocked Nau-1 30.6 GPa ,Michalski, Joe,295
02100701,Six-Membered Rings,Tourmaline,Elbaite Himalaya Mine, CA light pink,Ertl, Andreas,295
07123006,Single-Width Unbranched Chains W=1,Pyroxene,Pyroxene, synthetic Wo30En28Fs42 068,Lindsley, Donald,30
07052102,Double-Width Unbranched Chains W=2,Amphibole,Kaersutite Fr-12,Dyar, Darby,125
18052101,Insular SiO4 Groups Only,Olivine,Olivine San Carlos (forsterite 13),Tokle, Leif,295
05111604,Insular SiO4 Groups Only,Olivine,Olivine, synthetic Fo70 Hartzman,Lindsley, Donald,18
02022001,Al-Si Frameworks,Feldspar,Plagioclase B33,Tegnar, Christian,295
15062501,N/A,Biogeochemical Mineralogical By-Products,Islandicum KPO4 buffer A final,Holden, Jim,6
ab466g,N/A,Terrestrial Samples,(STU) Ra-b4-66 1mil 11-12-87,Guidotti, Charles,295
13071901,N/A,Industrial Samples,Coal fly ash 2 Fe 2 Na 20 min water,Fan, Maohong,295
07051402,Single-Width Unbranched Chains W=1,Pyroxene,Pyroxene, synthetic Wo40En30Fs30 079,Lindsley, Donald,12
08010204,Single-Width Unbranched Chains W=1,Pyroxene,Pyroxene, synthetic Wo30Fs70 085,Lindsley, Donald,175
l5273c,Sheets of Six-Membered Rings,Chlorite,Guidotti Zone 5 M-273-62 Chlorite 13mil 10-5-91,Guidotti, Charles,295
15081001,N/A,Biogeochemical Mineralogical By-Products,Sully 7-15 Wet Ferrihydrite FH Final A ,Holden, Jim,6
07060503,Single-Width Unbranched Chains W=1,Pyroxene,Pyroxene, synthetic Wo30En17.5F252.5 066,Lindsley, Donald,18
05040801,N/A,Fulgurite,Fulgurite Sugarland TX country rock,Sheffer, Abigail,295
05082411,Anhydrous Sulfates Containing Hydroxyl or Halogen,Alunite,Jarosite, synthetic 2B heated to 300C,Brophy, Gerald,60
05090901,N/A,Fulgurite,Fulgurite Algeria E glass,Sheffer, Abigail,295
03120902,Simple Oxides,Oxide,Magnetite JB-307,Bishop, Janice,165
12041702,Simple Oxides,Oxide,Hematite 763 7-11,Breves, Elly,130
khs39d,Multiple Oxides,Multiple Oxide,Harrell Ep-3-139D Spinel 23mil 4-11-91,McGuire, Anne,295
16050701,Simple Oxides,Oxide,Ferrihydrite, reacted FH-40-0-A,Dehouck, Eric,295
s2785b,Sheets of Six-Membered Rings,Mica,Barnes Biotite 785 8mil 11-18-93,Barnes, Calvin,295
08010801,Single-Width Unbranched Chains W=1,Pyroxene,Pyroxene, synthetic Wo20En20Fs60 056,Lindsley, Donald,295
11062903,N/A,Industrial Samples,Coal Fly Ash Sample M Fe6+,Fan, Mahoung,200
ic167,Sheets of Six-Membered Rings,Kaolinite-Serpentine,C-167 O'Hanley Chrysotile 73mil 2-5-90,O'Hanley, David,295
13081601,N/A,Industrial Samples,Coal fly ash 3Fe:1 Na ash,Fan, Maohong,295
11080503,N/A,Biogeochemical Mineralogical By-Products,Roane July 2011 inoculated + incubated until stationary phase,Holden, Jim,295
06120503,Sheets of Six-Membered Rings,Chlorite,Chlorite, clinochlore West Chester PA,Dyar, Darby,225
07042106,Single-Width Unbranched Chains W=1,Pyroxene,Pyroxene, synthetic Wo50En0Fs50,Lindsley, Donald,150
11062801,N/A,Glass,Glass, synthetic DD K2292 4,Dyar, Darby,295
06030101,Single-Width Unbranched Chains W=1,Pyroxene,Jadeite IA,Sorenson, Sorena,295
03081301,Simple Oxides,Oxide,Ferrihydrite, synthetic JB-46 (RBG-Sherman) <45mm ,Bishop, Janice,135
prt12t,Six-Membered Rings,Tourmaline,Igneous Tourmaline RT 12 Black Tourmaline 12mil 8-23-92,Dyar, Darby,295
06072009,Anhydrous Sulfates Containing Hydroxyl or Halogen,Alunite,Natrojarosite NAJ 8-3 UC Davis,Bishop, Janice,295
07061402,Single-Width Unbranched Chains W=1,Pyroxene,Pyroxene, synthetic Wo50En40Fs10 033,Lindsley, Donald,275
10101301,N/A,Terrestrial Samples,Chimney Sa08 ALV 4446 8-29-08,Holden, Jim,295
h80_k,Al-Si Frameworks,Feldspar,Housely Fe2+ Anorthite 80K,Housely, Robert,80
nmsa80,Insular SiO4 Groups Only,Olivine,Mackwell Syn.Olv. Argon 10^-3.8atm 800degrees celsius 103.5h 29mil,Mackwell, Steve,295
14120101,N/A,Terrestrial Samples,Core U1424 1-1-145 WHOI,Gosan, Liviu,295
12022201,Hydroxides and Oxides Containing Hydroxyl,Hydroxide,Goethite 7nm,Tosca, Nick,80
14030501,Sheets of Six-Membered Rings,Kaolinite-Serpentine,Serpentine, shocked 31.4 GPa,Michalski, Joe,295
03110901,N/A,Mixtures,Ferrihydrite -- Magnetite Balmont Mix #4,Bishop, Janice,30
v2b5eh,Double-Width Unbranched Chains W=2,Amphibole,Barnes Hornblende FPC-5E 55.47 11mil 3-21-95,Barnes, Calvin,295
07042203,Single-Width Unbranched Chains W=1,Pyroxene,Pyroxene, synthetic Wo50En0Fs50,Lindsley, Donald,45
07050203,Single-Width Unbranched Chains W=1,Pyroxene,Pyroxene, synthetic Wo10En22.5Fs67.5 053,Lindsley, Donald,18
vmcdil,Single-Width Unbranched Chains W=1,Pyroxene,Mackwell-Carpenter Diopside L 21.27 16mil 12-8-94,McGuire, Anne,295
ioglas,Insular SiO4 Groups Only,Glass,Br2dy Oxidized Alum Glas MN0 80mil 2-13-90,Brady, John,295
03062410,Simple Oxides,Oxide,Hematite,Dyar, Darby,295
upmp15,Insular, Mixed, Single, and Larger Tetrahedral Groups,Pumpellyite,BAN 15 Pumpellyite 51.34 9mil 8-28-94,Voci, Christopher,295
18050901,N/A,Terrestrial Samples,Palagonite tuff CH-04,Farrand, Bill,5
11081001,Simple Oxides,Oxide,Ferrihydrite HFO Douthat Bridge Water Column,Estes, Emily,4
15042101,N/A,Terrestrial Samples,Core U1422A 1-4-45 WHOI,Gosan, Liviu,250
07123108,Single-Width Unbranched Chains W=1,Pyroxene,Pyroxene, synthetic Wo10En13.5Fs76.5 048,Lindsley, Donald,225
05022401,Hydrated Acid and Sulfates,Sulfate,Voltaite 95830,Dyar, Darby,295
18052601,N/A,Meteorite,Meteorite Hamburg fusuion crust,Weiler, Brandon,295
07053002,Single-Width Unbranched Chains W=1,Pyroxene,Pyroxene, synthetic Wo20En64Fs16 017,Lindsley, Donald,4
13040201,Hydrated Acid and Sulfates,Sulfate,Coquimbite S63 Atacama, CA,Lane, Melissa,295
xubmt6t,Six-Membered Rings,Tourmaline,Blk.Mtn. Pegmatite BMT-65 Tourmaline 65.56 2mil 9-22-94,Dyar, Darby,295
03080901,Simple Oxides,Oxide,Ferrihydrite, synthetic JB-46 (RBG-Sherman) <45mm ,Bishop, Janice,40
04091601,Double-Width Unbranched Chains W=2,Amphibole,Amphibole, shocked AK-M37.48 GPa,Minitti, Michelle,295
12033001,Hydroxides and Oxides Containing Hydroxyl,Hydroxide,Schwertmannite, natural JB-130 <125mm,Bishop, Janice,4
11061401,N/A,Terrestrial Samples,Oil sand EC<2,Osacky, Marek,295
03022601,N/A,Mixtures,Clinopyroxene -- Fayalite 10:1 mix,Dyar, Darby,295
20010101,N/A,Terrestrial Samples,DLR Little Falls Shale,Dyar, Darby,295
17031101,Insular SiO4 Groups Only,Olivine,Montticellite NMNH 13639, Italy, whole sample not pure but maybe only one Fe bearing phase,Dyar, Darby,24
02071801,Insular SiO4 Groups Only,Garnet,Garnet, almandine GAR 104,Cloutis, Edward,295
18083102,Single-Width Unbranched Chains W=1,Pyroxene,Pyroxene Ep-3-46 opx,Dyar, Darby,295
fbd1sp,Multiple Oxides,Multiple Oxide,Dish Hill Ba-2-1 D1 Spinel 1mil 5-22-89,McGuire, Anne,295
10090801,N/A,Biogeochemical Mineralogical By-Products,Roane 8-19-10 mounted dry,Holden, Jim,164
08010901,Single-Width Unbranched Chains W=1,Pyroxene,Pyroxene, synthetic Wo40En10Fs50 076,Lindsley, Donald,295
12022003,Hydroxides and Oxides Containing Hydroxyl,Hydroxide,Goethite nanophase np-Gt A1,Tosca, Nick,4
02112801,Sheets of Six-Membered Rings,Kaolinite-Serpentine,Antigorite JA-562,Bishop, Janice,295
12030701,Hydroxides and Oxides Containing Hydroxyl,Hydroxide,Lepidocrocite, synthetic JB-56,Bishop, Janice,80
12011102,N/A,Biogeochemical Mineralogical By-Products,Sully_4 inoculated + incubated at 92C for 100h past stationary phase  ,Holden, Jim,4
04071301,N/A,Terrestrial Samples,Acid Mine Drainage JB-577-A,Bishop, Janice,295
04081911,Simple Oxides,Oxide,Hematite, synthetic,Dyar, Darby,160
xst2fef,Six-Membered Rings,Tourmaline,XIA140 Fe(0.0002") R.T. V=4 8-16-17-1996 2mil,Dyar, Darby,295
16082001,N/A,Terrestrial Samples,Ocean sediment 185 1149 08H05 115-117 bulk BU,Anderson, Chloe,295
pwhtc1,Six-Membered Rings,Tourmaline,Igneous Tourmaline Whitecap 1 Black Tourmaline 11mil 8-24-92,Dyar, Darby,295
21021902,N/A,Terrestrial Samples,AX17 grown on Lepidocrocite 2 heat - no cells,Elizabeth Sklute,80
07110701,Single-Width Unbranched Chains W=1,Pyroxene,Pyroxene, synthetic Wo40En55F55 Px077,Lindsley, Donald,200
hb1bcp,Single-Width Unbranched Chains W=1,Pyroxene,Dish Hill,CA CPX DH-101-B 17mil 10-8-89,McGuire, Anne,295
15110602,Simple Oxides,Oxide,Maghemite, synthetic, nanophase MAGH061815,Sklute, Elizabeth,220
vm210u,Six-Membered Rings,Tourmaline,Hall Form HS#52210 Uvite Tourmaline 2.87 6mil 11-10-94,Dyar, Darby,295
10102801,Simple Oxides,Oxide,Ferrihydrite, nanophase 1GOE 06-2008,Bosch, Julian,8
15062802,N/A,Biogeochemical Mineralogical By-Products,Islandicum Pipes buffer time point 6 run A,Holden, Jim,295
12020302,Hydrated Sulfates Containing Hydroxyl or Halogen,Sulfate,Metasideronatrite VZO 112,Dyar, Darby,295
09083101,N/A,Terrestrial Samples,Basalt Mid-Atlantic Ridge 140-2,Reynolds, Valerie,295
19091802,N/A,glass,Idaho CRB mixing experiments,Dyar, Darby,295
06072104,Anhydrous Sulfates Containing Hydroxyl or Halogen,Alunite,Natrojarosite NAJ 5-2 UC Davis,Bishop, Janice,295
03062801,Simple Oxides,Oxide,Hematite, synthetic ,Dyar, Darby,15
04072701,Insular SiO4 Groups Only,Olivine,Olivine, synthetic Fo80,Menzies, Olywn,270
02021601,Simple Oxides,Oxide,Ilmenite KI-2193,Morse, S.A.,295
07112002,Single-Width Unbranched Chains W=1,Pyroxene,Pyroxene, synthetic Wo50En0Fs50 083,Lindsley, Donald,60
18090501,Double-Width Unbranched Chains W=2,Amphibole,Amphibole Tony Law A1,Dyar, Darby,295
04043003,Anhydrous Sulfates Containing Hydroxyl or Halogen,Sulfate,Romerite SPT 110,Cloutis, Edward,40
13070103,Sheets of Six-Membered Rings,Kaolinite-Serpentine,Serpentine CSWI 28C-A URI,Stander, Amy,295
10050401,Simple Oxides,Oxide,Magnetite Tor 39F,Li, Y.-L.,4
11090203,Hydrated Phosphates, Arsenates, and Vanadates containing Hydroxyl or Halogen,Phosphate,Dufrenite ML-P34,Lane, Melissa,295
15122201,N/A,Biogeochemical Mineralogical By-Products,Sully Test Dry Ferrihydrite FH B frozen,Holden, Jim,80
06071303,Insular SiO4 Groups Only,Garnet,Garnet SM 1348,Taran, Michail,295
04030201,Anhydrous Sulfates Containing Hydroxyl or Halogen,Sulfate,Melanterite SPT 130,Cloutis, Edward,295
04041601,Hydrated Acid and Sulfates,Sulfate,Szomolnokite 560,Dyar, Darby,60
07082401,N/A,Glass,Glass, synthetic NNO+5_2 Basalt,Dufresne, Celeste,295
18071801,Si2O7 Groups, Generally with No Additional Anions,Pyroxene,Pyroxene Ep1-42B cpx,Dyar, Darby,295
11032305,Simple Oxides,Oxide,Maghemite VI.1 70nm,Nyiro-Kosa, Ilona,60
06121508,Sheets of Six-Membered Rings,Mica,Glauconite Hurricane Mountain, NH,Dyar, Darby,24
04040801,Insular SiO4 Groups Only,Olivine,Fayalite, synthetic Fe0,Menzies, Olwyn,30
07082201,N/A,Glass,Glass, synthetic NNO-1.5_2 Basalt,Dufresne, Celeste,295
15021501,N/A,Terrestrial Samples,Ocean sediment KN223-S10-LC1-S15-0-10 BU,Anderson, Chloe,295
17030901,Insular SiO4 Groups Only,Olivine,Montticellite NMNH 13639, Italy, whole sample not pure but maybe only one Fe bearing phase,Dyar, Darby,12
04112001,Insular SiO4 Groups Only,Olivine,Olivine, synthetic Fo70,Menzies, Olywn,120
14021801,N/A,Glass,Glass, synthetic Fa-Plag Lazareva-Lindsley 1.005,Lazareva, Lena,295
12022103,Hydroxides and Oxides Containing Hydroxyl,Hydroxide,Goethite 7nm,Tosca, Nick,4
03062903,Simple Oxides,Oxide,Hematite, synthetic ,Dyar, Darby,40
07112008,Single-Width Unbranched Chains W=1,Pyroxene,Pyroxene, synthetic Wo50En0Fs50 083,Lindsley, Donald,8
08010301,Single-Width Unbranched Chains W=1,Pyroxene,Pyroxene, synthetic Wo30Fs70 085,Lindsley, Donald,60
08051103,Hydrated Acid and Sulfates,Sulfate,Voltaite Black,Coleman, Max,295
07060501,Single-Width Unbranched Chains W=1,Pyroxene,Pyroxene, synthetic Wo30En17.5F252.5 066,Lindsley, Donald,30
19053101,N/A,Glass,McCanta Glass BHVO-2, QFM, PDCV-3, 9mg,McCanta, Molly,295
06101305,Anhydrous Sulfates Containing Hydroxyl or Halogen,Alunite,Natrojarosite NAJ6-1 UC Davis,Bishop, Janice,295
01040601,Double-Width Unbranched Chains W=2,Amphibole,Hornblende 96PSS-01,Qunke,295
07110802,Single-Width Unbranched Chains W=1,Pyroxene,Pyroxene, synthetic Wo40En55F55 Px077,Lindsley, Donald,100
kstunl,Insular SiO4 Groups Only,Olivine,Mackwell Olivine Untreated 14mil 5-15-91,Mackwell, Steve,295
07061302,Single-Width Unbranched Chains W=1,Pyroxene,Pyroxene, synthetic Wo10En45Fs45 009,Lindsley, Donald,30
10010202,N/A,Biogeochemical Mineralogical By-Products,Islandicum grown on Fe Gel, dehydrate 1 11-17-09,Holden, Jim,30
07022303,N/A,Mixtures,Ilmenite + garnet Ra-d86-66 heavies,Guidotti, Charles,295
07022402,Hydrated Phosphates, Arsenates, and Vanadates containing Hydroxyl or Halogen,Phosphate,Chlidrenite P29 Linapolis, Mine Galilea, Brazil,Dyar, Darby,295
06101805,Anhydrous Sulfates Containing Hydroxyl or Halogen,Alunite,Jarosite, synthetic 10 H3O1Fe2.25Al0.75 Tosca,Tosca, Nick,295
02042601,Double-Width Unbranched Chains W=2,Amphibole,Holmquisite ,Law, Tony,120
10020101,Sheets of Six-Membered Rings,Kaolinite-Serpentine,Antigorite BM 31725,Evans, Bernard,295
04042801,Insular SiO4 Groups Only,Olivine,Fayalite, synthetic,Menzies, Olwyn,80
v2sdc4,Insular SiO4 Groups Only,Garnet,Smyth Garnet SDC-4 78.37 3mil 3-31-95,Smyth, Joe,295
11032302,Simple Oxides,Oxide,Maghemite VI.1 70nm,Nyiro-Kosa, Ilona,24
16010401,N/A,Biogeochemical Mineralogical By-Products,Sully Wet Ferrihydrite FH 0B FROZEN,Holden, Jim,150
11072505,Hydrated Phosphates, Arsenates, and Vanadates containing Hydroxyl or Halogen,Phosphate,Strunzite ML-P28,Lane, Melissa,295
03101902,N/A,Mixtures,Goethite -- Jarosite 130260 Mix #2,Bishop, Janice,220
16121002,Insular SiO4 Groups Only,Olivine,Olivine 112085, Red Rock Ridge,Dyar, Darby,295
05081201,Anhydrous Sulfates Containing Hydroxyl or Halogen,Alunite,Jarosite, synthetic 7V heated to 248C,Brophy, Gerald,295
08060201,Si2O7 with Additional O, H, F and H2O,Axinite,Axinite VDM-1,Oyman, Tolga,295
ib1bhb,Double-Width Unbranched Chains W=2,Amphibole,DH-101-B Hornblende 53mil 6-28-90,McGuire, Anne,295
13062802,Sheets of Six-Membered Rings,Kaolinite-Serpentine,Serpentine CSWI 28a hard URI,Stander, Amy,295
14120901,N/A,Fulgurite,Tektite #3 2014,Nottke, Tony,295
11090205,Hydrated Phosphates, Arsenates, and Vanadates containing Hydroxyl or Halogen,Phosphate,Mg-Rockbridgeite DD272,Dyar, Darby,295
20022201,N/A,Terrestrial Samples,ES26 Blood Falls Sediment supernatant,Mikucki, Jill,220
07041305,Single-Width Unbranched Chains W=1,Pyroxene,Pyroxene, synthetic Wo10En36Fs54 011,Lindsley, Donald,4
10042701,Simple Oxides,Biogeochemical Mineralogical By-Products,Islandicum, anaerobically dried,Holden, Jim,150
08070903,Anhydrous Sulfates Containing Hydroxyl or Halogen,Alunite,Jarosite, synthetic 0.45Na-0.5K Sample O,Basciano, Laurel,295
08081301,Hydrated Acid and Sulfates,Sulfate,Coquimbite G2677,Dyar, Darby,295
11020901,N/A,Terrestrial Samples,Sandstone PNF-4-3 (5),Schoonen, Martin,295
IH9804,Sheets of Six-Membered Rings,Kaolinite-Serpentine,O'Hanley M19804 Lizardite 132mil 5-1-90,O'Hanley, David,295
06122103,Sheets of Six-Membered Rings,Smectite,Montmorillonite Swa-1 JB-170,Bishop, Janice,150
13062401,N/A,Miscellaneous,Green Tea 1Fe:10GT mounted dry,Oakes, Jacqueline,295
04092402,Double-Width Unbranched Chains W=2,Amphibole,Amphibole WA-1,King, Penny?,295
20120301,Single-Width Unbranched Chains W=1,pyroxene,Aegirine 87996 Harvard Larvik, Norway,Dyar, Darby,295
12040601,Simple Oxides,Oxide,Ilmenite 20724JB 9-06,Riner, Miriam,80
09032401,Sheets of Six-Membered Rings,Kaolinite-Serpentine,Antigorite Coleman L325 rinsed,Evans, Bernard,295
04050502,N/A,Terrestrial Samples,Acid Mine Drainage JB-577-A,Bishop, Janice,245
13080701,N/A,Glass,Glass, synthetic BAA-2 QFM,McCanta, Molly,295
06072106,Anhydrous Sulfates Containing Hydroxyl or Halogen,Alunite,Jarosite, synthetic #18 K.86Na0Fe2.69,Tosca, Nick,295
05062001,Six-Membered Rings,Tourmaline,Tourmaline UE-4,Oyman, Tolga,295
05013001,Six-Membered Rings,Tourmaline,Tourmaline VE-78,Ertl, Andreas,295
06011301,Single-Width Unbranched Chains W=1,Pyroxene,Pyroxene, synthetic En70FS30.026A,Lindsley, Donald,295
12032701,Hydrated Phosphates, Arsenates, and Vanadates containing Hydroxyl or Halogen,Phosphate,Goyazite ML-P27,Lane, Melissa,295
04061702,Hydrated Acid and Sulfates,Sulfate,Rozenite JB-626-B Iron Mountain <125mm,Dyar, Darby,145
06121204,Sheets of Six-Membered Rings,Mica,Biotite mica-Fe CRPG Geostandard,Dyar, Darby,295
15100501,N/A,Terrestrial Samples,Siltstone, sandy JL109-18 medium to fine,Li, June,295
13031602,Hydrated Sulfates Containing Hydroxyl or Halogen,Sulfate,Amarantite G3775 Los Pintados, Chile,Dyar, Darby,225
00112701,Double-Width Unbranched Chains W=2,Amphibole,Amphibole 2 Libby, MT,Gunter, Mickey,295
18050601,N/A,Biogeochemical Mineralogical By-Products,P. islandicum Ferrihydrite heat-no cells anoxically dried ,Kashyap, Srishti,80
12081703,Sheets of Six-Membered Rings,Clay,Clay VA22 1145-1146,Michalski, Joe,295
14120701,Hydroxides and Oxides Containing Hydroxyl,Hydroxide,Goethite, nanophase Pfeizer IRM sample YLO 3288D,Sklute, Elizabeth,295
10011303,Sheets of Six-Membered Rings,Kaolinite-Serpentine,Antigorite BM 66586,Evans, Bernard,295
15022402,N/A,Terrestrial Samples,Ocean sediment KN223-S12-LC1-S18-0-5 BU,Anderson, Chloe,295
02061701,Hydrated Sulfates Containing Hydroxyl or Halogen,Sulfate,Copiapite SPT 125,Cloutis, Edward,295
02052801,Hydrated Acid and Sulfates,Sulfate,Voltaite SPT 111,Cloutis, Edward,295
07030903,Simple Oxides,Oxide,Magnetite CN32,Li, Y.-L.,295
07120404,Single-Width Unbranched Chains W=1,Pyroxene,Pyroxene, synthetic Wo30En35Fs35 073,Lindsley, Donald,125
16080102,Insular SiO4 Groups Only,Garnet,Garnet 34A,Bucholz, Claire,295
04072402,Insular SiO4 Groups Only,Olivine,Olivine, synthetic Fo80,Menzies, Olywn,145
08101401,Hydrated Sulfates Containing Hydroxyl or Halogen,Sulfate,Butlerite 639,Dyar, Darby,295
07060804,Single-Width Unbranched Chains W=1,Pyroxene,Pyroxene, synthetic Wo40En15Fs45 070,Lindsley, Donald,295
15020602,Double-Width Unbranched Chains W=2,Amphibole,Amphibole 93.45H,Barnes, Cal,295
02020201,Al-Si Frameworks,Feldspar,Anorthite Fe2+ ,Housely, Robert,100
16021802,N/A,Biogeochemical Mineralogical By-Products,Sully Su06 Dry Ferrihydrite FH C 2-12-16 ,Holden, Jim,80
10050501,Native Elements and Alloys,Industrial Samples,Steel 5 40 micron,Gupta, Ratnesh,295
20110801,N/A,Terrestrial Samples,AK17 Lep heat + cells (1),Elizabeth Sklute,4
10111605,N/A,Biogeochemical Mineralogical By-Products,Islandicum inoculated 11-08-2010,Holden, Jim,125
12080901,Multiple Oxides,Multiple Oxide,Spinel FeSp6_11,Cheek, Leah,295
06112802,Insular SiO4 Groups Only,Zircon,Zircon, synthetic 48 57Fe+p,Hanchar, John,293
21011101,Sheets of Six-Membered Rings,Talc,Gunter Talc #87 CT_Fibertal_6,Gunter, Mickey,295
07041902,Single-Width Unbranched Chains W=1,Pyroxene,Pyroxene, synthetic Wo20En20Fs20 055,Lindsley, Donald,175
04082602,Insular SiO4 Groups Only,Olivine,Olivine, synthetic Fo40,Lindsley, Donald,30
18011301,N/A,Biogeochemical Mineralogical By-Products,P. delaneyi Lepidocrocite no heat- no cells anoxically dried,Kashyap, Srishti,80
11022802,Al-Si Frameworks,Feldspar,Feldspar, plagioclase PL-15,Cheek, Leah,80
dbaspn2,Multiple Oxides,Multiple Oxide,Dish Hill, CA Ba-2-3 Spinel 3mil 10-6-88,McGuire, Anne,295
06112801,Insular SiO4 Groups Only,Zircon,Zircon, synthetic 48 57Fe+p,Hanchar, John,240
08120402,Hydrated Sulfates Containing Hydroxyl or Halogen,Sulfate,Fibroferrite heated 786 300°C J,Bishop, Janice,295
traa69,Insular SiO4 Groups Only,Garnet,Guidotti Garnet 5-Ra-a69-66 26mil 4-5-94,Guidotti, Charles,295
fbovph,Sheets of Six-Membered Rings,Mica,Dish Hill Ba-2-100 vein phlogopite 1mil 5-23-89,McGuire, Anne,295
07032907,Single-Width Unbranched Chains W=1,Pyroxene,Pyroxene, synthetic Wo8En46Fs46 013,Lindsley, Donald,60
jgbk29,Sheets of Six-Membered Rings,Mica,Guidotti Biotite o-k-29 12mil 9-25-90,Guidotti, Charles,295
04042004,Anhydrous Sulfates Containing Hydroxyl or Halogen,Sulfate,Romerite SPT 117,Cloutis, Edward,12
12021001,Sheets of Six-Membered Rings,Smectite,Smectite SCB-TX-9 bulk rock,Harding, Sherie,295
09090901,N/A,Terrestrial Samples,Basalt Mid-Atlantic Ridge 087-2,Reynolds, Valerie,295
11090601,N/A,Terrestrial Samples,Pyrite PNF9-8 sulfite+sulfide+3m NaCl,Schoonen, Martin,295
05100801,Hydroxides and Oxides Containing Hydroxyl,Hydroxide,Green Rust #4,Mazeina, Lena,12.6
05121403,Insular SiO4 Groups Only,Olivine,Fayalite, synthetic Fo0,Lindsley, Donald,125
12051802,N/A,Industrial Samples,Coal fly ash 3% Fe coal devolatilized 800C + 10 min H2O,Fan, Maohong,225
10112301,N/A,Terrestrial Samples,Basalt, altered HYD-2 Atacama Desert ,Greenberger, Rebecca,295
rc112m,Sheets of Six-Membered Rings,Mica,Chinner 83112 Muscovite 83mil 3-30-93,Chinner,295
03062502,Simple Oxides,Oxide,Hematite,Dyar, Darby,295
18090701,Double-Width Unbranched Chains W=2,Amphibole,Amphibole Tony Law G10,Dyar, Darby,295
qe1znb,Double-Width Unbranched Chains W=2,Amphibole,Goodge Hornblende 32-86 13mil 2-16-94,Goodge, John,295
07052303,Double-Width Unbranched Chains W=2,Amphibole,Kaersutite DL-7,Dyar, Darby,225
04081916,Simple Oxides,Oxide,Hematite, synthetic,Dyar, Darby,110
05042301,Simple Oxides,Oxide,Hematite UT04-sdH-13A Mars,Chan, Marjorie,295
09030301,N/A,Miscellaneous,Ferrous Glutonate ,Dyar, Darby,295
16010501,N/A,Biogeochemical Mineralogical By-Products,Sully Wet Ferrihydrite FH 0B FROZEN,Holden, Jim,8
06080403,Anhydrous Sulfates Containing Hydroxyl or Halogen,Alunite,Jarosite, synthetic T3,Tosca, Nick,295
08091101,Hydrated Acid and Sulfates,Sulfate,Chalcanthite G3776-2,Dyar, Darby,295
13040801,Sulfides, including Selenides and Tellurides,Sulfite,Sphalerite R164122-1 Dundas, Ontario, Canada,Dyar, Darby,295
13092301,Sheets of Six-Membered Rings,Chlorite,Chlorite, shocked 35.3 GPa ,Michalski, Joe,295
12041804,Simple Oxides,Oxide,Ferrihydrite JA-499 Iceland,Bishop, Janice,200
ubmtb1,Six-Membered Rings,Tourmaline,Blk. Mtn. Pegmatite BMT-B Green Tourmaline 62.43 6mil 9-22-94,Dyar, Darby,295
10032501,Simple Oxides,Oxide,Ferrihydrite 3 Ad,Estes, Emily,295
hosc55,Sheets of Six-Membered Rings,Kaolinite-Serpentine,O'Hanley Serpentinite C55 69mil 11-6-89,O'Hanley, David,295
11030203,Simple Oxides,Oxide,Magnetite I.1 12nm,Nyiro-Kosa, Ilona,30
09101401,Sheets of Six-Membered Rings,Kaolinite-Serpentine,Antigorite 90-WR,Evans, Bernard,295
15120401,Simple Oxides,Oxide,Magnetite, synthetic, nanophase MAG041415 cation deficient,Sklute, Elizabeth,295
05110803,Insular SiO4 Groups Only,Olivine,Olivine, synthetic Fo50,Lindsley, Donald,100
10072702,N/A,Glass,Glass, synthetic Orange OGD1,Gillis-Davis, Jeff,295
ph256t,Six-Membered Rings,Tourmaline,Igneous Tourmaline HS#2356 Black Tourmaline 18mil 8-27-92,Dyar, Darby,295
18062801,N/A,Biogeochemical Mineralogical By-Products,Ice Mamba M1-1 Blood Falls culture, no cells, ferrihydrite, anoxically dried ,Mickuchi, Jill,150
16091201,Sheets of Six-Membered Rings,Mica,Biotite E19-8 54 degrees ambient,Bucholz, Claire,285
k523bi,Sheets of Six-Membered Rings,Mica,Holdaway Assemblage 4 52-3 Biotite 3mil 4-5-91,Holdaway, Michael,295
04030602,Insular SiO4 Groups Only,Olivine,Forsterite standard H131929,Dyar, Darby,45
09102801,N/A,Hydroxide,Ferrihydrite, Fe Gel, dehydrated,Holden, Jim,295
07042709,Insular SiO4 Groups Only,Olivine,Olivine, synthetic Fo70 New,Lindsley, Donald,45
04042902,Insular SiO4 Groups Only,Olivine,Fayalite, synthetic,Menzies, Olwyn,25
01111101,Double-Width Unbranched Chains W=2,Amphibole,Edenite PBM-1A,Moore, Paulus,295
07042001,Single-Width Unbranched Chains W=1,Pyroxene,Pyroxene, synthetic Wo20En20Fs20 055,Lindsley, Donald,60
qg83mu,Sheets of Six-Membered Rings,Mica,Guidotti Muscovite SBG-83 Muscovite 32mil 10-26-92,Guidotti, Charles,295
03010301,Insular SiO4 Groups Only,Olivine,Olivine, Meteorite ALHA 77005,Dyar, Darby,295
07022103,Insular SiO4 Groups Only,Garnet,Garnet 7v-Ra-b41-66,Guidotti, Charles,295
02072501,Sheets of Six-Membered Rings,Clay,Illite-Smectite SCA 103,Cloutis, Edward,295
06061401,Single-Width Unbranched Chains W=1,Pyroxene,Pyroxene, shocked MPX7,McCanta, Molly,295
11113001,Sheets of Six-Membered Rings,Smectite,Nontronite Nau-1 Shocked 10 GPa no acetone,Michalski, Joe,295
11072806,Hydrated Phosphates, Arsenates, and Vanadates containing Hydroxyl or Halogen,Phosphate,Melonjosephite DD229,Dyar, Darby,295
07102602,Insular SiO4 Groups Only,Garnet,Garnet, grossular AH-UN,Hofmeister, Anne,295
pjc6fb,Insular, Mixed, Single, and Larger Tetrahedral Groups,Pumpellyite,Harper LJC-6fb Pump.&Chl. Pumpellyosite 28mil 7-29-92,Harper, Greg,295
04040902,Insular SiO4 Groups Only,Olivine,Fayalite, synthetic Fe0,Menzies, Olwyn,95
j237bi,Sheets of Six-Membered Rings,Mica,Holdaway Assemblage5 23-7 Biotite 3mil 3-18-91,Holdaway, Michael,295
06071705,Double-Width Unbranched Chains W=2,Amphibole,Amphibole Soda Springs #4,King, Penny,295
15042404,Simple Oxides,Oxide,Maghemite, synthetic, nanophase MAGH041415,Sklute, Elizabeth,150
04072906,Native Elements and Alloys,Metal,Fe foil  4 mm-s,n/a,215
07032501,Sheets of Six-Membered Rings,Mica,Annite Cape Ann,Burns, Roger,18
lakm3h,Double-Width Unbranched Chains W=2,Amphibole,McGuire AK-M3 H271 Hornblende 10mil 8-30-91,McGuire, Anne,295
04022902,Hydrated Acid and Sulfates,Sulfate,Coquimbite SPT 119,Cloutis, Edward,260
15072803,Insular SiO4 Groups Only,Olivine,Olivine KI-3829 Fo23.2 very fine powder Kiglapait,Morse, S. A.,295
04042302,Anhydrous Sulfates Containing Hydroxyl or Halogen,Sulfate,Romerite SPT 125,Cloutis, Edward,145
12040504,Simple Oxides,Oxide,Ilmenite 20724JB 9-06,Riner, Miriam,4
18011602,N/A,Biogeochemical Mineralogical By-Products,P. delaneyi Lepidocrocite heat + cells anoxically dried,Kashyap, Srishti,295
13111501,N/A,Glass,Glass, synthetic BAA-1 Air,McCanta, Molly,295
04071701,Six-Membered Rings,Tourmaline,Tourmaline UE-1,Oyman, Tolga,295
15020501,Single-Width Unbranched Chains W=1,Pyroxene,Clinopyroxene 91.45,Barnes, Cal,295
05102003,Hydrated Sulfates Containing Hydroxyl or Halogen,Sulfate,Copiapite SPT 125 dry,Cloutis, Edward,30
12052104,Hydroxides and Oxides Containing Hydroxyl,Hydroxide,Schwertmannite, synthetic JB-131 <125mm,Bishop, Janice,200
03082201,Sheets of Six-Membered Rings,Kaolinite-Serpentine,Antigorite JA-560,Bishop, Janice,12
ihj2b,Sheets of Six-Membered Rings,Kaolinite-Serpentine,O'Hanley J2b Lizardite+Mt? 59mil 4-25-90,O'Hanley, David,295
04020901,Six-Membered Rings,Beryl,Beryl, blue grade Sample 2 True Blue,Groat, Lee,295
10110206,Simple Oxides,Oxide,Ferrihydrite, nanophase 1GOE 03-2010,Bosch, Julian,60
10090702,N/A,Biogeochemical Mineralogical By-Products,Roane 8-19-10 mounted dry,Holden, Jim,233
10032901,Simple Oxides,Oxide,Ferrihydrite 6 DB3 fine >44 (mount#2),Estes, Emily,295
20071501,Sheets of Six-Membered Rings,Talc,Gunter Talc #123, CT_BP_Safeway, Univ. of Idaho,Gunter, Mickey,295
v2b377,Double-Width Unbranched Chains W=2,Amphibole,Barnes Hornblende MMB-377 49.75 11mil 3-30-95,Barnes, Calvin,295
10110105,Simple Oxides,Oxide,Ferrihydrite, nanophase 1GOE 03-2010,Bosch, Julian,225
02041001,Al-Si Frameworks,Feldspar,Anorthite 57Fe Fe3+ ,Housely, Robert,290
07112205,Single-Width Unbranched Chains W=1,Pyroxene,Pyroxene, synthetic Wo10En72Fs18 018,Lindsley, Donald,125
c1618,Sheets of Six-Membered Rings,Mica,Guidotti Biotite 16-7-18-60 2mil 5-20-88,Guidotti, Charles,295
uhs18t,Six-Membered Rings,Tourmaline,Macon Co. HS#18796 Tourmaline 54.59 10mil 9-24-94,Dyar, Darby,295
gc25cp,Single-Width Unbranched Chains W=1,Pyroxene,Cima,CA Spinel Perid Ci-1-25 CPX 40mil 9-10-89,McGuire, Anne,295
02060501,Anhydrous Sulfates Containing Hydroxyl or Halogen,Alunite,Jarosite SPT 116,Cloutis, Edward,295
04121901,Insular SiO4 Groups Only,Olivine,Olivine, synthetic Fo10 ,Lindsley, Donald,295
06121302,Sheets of Six-Membered Rings,Mica,Biotite mica-Fe CRPG Geostandard,Dyar, Darby,125
11070101,N/A,Industrial Samples,Coal Fly Ash Sample M Fe6+,Fan, Mahoung,60
12062502,Hydrated Phosphates, Arsenates, and Vanadates containing Hydroxyl or Halogen,Phosphate,Vivianite DD171,Dyar, Darby,24
11090204,Hydrated Phosphates, Arsenates, and Vanadates containing Hydroxyl or Halogen,Phosphate,Beraunite ML-P42,Lane, Melissa,295
16021506,N/A,Biogeochemical Mineralogical By-Products,Sully Su06 Dry Ferrihydrite FH 0B 2-12-16 ,Holden, Jim,80
17051701,N/A,Terrestrial Samples,Palagonite tuff PB13-05B,,Farrand, Bill,300
15111402,Simple Oxides,Oxide,Maghemite, synthetic, nanophase MAGH061815,Sklute, Elizabeth,295
04111502,Sheets of Six-Membered Rings,Mica,Biotite Michigan SG-6,Dyar, Darby,295
usp74a,Insular SiO4 Groups Only,Olivine,Spinel Peridotite Ba-1-74 Olivine 90.49 9mil 8-7-94,McGuire, Anne,295
07022702,Hydrated Normal Phosphates, Arsenates, and Vanadates,Phosphate,Strengite P16 Boa Vista Mine, Minas Gerais,Dyar, Darby,295
05120805,Insular SiO4 Groups Only,Olivine,Olivine, synthetic Fo30,Lindsley, Donald,60
11071801,N/A,Industrial Samples,Coal Fly Ash FeOOH 25C,Fan, Maohoung,250
06011901,Single-Width Unbranched Chains W=1,Pyroxene,Pyroxene, synthetic En100,Lindsley, Donald,295
rgo13m,Sheets of Six-Membered Rings,Mica,Guidotti Muscovite Ra-b56-66 zone 7 40mil 12-3-92,Guidotti, Charles,295
15112102,Hydroxides and Oxides Containing Hydroxyl,Hydroxide,Akaganeite, synthetic, nanophase AKAG102315,Sklute, Elizabeth,295
07120305,Single-Width Unbranched Chains W=1,Pyroxene,Pyroxene, synthetic Wo30En35Fs35 073,Lindsley, Donald,275
03120402,Simple Oxides,Oxide,Ilmenite KI-2193,Morse, S.A.,140
14071901,N/A,Glass,Glass, synthetic DAC-6 Mo-MoO2,McCanta, Molly,295
06092402,Sulfides, including Selenides and Tellurides,Sulfide,Sphalerite R164122-1 Dundas, Ontario, Canada,Dyar, Darby,295
03071801,Simple Oxides,Oxide,Ferrihydrite 96214 Smedley's Iron Mine ,Dyar, Darby,60
07040302,Single-Width Unbranched Chains W=1,Pyroxene,Pyroxene, synthetic Wo5En66.5Fs28.5 015,Lindsley, Donald,60
07053005,Double-Width Unbranched Chains W=2,Amphibole,Kaersutite Fa-86-1,Dyar, Darby,275
07042704,Insular SiO4 Groups Only,Olivine,Olivine, synthetic Fo70 New,Lindsley, Donald,150
xubmt33,Six-Membered Rings,Tourmaline,Blk. Mtn. Pegmatite BLKMTN-33 Tourmaline 51.11 1mil 9-12-94,Dyar, Darby,295
neox4b,Sheets of Six-Membered Rings,Mica,Earley CuBiFeOx-4 Biotite 23mil 5-8-92,Earley, Drummond,295
07112104,Single-Width Unbranched Chains W=1,Pyroxene,Pyroxene, synthetic Wo10En72Fs18 018,Lindsley, Donald,275
19102901,Six-Membered Rings,beryl,Beryl Sn Green,Taran, Michail,295
xuhp21t,Six-Membered Rings,Tourmaline,Harney Peak 2-1 Tourmaline 44.42 23mil 10-15-94,Dyar, Darby,295
07050206,Single-Width Unbranched Chains W=1,Pyroxene,Pyroxene, synthetic En40Fs60 with metal blebs 005A ,Lindsley, Donald,295
07122708,Single-Width Unbranched Chains W=1,Pyroxene,Pyroxene, synthetic Wo50En15Fs35 037,Lindsley, Donald,175
11070401,N/A,Industrial Samples,Coal Fly Ash Sample M Fe6+,Fan, Mahoung,4
13071501,Single-Width Unbranched Chains W=1,Pyroxene,Diopside Madagascar Brown U.,Cheek, Leah,295
04122202,Insular SiO4 Groups Only,Olivine,Olivine, synthetic Fo90 ,Lindsley, Donald,95
13042105,Hydrated Sulfates Containing Hydroxyl or Halogen,Sulfate,Fibroferrite SPT 121,Cloutis, Edward,24
07121904,Single-Width Unbranched Chains W=1,Pyroxene,Pyroxene, synthetic En50Fs50 SynPx004,Lindsley, Donald,125
09033101,Sheets of Six-Membered Rings,Kaolinite-Serpentine,Antigorite O'Hanley C139,Evans, Bernard,295
07120407,Single-Width Unbranched Chains W=1,Pyroxene,Pyroxene, synthetic Wo30En35Fs35 073,Lindsley, Donald,60
03121901,Hydroxides and Oxides Containing Hydroxyl,Hydroxide,Schwertmannite, natural JB-130,Bishop, Janice,265
04120202,Insular SiO4 Groups Only,Olivine,Olivine, synthetic Fo50 ,Menzies, Olywn,25
ehsg08,Insular SiO4 Groups and O, OH, F, and H2O,Staurolite,Holdaway Strauolite 114-1 1mil 10-10-88,Holdaway, Michael,295
06110403,Hydrated Acid and Sulfates,Sulfate,Voltaite 137958,Dyar, Darby,100
06071902,Single-Width Unbranched Chains W=1,Pyroxene,Pyroxene, synthetic En 97.5 Fs2.5 ADL-CMP-064,Lindsley, Donald,295
08010802,Single-Width Unbranched Chains W=1,Pyroxene,Pyroxene, synthetic Wo50En35Fs15 044,Lindsley, Donald,295
18012502,N/A,Biogeochemical Mineralogical By-Products,P. islandicum Akaganeite no heat-no cells anoxically dried,Kashyap, Srishti,295
10072701,N/A,Glass,Glass, synthetic Green,Gillis-Davis, Jeff,295
xuh491t,Six-Membered Rings,Tourmaline,Luaro Mine HS#108491 Tourmaline 82.8 2mil 9-12-94,Dyar, Darby,295
10080601,N/A,Biogeochemical Mineralogical By-Products,Islandicum grown 6-18-10 dried anaerobically 7-15-10,Holden, Jim,4
tp8783,Sheets of Six-Membered Rings,Mica,Ort Andean P87-83 Biotite 16mil 3-21-94,Ort, Michael,295
20070301,Sheets of Six-Membered Rings,Talc,Gunter Talc #110, USA_NC_HC_light rock, Univ. of Idaho,Gunter, Mickey,295
05121101,Insular SiO4 Groups Only,Olivine,Olivine, synthetic Fo10,Lindsley, Donald,175
07042006,Single-Width Unbranched Chains W=1,Pyroxene,Pyroxene, synthetic Wo20En20Fs20 055,Lindsley, Donald,12
07050802,Single-Width Unbranched Chains W=1,Pyroxene,Pyroxene, synthetic Wo30En49Fs21 067,Lindsley, Donald,45
04042502,Anhydrous Sulfates Containing Hydroxyl or Halogen,Sulfate,Romerite SPT 131,Cloutis, Edward,295
04042602,Hydrated Acid and Sulfates,Sulfate,Szomolnokite 560,Dyar, Darby,25
xvm210u,Six-Membered Rings,Tourmaline,Hall Form HS#52210 Uvite Tourmaline 2.87 6mil 11-10-94,Dyar, Darby,295
03081202,Simple Oxides,Oxide,Ferrihydrite, synthetic JB-46 (RBG-Sherman) <45mm ,Bishop, Janice,90
15082502,N/A,Biogeochemical Mineralogical By-Products,Islandicum 8-15 Wet Ferrihydrite FH Final A,Holden, Jim,80
15081904,N/A,Biogeochemical Mineralogical By-Products,Sully 7-15 Dry Ferrihydrite FH Control Initial ,Holden, Jim,295
02122401,Single-Width Unbranched Chains W=1,Pyroxene,Pyroxene, Meteorite ALHA 84001 ppx,Dyar, Darby,295
03042501,N/A,Glass,Glass, synthetic MSNJ-23,McCanta, Mollly,295
04050501,Hydrated Acid and Sulfates,Sulfate,Rozenite JB-626-B Iron Mountain <125mm,Dyar, Darby,40
14032501,N/A,Fulgurite,Tektite #1,Nottke, Tony,295
17011501,N/A,Terrestrial Samples,Rhyolite PEL 1846 Seiser Alm, Italy,Helbert, Joern,295
19091303,Double-Width Unbranched Chains W=2,Amphibole,Hastingsite 15KDC,Jenkins, David,295
06121604,Sheets of Six-Membered Rings,Smectite,Nontronite Sampor smectite JB-175 ,Bishop, Janice,225
13061101,Sheets of Six-Membered Rings,Kaolinite-Serpentine,Serpentine MLC QV1-140 M-B Mix A URI,Stander, Amy,295
06020301,Anhydrous Sulfates Containing Hydroxyl or Halogen,Alunite,Jarosite, synthetic mL1-A,Tosca, Nick,295
00120601,Al-Si Frameworks,Feldspar,Feldspar 4-3,McEnroe, Suzanne,295
06102801,Al-Si Frameworks,Feldspar,Feldspar Bushveld BS7,Tegner, Christian,295
12090401,Hydrated Phosphates, Arsenates, and Vanadates containing Hydroxyl or Halogen,Phosphate,Leucophosphite P45,Dyar, Darby,295
12080101,Multiple Oxides,Multiple Oxide,Spinel FeSp6_3,Cheek, Leah,295
08121001,Hydrated Sulfates Containing Hydroxyl or Halogen,Sulfate,Copiapite HSC-128 JB-834,Bishop, Janice,295
04121702,Insular SiO4 Groups Only,Olivine,Olivine, synthetic Fo10 ,Lindsley, Donald,220
04072601,Insular SiO4 Groups Only,Olivine,Olivine, synthetic Fo80,Menzies, Olywn,220
05080502,Anhydrous Sulfates Containing Hydroxyl or Halogen,Alunite,Jarosite, synthetic 5B heated to 300C,Brophy, Gerald,295
00102801,Double-Width Unbranched Chains W=2,Amphibole,Amphibole 1A Libby, MT,Gunter, Mickey,295
ddst11,Insular SiO4 Groups and O, OH, F, and H2O,Staurolite,Dutrow Staurolite FeMg-22-2 3mil 9-28-88,Dutrow, Barbara,295
07011801,Hydrated Acid and Sulfates,Sulfate,Krohnkite G1111 Atacama, Chile,Dyar, Darby,295
18040401,N/A,Terrestrial Samples,Lake Towuti Sediment RS0270 Brown University,Sheppard, Rachel,295
gba2hb,Double-Width Unbranched Chains W=2,Amphibole,Dish Hill HBL Ba-2-1 A-2 10mil 9-7-89,McGuire, Anne,295
21021501,N/A,Terrestrial Samples,AX17 grown on Lepidocrocite 1 heat + cells,Elizabeth Sklute,220
05100802,Hydroxides and Oxides Containing Hydroxyl,Hydroxide,Green Rust #1,Mazeina, Lena,21.6
06121703,Sheets of Six-Membered Rings,Smectite,Nontronite Sampor smectite JB-175 ,Bishop, Janice,125
13081401,N/A,Industrial Samples,Coal fly ash 2Fe:2Na ash,Fan, Maohong,295
11030104,Simple Oxides,Oxide,Magnetite I.1 12nm,Nyiro-Kosa, Ilona,12
18071501,N/A,Glass,Glass MSNJ25,McCanta, Molly,295
04040702,Insular SiO4 Groups Only,Olivine,Fayalite, synthetic Fe0,Menzies, Olwyn,20
coh60,Sheets of Six-Membered Rings,Mica,Guidotti Biotite O-H-60,Guidotti, Charles,295
07022801,Compound Phosphates, Arsenates, and Vanadates,Phosphate,Chalcosiderite P39 Great Britain,Dyar, Darby,295
04121601,Insular SiO4 Groups Only,Olivine,Olivine, synthetic Fo10 ,Lindsley, Donald,145
05030201,N/A,Sulfate,Melanterite 92942 ,Dyar, Darby,295
07052702,Single-Width Unbranched Chains W=1,Pyroxene,Pyroxene, synthetic Wo20En64Fs16 017,Lindsley, Donald,250
02082101,Al-Si Frameworks,Feldspar,Feldspar Bushveld B21,Tegnar, Christian,295
00032903,Double-Width Unbranched Chains W=2,Amphibole,Dyar Grunerite 1-K   30K V4 tk webresco 3-29-00,Grant, Christopher,30
14012101,N/A,Glass,Glass, synthetic Fa-Plag Lazareva-Lindsley 1.302,Lazareva, Lena,295
15112303,Simple Oxides,Oxide,Hematite, synthetic, nanophase, HEM100915,Sklute, Elizabeth,295
07110601,Single-Width Unbranched Chains W=1,Pyroxene,Pyroxene, synthetic Wo40En55F55 Px077,Lindsley, Donald,275
11071603,N/A,Industrial Samples,Coal Fly Ash FeOOH 25C,Fan, Maohoung,30
ne16zh,Sheets of Six-Membered Rings,Mica,Zhou E16 sample 15mil 4-28-92,Zhou, Fuxing,295
18020701,N/A,Biogeochemical Mineralogical By-Products,P. islandicum Lepidocrocite heat + cells anoxically dried,Kashyap, Srishti,4
03113002,Simple Oxides,Oxide,Ferrihydrite JB-564 Czech 5005-1,Bishop, Janice,165
07123005,Single-Width Unbranched Chains W=1,Pyroxene,Pyroxene, synthetic Wo30En28Fs42 068,Lindsley, Donald,45
07121404,Single-Width Unbranched Chains W=1,Pyroxene,Pyroxene, synthetic Wo40En24Fs36 071,Lindsley, Donald,45
19092501,N/A,Glass,Hawaii fresh mixing expts,Dyar, Darby,295
05110103,Insular SiO4 Groups Only,Olivine,Olivine, synthetic Fa10.5,Nabalek, Peter,125
11041101,N/A,Glass,Glass, experimental Pin-Dac oxidized fO2=atm Pinatubo Dacite Bell,Bell, Aaron,295
aac9566,Sheets of Six-Membered Rings,Mica,Guidotti Biotite Ra-c95-66 1mil 10-22-87,Guidotti, Charles,295
06101801,Anhydrous Sulfates Containing Hydroxyl or Halogen,Alunite,Jarosite, synthetic 5 H3O1Fe0.5Al2.5 Tosca,Tosca, Nick,295
05101401,Hydroxides and Oxides Containing Hydroxyl,Hydroxide,Green Rust #5,Mazeina, Lena,295
04092302,Insular SiO4 Groups Only,Olivine,Olivine, irradiated MSB 5,Bentley, Mark,295
xubmt7t,Six-Membered Rings,Tourmaline,Blk. Mtn. Pegmatite BMT-75 Tourmaline 72.30 5mil 9-14-94,Dyar, Darby,295
18011302,N/A,Biogeochemical Mineralogical By-Products,P. delaneyi Lepidocrocite no heat- no cells anoxically dried,Kashyap, Srishti,150
05121506,Insular SiO4 Groups Only,Olivine,Fayalite, synthetic Fo0,Lindsley, Donald,40
05030501,Hydrated Acid and Sulfates,Sulfate,Coquimbite-P VZO101,Dyar, Darby,295
07031501,Six-Membered Rings,Tourmaline,Tourmaline BLSOX,Ertl, Andreas,295
02022101,Al-Si Frameworks,Feldspar,Anorthite Fe3+ 57Fe ,Housely, Robert,12
20050903,Sheets of Six-Membered Rings,Talc,Gunter Talc #36, USA_GA_Earnest_platy, Univ. of Idaho,Gunter, Mickey,295
06060501,Simple Oxides,Biogeochemical Mineralogical By-Products,Magnetite Tor39 Mag,Li, Y.-L.,295
03112501,Simple Oxides,Oxide,Ferrihydrite JB-564 Czech 5005-1,Bishop, Janice,60
08081501,Hydrated Acid and Sulfates,Sulfate,Starkeyite 137725,Dyar, Darby,295
02032901,Al-Si Frameworks,Feldspar,Anorthite 57Fe Fe3+ ,Housely, Robert,17
14070201,N/A,Glass,Glass, synthetic BAS-7 CO2 ,McCanta, Molly,295
kh1316,Sheets of Six-Membered Rings,Mica,H131627 Biotite 6mil 5-3-91,Dyar, Darby,295
04062402,Anhydrous Sulfates Containing Hydroxyl or Halogen,Sulfate,Romerite SPT 110,Cloutis, Edward,220
sgz863,Sheets of Six-Membered Rings,Mica,Guidotti Muscovite 8' 2-8-7-63 79mil 9-5-93,Guidotti, Charles,295
11030501,Simple Oxides,Oxide,Magnetite I.1 12nm,Nyiro-Kosa, Ilona,295
12012001,N/A,Terrestrial Samples,Sandstone PNF11_2,Schoonen, Martin,295
20052001,Sheets of Six-Membered Rings,Talc,Gunter Talc #58, USA_MT_Regal_HG, Univ. of Idaho,Gunter, Mickey,295
h170_k,Al-Si Frameworks,Feldspar,Housely Anorthite Fe3+ 170K,Housely, Robert,170
thshrd,N/A,Industrial Samples,Hagni Fly Ash HRD 7mil 2-9-94,unknown,295
15020601,Double-Width Unbranched Chains W=2,Amphibole,Amphibole 91.45H,Barnes, Cal,295
10090704,N/A,Biogeochemical Mineralogical By-Products,Roane 8-19-10 mounted dry,Holden, Jim,187
08040201,Al-Si Frameworks,Feldspar,Feldspar, Q-5 Plagioclase Hildreth,Hildreth, Wes,295
18041702,N/A,Biogeochemical Mineralogical By-Products,P. delaneyi Ferrihydrite heat-no cells anoxically dried ,Kashyap, Srishti,295
05111703,Insular SiO4 Groups Only,Olivine,Olivine, synthetic Fo80 Podpara,Lindsley, Donald,275
15052801,N/A,Meteorite,Meteorite MAC 05606,8,Hibbitts, Karl,295
05081903,Simple Oxides,Oxide,Hematite #2,Ferre, Eric,295
14123001,Single-Width Unbranched Chains W=1,Pyroxene,Clinopyroxene 06.05H,Barnes, Cal,295
07032204,Sheets of Six-Membered Rings,Mica,Annite Cape Ann,Burns, Roger,150
11070604,N/A,Industrial Samples,Coal Fly Ash Sample T Fe6+,Fan, Mahoung,80
18013101,Anhydrous Borates,Phosphate,Vonsenite John Hughes,Dyar, Darby,4
18072101,Si2O7 Groups, Generally with No Additional Anions,Pyroxene,Pyroxene BA-2-101-B opx,Dyar, Darby,295
07112605,Single-Width Unbranched Chains W=1,Pyroxene,Pyroxene, synthetic En80Fs20 018,Lindsley, Donald,8
d116gt,Insular SiO4 Groups Only,Garnet,Hunt Valley Garnet HV-116 1mil 7-12-88,Lang, Helen,295
14120601,N/A,Fulgurite,Tektite #1 2014,Nottke, Tony,295
04061804,Hydrated Acid and Sulfates,Sulfate,Rozenite JB-626-B Iron Mountain <125mm,Dyar, Darby,270
11070301,N/A,Industrial Samples,Coal Fly Ash Sample M Fe6+,Fan, Mahoung,12
05121201,Insular SiO4 Groups Only,Olivine,Olivine, synthetic Fo10,Lindsley, Donald,75
13040102,Native Elements and Alloys,Metal,Fe foil  10 mm-s,n/a,295
04072916,Native Elements and Alloys,Metal,Fe foil  4 mm-s,n/a,265
17071302,N/A,Biogeochemical Mineralogical By-Products,Freshwater iron mat extra material collected 10-26-16 filtered 6-16-17 stored frozen dried in air 4 h,Ross, Laura,220
04041901,Hydrated Acid and Sulfates,Sulfate,Szomolnokite 560,Dyar, Darby,270
03120202,Simple Oxides,Oxide,Ferrihydrite JB-564 Czech 5005-1,Bishop, Janice,270
15012201,Simple Oxides,Oxide,Magnetite Broughm KRM-11-03,Hanchar, John,295
14110701,N/A,Terrestrial Samples,Core U1430A 4-4-145 WHOI,Gosan, Liviu,295
00091801,Sheets of Six-Membered Rings,Mica,Muscovite O-B-16 zone GR,Guidotti, Charles,295
04043001,Insular SiO4 Groups Only,Olivine,Fayalite, synthetic,Menzies, Olwyn,12
15100901,N/A,Terrestrial Samples,Ocean sediment 346 1429A 21H2 7-9 cm BU,Anderson, Chloe,295
11080402,N/A,Biogeochemical Mineralogical By-Products,Roane July 2011 inoculated + incubated until stationary phase,Holden, Jim,80
ps235s,Multiple Oxides,Multiple Oxide,Spinel Peridotite Ki-5-235 Spinel 8mil 8-16-92,McGuire, Anne,295
10080501,N/A,Biogeochemical Mineralogical By-Products,Islandicum grown 6-18-10 dried anaerobically 7-15-10,Holden, Jim,4
04092901,Double-Width Unbranched Chains W=2,Amphibole,Amphibole Mo-4,Moore, Paulus,295
12121901,Hydroxides and Oxides Containing Hydroxyl,Hydroxide,Goethite nanophase np-Gt A1 NJT,Tosca, Nick,295
04092101,Insular SiO4 Groups Only,Olivine,Olivine, irradiated MSB 1 ,Bentley, Mark,295
06121306,Sheets of Six-Membered Rings,Mica,Biotite mica-Fe CRPG Geostandard,Dyar, Darby,45
um873d,Six-Membered Rings,Tourmaline,pierrepont #43873 Dravite Tourmaline 68.20 5mil 9-21-94,Dyar, Darby,295
06120801,Sheets of Six-Membered Rings,Chlorite,Chlorite, clinochlore West Chester PA,Dyar, Darby,12
13112401,N/A,Glass,Glass, synthetic BAA-3 Air,McCanta, Molly,295
18052901,N/A,Terrestrial Samples,Meteorite Hamburg interior,Weiler, Brandon,295
10101302,N/A,Biogeochemical Mineralogical By-Products,Chimney Ba 08-1 4438 8-21-08,Holden, Jim,295
14120803,Simple Oxides,Oxide,Ilmenite Ilm90Hem10 4-5-78 from 3-13-78 Mix,Lindsley, Donald,295
xprt12t,Six-Membered Rings,Tourmaline,Igneous Tourmaline RT 12 Black Tourmaline 12mil 8-23-92,Dyar, Darby,295
07112801,Single-Width Unbranched Chains W=1,Pyroxene,Pyroxene, synthetic Wo50En25Fs25 039,Lindsley, Donald,80
04072804,Native Elements and Alloys,Metal,Fe foil  4 mm-s,n/a,35
20070602,Sheets of Six-Membered Rings,Talc,Gunter Talc #117 USA_VT_Argonaut_underflow,Gunter, Mickey,295
16053102,Native Elements and Alloys,Metal,Fe foil  10 mm-s,n/a,295
15041701,Simple Oxides,Oxide,Hematite, synthetic, nanophase HEM022015,Sklute, Elizabeth,4-295
11022801,Al-Si Frameworks,Feldspar,Feldspar, plagioclase PL-15,Cheek, Leah,4
08102901,Hydrated Sulfates Containing Hydroxyl or Halogen,Sulfate,Amarantite G3775 Los Pintados, Chile,Dyar, Darby,295
07112806,Single-Width Unbranched Chains W=1,Pyroxene,Pyroxene, synthetic Wo50En25Fs25 039,Lindsley, Donald,18
02110801,Six-Membered Rings,Tourmaline,Olenite T3 Koralpe,Ertl, Andreas,295
12081602,Sheets of Six-Membered Rings,Clay,Clay Challenger 294,Michalski, Joe,295
14101401,N/A,Glass,Glass, synthetic KOM-3 Air,McCanta, Molly,295
07111103,Single-Width Unbranched Chains W=1,Pyroxene,Pyroxene, synthetic Wo40En55F55 Px077,Lindsley, Donald,12
10032401,Simple Oxides,Oxide,Ferrihydrite 10 chat 1-3 <44,Estes, Emily,295
21022701,N/A,Terrestrial Samples,AX17 grown on Lepidocrocite 3 no heat - no cells,Elizabeth Sklute,220
04090701,Double-Width Unbranched Chains W=2,Amphibole,Amphibole, shocked washed FR-11 9D212,Minitti, Michelle,295
20112002,N/A,Terrestrial Samples,AK17 Lep heat + no cells (3a),Elizabeth Sklute,220
15111501,Simple Oxides,Oxide,Maghemite, synthetic, nanophase MAGH061815,Sklute, Elizabeth,295
03081203,Simple Oxides,Oxide,Ferrihydrite, synthetic JB-46 (RBG-Sherman) <45mm ,Bishop, Janice,110
jhs39b,Multiple Oxides,Multiple Oxide,Harrell Ep-3-139b Spinel 37mil 3-24-91,McGuire, Anne,295
20062902,Sheets of Six-Membered Rings,Talc,Gunter Talc #105, USA_Johnson_black, Univ. of Idaho,Gunter, Mickey,295
04100202,Double-Width Unbranched Chains W=2,Amphibole,Amphibole Mo-1B,Moore, Paulus,295
11072701,Hydrated Phosphates, Arsenates, and Vanadates containing Hydroxyl or Halogen,Phosphate,Vivianite DD312,Dyar, Darby,295
07122008,Single-Width Unbranched Chains W=1,Pyroxene,Pyroxene, synthetic Wo10Fs90 088,Lindsley, Donald,250
07060102,Double-Width Unbranched Chains W=2,Amphibole,Kaersutite Fa-86-1,Dyar, Darby,100
04091101,N/A,Glass,Glass, synthetic M49-4,Righter, Kevin,295
07040502,Single-Width Unbranched Chains W=1,Pyroxene,Pyroxene, synthetic Wo5En66.5Fs28.5 015,Lindsley, Donald,4
18090401,Single-Width Unbranched Chains W=1,Pyroxene,Pyroxene Ep-3-136 cpx?,Dyar, Darby,295
pacdc2,Sheets of Six-Membered Rings,Chlorite,Harper 92 ACDA2 Chlorite 14mil 7-26-92,Harper, Greg,295
05081004,Anhydrous Sulfates Containing Hydroxyl or Halogen,Alunite,Jarosite, synthetic 1V heated to 248C,Brophy, Gerald,295
02122301,N/A,Terrestrial Samples,Acid Saline Lake KCB 12,Benison, Kathy,295
dsft10,Insular SiO4 Groups and O, OH, F, and H2O,Staurolite,Staurolite Fe100 Synthetic 8-21-88,unknown,295
11111901,Unbranched Chains with W>2,Smectite,Saponite, shocked SapCa-2,Michalski, Joe,295
10122002,N/A,Terrestrial Samples,Basalt, altered HYD-10 Atacama Desert,Greenberger, Rebecca,295
11110301,N/A,Terrestrial Samples,Sandstone PNF-9-1 (5) altered,Schoonen, Martin,295
14110601,N/A,Terrestrial Samples,Core U1429A 8-1-141 WHOI,Gosan, Liviu,295
09020202,Simple Oxides,Oxide,Hematite 92649 (O standard),Dyar, Darby,295
10091203,N/A,Biogeochemical Mineralogical By-Products,Hyperthermus butylicus log growth 8-19-10 mounted dry,Holden, Jim,140
07113006,Single-Width Unbranched Chains W=1,Pyroxene,Pyroxene, synthetic Wo20En56Fs24 019,Lindsley, Donald,60
06110101,Al-Si Frameworks,Feldspar,Feldspar K45 Hildreth,Seaman, Sheila,295
17061902,N/A,Biogeochemical Mineralogical By-Products,MFE DIS-1 filtered 6-26-17 then frozen ,Ross, Laura,80
03041801,N/A,Meteorite,Meteorite Shergotty USWM 321 whole rock,Dyar, Darby,295
13030601,N/A,Biogeochemical Mineralogical By-Products,Chimney, Cauldron CD08-HH08 4450 9-2-08,Holden, Jim,295
vh306h,Multiple Oxides,Multiple Oxide,Spinel Perid. H30-B5 Spinel 48.66 10mil 12-5-94,McGuire, Anne,295
17022801,Insular SiO4 Groups Only,Olivine,Montticellite NMNH 13639, Italy, whole sample not pure but maybe only one Fe bearing phase,Dyar, Darby,4
06012001,Single-Width Unbranched Chains W=1,Pyroxene,Pyroxene, synthetic En40Fs60 005A,Lindsley, Donald,295
16043003,Simple Oxides,Oxide,Ferrihydrite, reacted FH-40-2-A,Dehouck, Eric,295
20101002,N/A,Terrestrial Samples,AX17 Bioreduced Fh no Heat no Cells (3A),Elizabeth Sklute,295
07112504,Single-Width Unbranched Chains W=1,Pyroxene,Pyroxene, synthetic En80Fs20 008,Lindsley, Donald,150
03121302,Simple Oxides,Oxide,Maghemite JB-301,Bishop, Janice,190
18022201,N/A,Terrestrial Samples,Dolerite PRR-26160 surface,Salvatore, Mark,295
05112002,Insular SiO4 Groups Only,Olivine,Olivine, synthetic Fo60 Hartzman,Lindsley, Donald,293
07122302,Single-Width Unbranched Chains W=1,Pyroxene,Pyroxene, synthetic Wo20En40Fs40 051,Lindsley, Donald,12
20070801,Sheets of Six-Membered Rings,Talc,Gunter Talc #114, USA_NC_CCFoote, Univ. of Idaho,Gunter, Mickey,295
14102402,Sheets of Six-Membered Rings,Modulated Phyllosilicates,Vermiculite Ore GDS469 Libby, MT., US Dept of Interior,Swayze, Gregg,295
jgbfct,Sheets of Six-Membered Rings,Mica,Guidotti Biotite FCT-3 28mil 10-15-90,unknown,295
20051901,Sheets of Six-Membered Rings,Talc,Gunter Talc #68,CT_soap_icecube, Univ. of Idaho,Gunter, Mickey,295
06122108,Sheets of Six-Membered Rings,Smectite,Montmorillonite Swa-1 JB-170,Bishop, Janice,45
05011102,Insular SiO4 Groups Only,Olivine,Olivine, synthetic Fe70,Lindsley, Donald,220
uot162,Six-Membered Rings,Tourmaline,O-T16-92 Metamorphic Tourmaline 40.63 17mil 9-16-94,Dyar, Darby,295
11091401,N/A,Terrestrial Samples,Oil sand EC,Osacky, Marek,4
20111401,N/A,Terrestrial Samples,AK17 Lep heat + no cells (2b),Elizabeth Sklute,220
15061603,N/A,Meteorite,Meteorite MET 00639,13 APL,Hibbitts, Karl,295
10083101,Hydroxides and Oxides Containing Hydroxyl,Hydroxide,Goethite, nanophase C1 07-20-10 m.08-23-10,Tosca, Nick,59
10070902,Simple Oxides,Oxide,Ilmenite MHC 5138, Standish Mine, Warwick, NY,Dyar, Darby,295
14120603,Simple Oxides,Oxide,Maghemite, nanophase Skyspring gamma-Fe2O3 20-40nm from IRM,IRM,295
10011503,Sheets of Six-Membered Rings,Kaolinite-Serpentine,Antigorite BM 1966,500,Evans, Bernard,295
07112304,Single-Width Unbranched Chains W=1,Pyroxene,Pyroxene, synthetic Wo10En72Fs18 018,Lindsley, Donald,30
07050602,Single-Width Unbranched Chains W=1,Pyroxene,Pyroxene, synthetic Wo30En49Fs21 067,Lindsley, Donald,175
ud205h,Single-Width Unbranched Chains W=1,Pyroxene,Dish Hill Cpx DH-205 76.69 6mil 7-18-94,Dyar, Darby,295
17120602,Simple Oxides,Ilmenite,Ilmenite Ilm 80 #9 Brown U.,Tolke, Leif,300
ehsf10,Insular SiO4 Groups and O, OH, F, and H2O,Staurolite,Holdaway Staurolite ER-70 1mil 10-18-88,Holdaway, Michael,295
nbanbk,Sheets of Six-Membered Rings,Mica,Earley Banby Blank Rxn 10 g-l Biotite 11mil 5-1-92,Earley, Drummond,295
r296bt,Sheets of Six-Membered Rings,Mica,Guidotti Biotite SBG-96 Sebago 49mil 7-1-93,Guidotti, Charles,295
ichca3,Sheets of Six-Membered Rings,Chlorite,Saccocia Chlorite 300degrees celsius 500b,CA 20mil 5-31-90,Saccocia, Peter,295
10090202,Hydroxides and Oxides Containing Hydroxyl,Hydroxide,Goethite, nanophase C1 07-20-10 m.08-23-10,Tosca, Nick,19
04111301,Sheets of Six-Membered Rings,Mica,Biotite Michigan LG-2,Dyar, Darby,295
15082201,N/A,Biogeochemical Mineralogical By-Products,Sully Wet Ferrihydrite FH Control Initial,Holden, Jim,6
07112603,Single-Width Unbranched Chains W=1,Pyroxene,Pyroxene, synthetic En80Fs20 016,Lindsley, Donald,18
ic200,Sheets of Six-Membered Rings,Kaolinite-Serpentine,C-200 O'Hanley Chrysotile 52mil 2-1-90,O'Hanley, David,295
18090801,Double-Width Unbranched Chains W=2,Amphibole,Amphibole Tony Law Q13,Dyar, Darby,295
04061801,Hydrated Acid and Sulfates,Sulfate,Rozenite JB-626-B Iron Mountain <125mm,Dyar, Darby,195
04092201,Insular SiO4 Groups Only,Olivine,Olivine, irradiated sample 2,Bentley, Mark,295
nze87b,N/A,Terrestrial Samples,Zhou E87 Biotite+Olivine 11mil 4-27-92,Zhou, Fuxing,295
20060401,Sheets of Six-Membered Rings,Talc,Gunter Talc #59, USA_MT_Treasure_G1, Univ. of Idaho,Gunter, Mickey,295
17070702,N/A,Biogeochemical Mineralogical By-Products,J2675 SS yellow collected 3-28-13 filtered 6-16-17 stored in freezer,Ross, Laura,220
05110301,Insular SiO4 Groups Only,Olivine,Olivine, synthetic Fa10.5,Nabalek, Peter,40
02071901,Al-Si Frameworks,Scapolite,Scapoliteolite SCA 6101,Cloutis, Edward,295
05030301,Hydrated Acid and Sulfates,Sulfate,Melanterite S77,Dyar, Darby,295
bb4866g,N/A,Terrestrial Samples,(STU) Heavies 1mil 12-7-87,Guidotti, Charles,295
06022501,Anhydrous Sulfates Containing Hydroxyl or Halogen,Alunite,Jarosite, synthetic 19 TOL coating,Dyar, Darby,295
11070802,N/A,Industrial Samples,Coal Fly Ash Sample T Fe6+,Fan, Mahoung,275
06072201,Anhydrous Sulfates Containing Hydroxyl or Halogen,Alunite,Alunite T5 KFe.25Al2.25,Dyar, Darby,295
07122109,Single-Width Unbranched Chains W=1,Pyroxene,Pyroxene, synthetic Wo10Fs90 088,Lindsley, Donald,55
gc83cp,Single-Width Unbranched Chains W=1,Pyroxene,Cima Spinel Perid CPX Ci-1-183 19mil 9-5-89,McGuire, Anne,295
07022302,N/A,Mixtures,Ilmenite + garnet Ra-d75-66 heavies,Guidotti, Charles,295
03111401,Simple Oxides,Oxide,Ferrihydrite JA-499 Iceland,Bishop, Janice,300
08010110,Single-Width Unbranched Chains W=1,Pyroxene,Pyroxene, synthetic Wo30Fs70 085,Lindsley, Donald,295
04030803,Insular SiO4 Groups Only,Olivine,Forsterite standard H131929,Dyar, Darby,210
ib1esp,Multiple Oxides,Multiple Oxide,DH-101-E Spinel Dish Hill 13mil 7-11-90,McGuire, Anne,295
17031601,Insular SiO4 Groups Only,Olivine,Montticellite NMNH 13639, Italy, whole sample not pure but maybe only one Fe bearing phase,Dyar, Darby,45
20080301,N/A,rock,JSC-1A-AGGL,Hendrix, Donald,295
11070702,N/A,Industrial Samples,Coal Fly Ash Sample T Fe6+,Fan, Mahoung,125
h290_k,Al-Si Frameworks,Feldspar,Housely Anorthite Fe3+ 290K,Housely, Robert,295
04071901,Six-Membered Rings,Tourmaline,Tourmaline UE-4,Oyman, Tolga,295
20040901,Sheets of Six-Membered Rings,Talc,Gunter Talc #11, CHI_Haicmen_84, Univ. of Idaho,Gunter, Mickey,295
18011201,N/A,Biogeochemical Mineralogical By-Products,P. delaneyi Lepidocrocite no heat- no cells anoxically dried,Kashyap, Srishti,4
jbalmg,Insular SiO4 Groups Only,Garnet,Brady Almandine Glass 14gm "mix" June 1990 17mil 2-3-91,Brady, John,295
vba16a,Multiple Oxides,Multiple Oxide,Spinel Peridotite Ba1-61 Spinel 44.95 16mil 12-21-94,McGuire, Anne,295
07040301,Single-Width Unbranched Chains W=1,Pyroxene,Pyroxene, synthetic Wo5En66.5Fs28.5 015,Lindsley, Donald,80
15122802,N/A,Biogeochemical Mineralogical By-Products,Sully Wet Ferrihydrite FH C FROZEN,Holden, Jim,80
07122702,Single-Width Unbranched Chains W=1,Pyroxene,Pyroxene, synthetic Wo40En48Fs12 075,Lindsley, Donald,4
18030801,N/A,Terrestrial Samples,Dolerite PRRR-26957 interior,Salvatore, Mark,295
15121501,Simple Oxides,Oxide,Ferrihydrite FH-40-3-A,Dehouck, Erwin,7
07121207,Single-Width Unbranched Chains W=1,Pyroxene,Pyroxene, synthetic Wo40En24Fs36 071,Lindsley, Donald,295
18012403,N/A,Biogeochemical Mineralogical By-Products,P. islandicum Akaganeite no heat-no cells anoxically dried,Kashyap, Srishti,150
12061001,N/A,Biogeochemical Mineralogical By-Products,Sully_4 inoculated + incubated at 92C for 100h past stationary phase  ,Holden, Jim,295
12050701,N/A,Biogeochemical Mineralogical By-Products,Chimney Ba 08-2 4438 8-21-08,Holden, Jim,295
13061701,Al-Si Frameworks,Feldspar,Feldspar, labradorite 1-12 plagioclase,Cheek, Leah,295
12050101,Simple Oxides,Oxide,Magnetite GS152 H2-N2 headgas,Li, Y.-L.,200
15031801,N/A,Industrial Samples,Metal, treated sample#1 heat for 5 min 5% Fe 3+:ZnO,Kittilstved, Kevin,295
12072401,N/A,Biogeochemical Mineralogical By-Products,Sully_4 inoculated + incubated at 92C for 100h past stationary phase  ,Holden, Jim,295
11032901,Simple Oxides,Oxide,Maghemite VI.2 100nm,Nyiro-Kosa, Ilona,275
15021802,Single-Width Unbranched Chains W=1,Pyroxene,Clinopyroxene 05.39H,Barnes, Calvin,295
12061801,N/A,Biogeochemical Mineralogical By-Products,Sully_4 inoculated + incubated at 92C for 100h past stationary phase  ,Holden, Jim,45
11112301,N/A,Fulgurite,Tektite T-2 Luzon, Philippines,Nottke, Tony,295
08052101,Hydrated Acid and Sulfates,Sulfate,Melanterite Locality unknown,Coleman, Max,295
12053001,N/A,Terrestrial Samples,Halemaumau H10-8,McCanta, Molly,295
vci12g,Multiple Oxides,Multiple Oxide, Spinel Perid. Ci-1-25 43.01 Spinel 4mil 11-28-94,McGuire, Anne,295
11030305,Simple Oxides,Oxide,Magnetite I.1 12nm,Nyiro-Kosa, Ilona,200
15060903,N/A,Biogeochemical Mineralogical By-Products,Islandicum NaHCO3 buffer A initial,Holden, Jim,295
13040701,Sulfides, including Selenides and Tellurides,Sulfite,Sphalerite R164122-1 Dundas, Ontario, Canada,Dyar, Darby,130
qrac1b,Sheets of Six-Membered Rings,Mica,Guidotti Muscovite RA-C1-66 zone 4 42mil 11-20-92,Guidotti, Charles,295
07031401,Anhydrous Normal Phosphates, Arsenates, and Vanadates,Phosphate,Triphyllite MDD7 Bavieze Germany,Dyar, Darby,295
07122807,Single-Width Unbranched Chains W=1,Pyroxene,Pyroxene, synthetic Wo50En15Fs35 037,Lindsley, Donald,18
tcw15c,Sheets of Six-Membered Rings,Kaolinite-Serpentine,O'Hanley Chrysotile W15 Chrasb. 111mil 4-21-94,O'Hanley, David,295
07042103,Single-Width Unbranched Chains W=1,Pyroxene,Pyroxene, synthetic Wo50En0Fs50,Lindsley, Donald,225
w4kbh9,Multiple Oxides,Multiple Oxide,Peridotite KBH-94-15 Spinel 103.64 16mil 6-23-95,McGuire, Anne,295
vsp320,Single-Width Unbranched Chains W=1,Pyroxene,Spinel Peridotite H312-1 OPX 43.06 9mil 12-14-94,McGuire, Anne,295
ihw68,Sheets of Six-Membered Rings,Kaolinite-Serpentine,O'Hanley W68 Lizardite 110mil 5-4-90,O'Hanley, David,295
15121302,Simple Oxides,Oxide,Ferrihydrite FH-ini 21 May,Dehouck, Erwin,295
07052604,Single-Width Unbranched Chains W=1,Pyroxene,Pyroxene, synthetic Wo20En64Fs16 017,Lindsley, Donald,295
04082007,Simple Oxides,Oxide,Hematite, synthetic,Dyar, Darby,20
05022801,Anhydrous Sulfates Containing Hydroxyl or Halogen,Sulfate,Romerite 159098-2,Dyar, Darby,295
15032105,N/A,Biogeochemical Mineralogical By-Products,Sully March innoculation time point 6, series A no acetone,Holden, Jim,295
jh92hb,Double-Width Unbranched Chains W=2,Amphibole,H366-92 Hornblende 15mil 2-1-91,Dyar, Darby,295
00032907,Double-Width Unbranched Chains W=2,Amphibole,Dyar Grunerite 1-K   120K  V4 tk webresco 3-29-00,Grant, Christopher,120
07121001,Al-Si Frameworks,Feldspar,Feldspar Bushveld BS10-b,Tegner, Christian,295
06102004,Insular SiO4 Groups Only,Garnet,Garnet andradite Val Malenko,Dyar, Darby,295
07032906,Single-Width Unbranched Chains W=1,Pyroxene,Pyroxene, synthetic Wo8En46Fs46 013,Lindsley, Donald,80
10110104,Simple Oxides,Oxide,Ferrihydrite, nanophase 1GOE 03-2010,Bosch, Julian,250
11050502,N/A,Industrial Samples,Nanoporous FeOOH 20% NHF 180C, NaHCO3 on FeOOH,Fan, Maohong,295
16011201,N/A,Miscellaneous,Window,Dyar, Darby,8
06122107,Sheets of Six-Membered Rings,Smectite,Montmorillonite Swa-1 JB-170,Bishop, Janice,60
12030803,Simple Oxides,Oxide,Ilmenite 14119LD 9-06,Riner, Miriam,130
05081203,Anhydrous Sulfates Containing Hydroxyl or Halogen,Alunite,Jarosite, synthetic 9V heated to 248C,Brophy, Gerald,295
10091403,N/A,Biogeochemical Mineralogical By-Products,Hyperthermus butylicus log growth 8-19-10 mounted dry,Holden, Jim,19
11030801,Simple Oxides,Oxide,Magnetite III.1 70nm,Nyiro-Kosa, Ilona,100
dscspn,Multiple Oxides,Multiple Oxide,Spinel Megacryst SC-M1 9-29-88 1mil,McGuire, Anne,295
02051001,Al-Si Frameworks,Feldspar,Anorthite Fe2+ ,Housely, Robert,150
11110201,N/A,Terrestrial Samples,Sandstone, Caspian Sea PNF 10-3, grey ss, no acetone,Schoonen, Martin,295
11032904,Simple Oxides,Oxide,MaghemiteVI.4 12nm,Nyiro-Kosa, Ilona,8
16012301,N/A,Biogeochemical Mineralogical By-Products,Sully Dry Ferrihydrite FH 0B FROZEN,Holden, Jim,80
16091901,Native Elements and Alloys,Metal,Fe foil  4 mm-s,n/a,295
05120201,Six-Membered Rings,Tourmaline,Schorl, F-rich, MIT-G GRAS2,Ertl, Andreas,295
11120601,N/A,Fulgurite,Moldavite T-10 Czech,Nottke, Tony,295
06121803,Sheets of Six-Membered Rings,Smectite,Nontronite Sampor smectite JB-175 ,Bishop, Janice,45
07121105,Single-Width Unbranched Chains W=1,Pyroxene,Pyroxene, synthetic Wo20En32Fs48 057,Lindsley, Donald,100
02033001,Al-Si Frameworks,Feldspar,Anorthite 57Fe Fe3+ ,Housely, Robert,21
18011501,N/A,Biogeochemical Mineralogical By-Products,P. delaneyi Lepidocrocite heat + cells anoxically dried,Kashyap, Srishti,4
07020602,Sheets of Six-Membered Rings,Chlorite,Clinochlore West Chester, PA,Dyar, Darby,250
14081401,N/A,Glass,Glass, synthetic BAS-4 CO2,McCanta, Molly,295
07091601,Simple Oxides,Oxide,Hematite JB-708 5-10mm particles dry seived,Bishop, Janice,295
15012801,N/A,Terrestrial Samples,Ocean sediment 329-U1366F-3-4-100 BU,Anderson, Chloe,295
02022301,Al-Si Frameworks,Feldspar,Anorthite Fe3+ 57Fe ,Housely, Robert,50
jb6832,Insular SiO4 Groups Only,Garnet,Brady VII (Alm80Pyp20)68 (Spe)32 8mil 2-7-91,Brady, John,295
13041604,Sulfides, including Selenides and Tellurides,Sulfite,Marcasite Waredale, England MHC Collection,Dyar, Darby,4
fgru60,Double-Width Unbranched Chains W=2,Amphibole,Dyar Grunerite 60-80 mesh 4mil 4-17-89,Dyar, Darby,295
15012203,Simple Oxides,Oxide,Magnetite ELL-14-07 El laco ore MUN,Hanchar, John,295
07020601,Sheets of Six-Membered Rings,Chlorite,Clinochlore West Chester, PA,Dyar, Darby,275
04071202,N/A,Terrestrial Samples,Palagonite Soil JB-399-A Haleakala,Bishop, Janice,295
13100801,Unbranched Chains with W>2,Smectite,Saponite, shocked 39.8 Gpa,Michalski, Joe,295
kap483,Sheets of Six-Membered Rings,Mica,AP483 Biotite 8mil 5-5-91,unknown,295
08120504,Simple Oxides,Oxide,Ferrihydrite, dehydrated JB-JLB-821,Bishop, Janice,295
pbmt17,Six-Membered Rings,Tourmaline,BLK MTN pegmatite BMT-17 Pink Tourmaline 28mil 8-22-92,Dyar, Darby,295
07113007,Single-Width Unbranched Chains W=1,Pyroxene,Pyroxene, synthetic Wo20En56Fs24 019,Lindsley, Donald,45
08081201,Hydrated Sulfates Containing Hydroxyl or Halogen,Sulfate,Halotrichite G1616,Dyar, Darby,295
07052206,Double-Width Unbranched Chains W=2,Amphibole,Kaersutite DL-7,Dyar, Darby,295
12030501,Sheets of Six-Membered Rings,Mica,Mica, Ti-rich DH508B,Rider, Milan,4
03110401,Sheets of Six-Membered Rings,Kaolinite-Serpentine,Antigorite JA-562,Bishop, Janice,12
04121801,Insular SiO4 Groups Only,Olivine,Olivine, synthetic Fo10 ,Lindsley, Donald,245
02011801,Double-Width Unbranched Chains W=2,Amphibole,Holmquisite ,Law, Tony,12
09102902,N/A,Hydroxide,Ferrihydrite, Fe Gel, dehydrated,Holden, Jim,18
12072002,N/A,Terrestrial Samples,Halemaumau H10-8,McCanta, Molly,295
v250cp,Single-Width Unbranched Chains W=1,Pyroxene,Spinel Perid. H-312-50 CPX 55.56 8mil 5-12-95,McGuire, Anne,295
15122701,N/A,Biogeochemical Mineralogical By-Products,Sully Wet Ferrihydrite FH C FROZEN,Holden, Jim,220
01102101,Al-Si Frameworks,Feldspar,Anorthite Fe2+,Housely, Robert,295
07121302,Single-Width Unbranched Chains W=1,Pyroxene,Pyroxene, synthetic Wo40En24Fs36 071,Lindsley, Donald,250
jschvt,Sheets of Six-Membered Rings,Chlorite,Saccocia Chlorite Vt-350-500 10mil 10-23-90,Saccocia, Peter,295
15060302,N/A,Meteorite,Meteorite Murray,Hibbitts, Karl,295
13091601,N/A,Miscellaneous,Green Tea C 1Fe: 5GTdisc mount,Oakes, Jacqueline,80
13062502,Sheets of Six-Membered Rings,Kaolinite-Serpentine,Serpentine PHL_PB_1, A. URI,Stander, Amy,295
07040802,Single-Width Unbranched Chains W=1,Pyroxene,Pyroxene, synthetic Wo10En63Fs27 010,Lindsley, Donald,30
16093001,Hydroxides and Oxides Containing Hydroxyl,Hydroxide,Lepidocrocite, synthetic, nanophase LEP052616 freeze dried,Sklute, Elizabeth,10
depolv,Insular SiO4 Groups Only,Olivine,Ep-1-13 Olivine Potrillo Maar, NM 7-27-88,McGuire, Anne,295
11012403,Hydrated Phosphates, Arsenates, and Vanadates containing Hydroxyl or Halogen,Phosphate,Mitridatite DD315,Dyar, Darby,295
04122001,Insular SiO4 Groups Only,Olivine,Olivine, synthetic Fo90 ,Lindsley, Donald,20
13070902,Sheets of Six-Membered Rings,Kaolinite-Serpentine,Serpentine CSWI 27-28 Shoe-B URI,Stander, Amy,295
17060902,Hydroxides and Oxides Containing Hydroxyl,Biogeochemical Mineralogical By-Products,Geobacter Lepidocrocite heat-no cells, filtered then dried anaerobically 6-5-17,Valvur, Helena,295
04040501,Anhydrous Sulfates Containing Hydroxyl or Halogen,Sulfate,Melanterite SPT 130,Cloutis, Edward,195
05082412,Anhydrous Sulfates Containing Hydroxyl or Halogen,Alunite,Jarosite, synthetic 2B heated to 300C,Brophy, Gerald,65
19071601,N/A,Terrestrial Samples,Blood falls sample ES24 air dried sediment mostly sample,Mikucki, Jill,295
15060703,Simple Oxides,Oxide,Hematite MOD22_22 magnetic separates,McEnroe, Suzanne,15
jgrab5,Sheets of Six-Membered Rings,Mica,Guidotti Biotite Ra-b56-66 7 10mil 11-9-90,Guidotti, Charles,295
04081101,Insular SiO4 Groups Only,Olivine,Olivine, synthetic Fo60,Menzies, Olywn,95
08071501,Anhydrous Sulfates Containing Hydroxyl or Halogen,Alunite,Alunite 16802 125mg >125mm,Brophy, Gerald,295
18101701,N/A,Terrestrial Samples,Lake Towuti Sediment RSo266,Sheppard, Rachel,130
06120504,Sheets of Six-Membered Rings,Chlorite,Chlorite, clinochlore West Chester PA,Dyar, Darby,200
07122009,Single-Width Unbranched Chains W=1,Pyroxene,Pyroxene, synthetic Wo10Fs90 088,Lindsley, Donald,225
15090201,N/A,Biogeochemical Mineralogical By-Products,Islandicum 8-15 Dry Ferrihydrite FH Initial Control,Holden, Jim,295
15090302,N/A,Biogeochemical Mineralogical By-Products,Islandicum 8-15 Wet Ferrihydrite FH Initial Control,Holden, Jim,80
bal161a,Sheets of Six-Membered Rings,Mica,Moeller Biotite AL161A  1mil 12-3-87,unknown,295
12022301,Hydroxides and Oxides Containing Hydroxyl,Hydroxide,Goethite 7nm,Tosca, Nick,295
17030602,Insular SiO4 Groups Only,Olivine,Montticellite NMNH 13639, Italy, whole sample not pure but maybe only one Fe bearing phase,Dyar, Darby,315
05121304,Insular SiO4 Groups Only,Olivine,Fayalite, synthetic Fo0,Lindsley, Donald,275
16120401,Insular SiO4 Groups Only,Olivine,Olivine KI-4076 OL+ CPX Fo.5% 22mg,Dyar, Darby,295
19100201,N/A,glass,Lassen Glass, 83mg,Dyar, Darby,295
06080703,Insular SiO4 Groups Only,Garnet,Garnet WGR-IR,Taran, Michail,295
11090902,N/A,Terrestrial Samples,Oil sand, MC<2,Osacky, Marek,4
05111101,Simple Oxides,Oxide,Goethite, reduced JB-438 reduced JB-54,Bishop, Janice,12.9
05103003,Insular SiO4 Groups Only,Olivine,Olivine, synthetic Fa10.5,Nabalek, Peter,293
18062901,N/A,Biogeochemical Mineralogical By-Products,Ice Mamba M1-1 Blood Falls culture, no cells, ferrihydrite, anoxically dried ,Mickuchi, Jill,295
06120501,Sheets of Six-Membered Rings,Chlorite,Chlorite, clinochlore West Chester PA,Dyar, Darby,275
12121001,N/A,Biogeochemical Mineralogical By-Products,Chimney, Cauldron Cd08 4450 9-2-02,Holden, Jim,295
15081602,N/A,Biogeochemical Mineralogical By-Products,Sully 7-15 Wet Ferrihydrite FH Control initial ,Holden, Jim,80
10101401,N/A,Biogeochemical Mineralogical By-Products,Chimney Ba 08-1 4438 8-21-08,Holden, Jim,295
13032701,N/A,Biogeochemical Mineralogical By-Products,Sully_3 10-02-12  ,Holden, Jim,100
14110401,N/A,Terrestrial Samples,Core U1424A 4-1-145 WHOI,Gosan, Liviu,295
07040103,Single-Width Unbranched Chains W=1,Pyroxene,Pyroxene, synthetic Wo5En66.5Fs28.5 015,Lindsley, Donald,200
18050602,N/A,Biogeochemical Mineralogical By-Products,P. islandicum Ferrihydrite heat-no cells anoxically dried ,Kashyap, Srishti,150
16042301,N/A,Glass,Glass, synthetic BLK+2,Cannon, Kevin,295
r2hf17,Sheets of Six-Membered Rings,Mica,Zhou Annite F-17 22mil 4-28-93,Zhou, Fuxing,295
03081001,Simple Oxides,Oxide,Ferrihydrite, synthetic JB-46 (RBG-Sherman) <45mm ,Bishop, Janice,30
07071501,N/A,Terrestrial Samples,Jaspilite, red N5E Mine,Thomson, Bradley,295
15120202,Hydroxides and Oxides Containing Hydroxyl,Hydroxide,Goethite, synthetic, nanophase GOET011515,Sklute, Elizabeth,80
07022703,Hydrated Normal Phosphates, Arsenates, and Vanadates,Phosphate,Baricite MDD11 Corr Cut Creek, Rapid Cree, Yukon, Canada,Dyar, Darby,295
06070801,Insular SiO4 Groups and O, OH, F, and H2O,Titanite,Titanite, green,King, Penny,295
07112407,Single-Width Unbranched Chains W=1,Pyroxene,Pyroxene, synthetic En80Fs20 004,Lindsley, Donald,250
05110302,Insular SiO4 Groups Only,Olivine,Olivine, synthetic Fa10.5,Nabalek, Peter,30
05121305,Insular SiO4 Groups Only,Olivine,Fayalite, synthetic Fo0,Lindsley, Donald,250
15020101,N/A,Terrestrial Samples,Ocean sediment 329-U1366F-3-4-100 BU,Anderson, Chloe,295
13032501,N/A,Biogeochemical Mineralogical By-Products,Sully_3 10-02-12  ,Holden, Jim,60
fchhv4,Sheets of Six-Membered Rings,Chlorite,Hunt Valley Chlorite HV-4 2mil 2-24-89,Lang, Helen,295
05103102,Insular SiO4 Groups Only,Olivine,Olivine, synthetic Fa10.5,Nabalek, Peter,220
12052201,Hydroxides and Oxides Containing Hydroxyl,Hydroxide,Schwertmannite, synthetic JB-131 <125mm,Bishop, Janice,45
20013001,Sheets of Six-Membered Rings,Talc,Gunter Talc #7, AUSTRIA_Lassing_Styria, Univ. of Idaho,Gunter, Mickey,295
05101803,Hydrated Sulfates Containing Hydroxyl or Halogen,Sulfate,Copiapite SPT 125 dry,Cloutis, Edward,150
02051301,Al-Si Frameworks,Feldspar,Anorthite Fe2+ ,Housely, Robert,150
09050401,Simple Oxides,Oxide,Ferrihydrite 1 DB B+1 20,Estes, Emily,295
09081001,N/A,Terrestrial Samples,Basalt Mid-Atlantic Ridge 128-3,Reynolds, Valerie,295
15081802,N/A,Biogeochemical Mineralogical By-Products,Sully 7-15 Dry Ferrihydrite FH Final A ,Holden, Jim,80
06102101,Insular SiO4 Groups Only,Olivine,Fayalite, synthetic Fo0,Lindsley, Donald,295
13040101,N/A,Biogeochemical Mineralogical By-Products,Sully_3 10-02-12  ,Holden, Jim,295
mh274h,Double-Width Unbranched Chains W=2,Amphibole,Coleman Hornblende #H274 10mil 11-4-91,Cooper, Robert,295
15040603,N/A,Terrestrial Samples,Core U1425B 1-3-132 WHOI,Gosan, Liviu,250
17060803,Hydroxides and Oxides Containing Hydroxyl,Biogeochemical Mineralogical By-Products,Geobacter Lepidocrocite heat-no cells, filtered then dried anaerobically 6-5-17,Valvur, Helena,150
03110601,Sheets of Six-Membered Rings,Kaolinite-Serpentine,Antigorite JA-563,Bishop, Janice,12
fbshbl,Double-Width Unbranched Chains W=2,Amphibole,Dish Hill Ba-2-1 Selvage Hornblende 1mil 5-11-89,McGuire, Anne,295
07122203,Single-Width Unbranched Chains W=1,Pyroxene,Pyroxene, synthetic Wo20En40Fs40 051,Lindsley, Donald,175
06121002,Sheets of Six-Membered Rings,Mica,Zinnwaldite ZW-C GIT-IWG,Dyar, Darby,125
11022601,Al-Si Frameworks,Feldspar,Feldspar, plagioclase PL-15,Cheek, Leah,8
05101104,Native Elements and Alloys,Metal,Fe foil  12 mm-s,n/a,235
07042503,Insular SiO4 Groups Only,Olivine,Olivine, synthetic Fo89.5 New,Lindsley, Donald,60
08010402,Single-Width Unbranched Chains W=1,Pyroxene,Pyroxene, synthetic Wo15En21.3Fs63.8 050,Lindsley, Donald,295
kzz7bi,Sheets of Six-Membered Rings,Mica,Zhou Z7 Biotite 6mil 6-22-91,Zhou, Fuxing,295
01011601,Double-Width Unbranched Chains W=2,Amphibole,Hornblende HNB-9,Qunke,295
12081702,Sheets of Six-Membered Rings,Clay,Clay VA22 639-640,Michalski, Joe,295
06062601,Single-Width Unbranched Chains W=1,Pyroxene,Pyroxene, shocked MPX8,McCanta, Molly,295
13041105,Hydroxides and Oxides Containing Hydroxyl,Hydroxide,Schwertmannite VZO 119-120 Nagyborzsony, Hungary,Bishop, Janice,175
05111601,Insular SiO4 Groups Only,Olivine,Olivine, synthetic Fo70 Hartzman,Lindsley, Donald,40
05021101,N/A,Fulgurite,Fulgurite Sugarland TX glass,Sheffer, Abigail,295
l3d80c,Sheets of Six-Membered Rings,Chlorite,Guidotti Zone 3 Ra-d80-66 chlorite 11mil 10-7-91,Guidotti, Charles,295
08121301,Hydrated Sulfates Containing Hydroxyl or Halogen,Sulfate,Copiapite MAC-11 JB-838,Bishop, Janice,295
04121902,Insular SiO4 Groups Only,Olivine,Olivine, synthetic Fo90 ,Lindsley, Donald,12
15022201,Single-Width Unbranched Chains W=1,Pyroxene,Clinopyroxene 05.30H,Barnes, Calvin,295
03051601,Simple Oxides,Oxide,Hemo-ilmenite 004-3 ,McEnroe, Suzanne,12
10111603,N/A,Biogeochemical Mineralogical By-Products,Islandicum inoculated 11-08-2010,Holden, Jim,175
07122905,Single-Width Unbranched Chains W=1,Pyroxene,Pyroxene, synthetic Wo30En28Fs42 068,Lindsley, Donald,225
16122901,Six-Membered Rings,Beryl,Beryl, synthetic Fe-4-51,Taran, Michail,295
12060701,N/A,Terrestrial Samples,Halemaumau H10-4 interior 50 mg dry,McCanta, Molly,295
06101204,Anhydrous Sulfates Containing Hydroxyl or Halogen,Alunite,Natrojarosite #4 UC Davis,Bishop, Janice,295
07042402,Insular SiO4 Groups Only,Olivine,Olivine, synthetic Fo89.5 New,Lindsley, Donald,200
03062803,Simple Oxides,Oxide,Hematite, synthetic ,Dyar, Darby,25
02061501,Anhydrous Sulfates Containing Hydroxyl or Halogen,Sulfate,Sideronatrite SPT 123,Cloutis, Edward,295
20010301,N/A,Terrestrial Samples,DLR Gneiss.000 Trocken <63um, 225mg,Dyar, Darby,295
21022702,N/A,Terrestrial Samples,AX17 grown on Lepidocrocite 3 no heat - no cells,Elizabeth Sklute,150
21030201,N/A,Terrestrial Samples,AX17 grown on Lepidocrocite 3 no heat - no cells,Elizabeth Sklute,4
21030101,N/A,Terrestrial Samples,AX17 grown on Lepidocrocite 3 no heat - no cells,Elizabeth Sklute,80
21022801,N/A,Terrestrial Samples,AX17 grown on Lepidocrocite 3 no heat - no cells,Elizabeth Sklute,295
01082901,N/A,Meteorite,Meteorite 77270 chondrite,Bland, Phil,295
21062502,Double-Width Unbranched Chains W=2,Amphibole,HASTZ-6m1 SUNY Bing,Matteucci, Jared,295
21062501,Double-Width Unbranched Chains W=2,Amphibole,HASTZ-2m2 SUNY Bing,Matteucci, Jared,295
21062601,Double-Width Unbranched Chains W=2,Amphibole,HASTZ-12m1 SUNY Bing,Matteucci, Jared,295
21062801,Double-Width Unbranched Chains W=2,Amphibole,HAST PFS-3K700 SUNY Bing,Matteucci, Jared,295
